time,temperature_2m_max,temperature_2m_min,precipitation_sum,city
2016-01-01,14.6,9.0,0.7,Cairo
2016-01-02,14.7,6.9,0.0,Cairo
2016-01-03,17.1,6.8,0.0,Cairo
2016-01-04,19.5,8.1,0.0,Cairo
2016-01-05,20.8,8.6,0.0,Cairo
2016-01-06,23.0,9.8,0.0,Cairo
2016-01-07,22.0,11.9,0.1,Cairo
2016-01-08,19.3,11.5,0.0,Cairo
2016-01-09,20.2,12.4,0.0,Cairo
2016-01-10,20.9,9.0,0.0,Cairo
2016-01-11,21.5,7.4,0.0,Cairo
2016-01-12,21.8,8.8,0.0,Cairo
2016-01-13,21.9,6.9,0.0,Cairo
2016-01-14,21.1,9.0,0.0,Cairo
2016-01-15,19.5,11.4,0.0,Cairo
2016-01-16,20.2,6.9,0.0,Cairo
2016-01-17,21.4,7.5,0.0,Cairo
2016-01-18,16.2,8.3,0.0,Cairo
2016-01-19,16.2,7.7,0.0,Cairo
2016-01-20,17.9,8.4,0.0,Cairo
2016-01-21,19.6,8.3,0.0,Cairo
2016-01-22,19.2,6.4,0.0,Cairo
2016-01-23,18.0,9.0,0.0,Cairo
2016-01-24,14.1,7.9,0.1,Cairo
2016-01-25,13.3,6.2,0.2,Cairo
2016-01-26,13.4,3.8,0.8,Cairo
2016-01-27,12.2,5.4,3.5,Cairo
2016-01-28,14.1,3.7,0.0,Cairo
2016-01-29,16.7,4.2,0.0,Cairo
2016-01-30,18.5,3.9,0.0,Cairo
2016-01-31,19.0,9.4,0.0,Cairo
2016-02-01,19.6,8.3,0.0,Cairo
2016-02-02,20.2,9.3,0.0,Cairo
2016-02-03,21.6,8.2,0.0,Cairo
2016-02-04,24.8,8.5,0.0,Cairo
2016-02-05,20.9,8.3,0.0,Cairo
2016-02-06,17.7,9.7,0.0,Cairo
2016-02-07,15.1,9.4,0.0,Cairo
2016-02-08,15.7,8.6,0.0,Cairo
2016-02-09,18.4,7.2,0.0,Cairo
2016-02-10,18.5,8.0,0.0,Cairo
2016-02-11,20.1,4.6,0.0,Cairo
2016-02-12,23.1,6.5,0.0,Cairo
2016-02-13,25.0,9.1,0.0,Cairo
2016-02-14,27.4,8.4,0.0,Cairo
2016-02-15,29.5,13.1,0.0,Cairo
2016-02-16,30.5,14.3,0.0,Cairo
2016-02-17,31.6,14.2,0.0,Cairo
2016-02-18,31.6,14.6,0.0,Cairo
2016-02-19,26.7,15.9,0.0,Cairo
2016-02-20,24.5,12.2,0.0,Cairo
2016-02-21,20.1,11.9,0.3,Cairo
2016-02-22,20.6,13.0,0.0,Cairo
2016-02-23,21.5,8.7,0.0,Cairo
2016-02-24,24.7,8.0,0.0,Cairo
2016-02-25,27.3,9.3,0.0,Cairo
2016-02-26,28.2,10.9,0.0,Cairo
2016-02-27,24.8,12.4,0.0,Cairo
2016-02-28,26.0,10.7,0.0,Cairo
2016-02-29,31.0,12.5,0.0,Cairo
2016-03-01,33.6,15.4,0.0,Cairo
2016-03-02,31.6,15.0,0.0,Cairo
2016-03-03,22.1,12.2,0.4,Cairo
2016-03-04,23.7,9.0,0.0,Cairo
2016-03-05,25.7,9.7,0.0,Cairo
2016-03-06,23.5,10.0,0.0,Cairo
2016-03-07,24.5,9.4,0.0,Cairo
2016-03-08,27.6,10.4,0.0,Cairo
2016-03-09,31.4,15.4,0.0,Cairo
2016-03-10,27.3,11.7,0.0,Cairo
2016-03-11,28.3,14.8,0.0,Cairo
2016-03-12,28.5,17.9,0.0,Cairo
2016-03-13,32.8,20.1,0.1,Cairo
2016-03-14,25.6,14.8,0.0,Cairo
2016-03-15,22.5,13.2,0.0,Cairo
2016-03-16,21.9,10.7,0.0,Cairo
2016-03-17,22.7,10.8,0.0,Cairo
2016-03-18,24.4,9.0,0.0,Cairo
2016-03-19,31.3,12.5,0.0,Cairo
2016-03-20,22.5,13.1,0.0,Cairo
2016-03-21,23.3,10.5,0.0,Cairo
2016-03-22,24.7,9.8,0.0,Cairo
2016-03-23,30.7,10.4,0.0,Cairo
2016-03-24,31.9,18.6,0.0,Cairo
2016-03-25,28.3,17.2,0.0,Cairo
2016-03-26,26.5,18.1,2.4,Cairo
2016-03-27,22.4,13.8,0.0,Cairo
2016-03-28,20.5,11.0,0.0,Cairo
2016-03-29,23.1,10.0,0.0,Cairo
2016-03-30,23.8,8.7,0.0,Cairo
2016-03-31,25.9,10.7,0.0,Cairo
2016-04-01,28.1,11.6,0.0,Cairo
2016-04-02,30.2,13.2,0.0,Cairo
2016-04-03,30.0,12.6,0.0,Cairo
2016-04-04,30.1,12.1,0.0,Cairo
2016-04-05,30.7,15.7,0.0,Cairo
2016-04-06,31.4,14.9,0.0,Cairo
2016-04-07,34.5,15.6,0.0,Cairo
2016-04-08,39.4,19.6,0.0,Cairo
2016-04-09,40.5,25.0,0.0,Cairo
2016-04-10,32.0,19.4,0.0,Cairo
2016-04-11,29.4,16.1,0.0,Cairo
2016-04-12,24.2,12.9,0.0,Cairo
2016-04-13,24.1,13.9,0.0,Cairo
2016-04-14,27.3,14.8,0.0,Cairo
2016-04-15,31.2,14.0,0.0,Cairo
2016-04-16,34.6,15.8,0.0,Cairo
2016-04-17,34.5,17.0,0.0,Cairo
2016-04-18,31.8,14.0,0.0,Cairo
2016-04-19,33.2,14.9,0.0,Cairo
2016-04-20,35.4,15.8,0.0,Cairo
2016-04-21,37.2,16.5,0.0,Cairo
2016-04-22,35.3,17.1,0.0,Cairo
2016-04-23,34.5,16.5,0.0,Cairo
2016-04-24,39.1,18.7,0.0,Cairo
2016-04-25,34.8,19.2,0.0,Cairo
2016-04-26,40.3,19.5,0.0,Cairo
2016-04-27,29.6,16.7,0.0,Cairo
2016-04-28,28.9,13.7,0.0,Cairo
2016-04-29,30.8,13.8,0.0,Cairo
2016-04-30,35.5,16.1,0.0,Cairo
2016-05-01,34.0,18.8,0.0,Cairo
2016-05-02,34.8,15.3,0.0,Cairo
2016-05-03,38.6,21.0,0.0,Cairo
2016-05-04,28.7,17.1,0.0,Cairo
2016-05-05,30.9,16.2,0.0,Cairo
2016-05-06,27.2,15.3,0.0,Cairo
2016-05-07,28.4,15.9,0.0,Cairo
2016-05-08,31.5,16.3,0.0,Cairo
2016-05-09,36.3,19.0,0.0,Cairo
2016-05-10,33.8,18.3,0.0,Cairo
2016-05-11,31.3,15.8,0.0,Cairo
2016-05-12,33.3,15.1,0.0,Cairo
2016-05-13,37.9,19.2,0.0,Cairo
2016-05-14,43.0,25.1,0.0,Cairo
2016-05-15,44.6,29.2,0.0,Cairo
2016-05-16,40.9,24.5,0.0,Cairo
2016-05-17,34.9,20.6,0.0,Cairo
2016-05-18,30.5,17.7,0.0,Cairo
2016-05-19,30.1,15.5,0.0,Cairo
2016-05-20,31.5,15.7,0.0,Cairo
2016-05-21,34.9,17.8,0.0,Cairo
2016-05-22,38.6,21.0,0.0,Cairo
2016-05-23,29.2,17.0,0.0,Cairo
2016-05-24,29.9,15.6,0.0,Cairo
2016-05-25,33.5,15.1,0.0,Cairo
2016-05-26,32.9,21.2,0.0,Cairo
2016-05-27,30.5,15.8,0.0,Cairo
2016-05-28,30.3,16.7,0.0,Cairo
2016-05-29,31.3,16.3,0.0,Cairo
2016-05-30,33.6,16.5,0.0,Cairo
2016-05-31,37.1,18.7,0.0,Cairo
2016-06-01,41.7,22.0,0.0,Cairo
2016-06-02,40.9,21.8,0.0,Cairo
2016-06-03,44.3,23.5,0.0,Cairo
2016-06-04,45.1,24.6,0.1,Cairo
2016-06-05,39.1,23.1,0.0,Cairo
2016-06-06,37.8,19.9,0.0,Cairo
2016-06-07,42.0,22.3,0.0,Cairo
2016-06-08,38.3,23.6,0.0,Cairo
2016-06-09,32.9,19.7,0.0,Cairo
2016-06-10,32.7,18.8,0.0,Cairo
2016-06-11,35.5,19.4,0.0,Cairo
2016-06-12,39.2,23.2,0.0,Cairo
2016-06-13,38.7,21.5,0.0,Cairo
2016-06-14,41.2,20.6,0.0,Cairo
2016-06-15,37.4,24.3,0.0,Cairo
2016-06-16,35.1,19.4,0.0,Cairo
2016-06-17,37.0,18.9,0.0,Cairo
2016-06-18,37.7,20.0,0.0,Cairo
2016-06-19,38.3,20.8,0.0,Cairo
2016-06-20,38.7,21.0,0.0,Cairo
2016-06-21,39.8,21.8,0.0,Cairo
2016-06-22,39.5,21.9,0.0,Cairo
2016-06-23,39.8,22.9,0.0,Cairo
2016-06-24,38.4,22.3,0.0,Cairo
2016-06-25,39.5,22.4,0.0,Cairo
2016-06-26,39.9,22.4,0.0,Cairo
2016-06-27,36.0,23.1,0.0,Cairo
2016-06-28,35.9,21.8,0.0,Cairo
2016-06-29,37.9,21.6,0.0,Cairo
2016-06-30,36.9,22.4,0.0,Cairo
2016-07-01,35.6,21.9,0.0,Cairo
2016-07-02,36.8,22.2,0.0,Cairo
2016-07-03,36.7,21.3,0.0,Cairo
2016-07-04,36.7,21.6,0.0,Cairo
2016-07-05,35.8,22.5,0.0,Cairo
2016-07-06,38.2,23.0,0.0,Cairo
2016-07-07,37.6,23.1,0.0,Cairo
2016-07-08,36.3,22.8,0.0,Cairo
2016-07-09,36.6,21.6,0.0,Cairo
2016-07-10,37.7,22.7,0.0,Cairo
2016-07-11,37.4,21.5,0.0,Cairo
2016-07-12,37.6,22.0,0.0,Cairo
2016-07-13,38.3,23.2,0.0,Cairo
2016-07-14,38.0,22.6,0.0,Cairo
2016-07-15,38.4,22.5,0.0,Cairo
2016-07-16,38.3,22.1,0.0,Cairo
2016-07-17,37.3,23.1,0.0,Cairo
2016-07-18,34.6,21.3,0.0,Cairo
2016-07-19,35.3,21.0,0.0,Cairo
2016-07-20,35.6,21.9,0.0,Cairo
2016-07-21,37.6,22.9,0.0,Cairo
2016-07-22,36.3,23.2,0.0,Cairo
2016-07-23,35.6,21.0,0.0,Cairo
2016-07-24,36.9,20.7,0.0,Cairo
2016-07-25,38.8,21.4,0.0,Cairo
2016-07-26,38.4,22.1,0.0,Cairo
2016-07-27,37.1,22.3,0.0,Cairo
2016-07-28,36.5,21.9,0.0,Cairo
2016-07-29,36.3,23.0,0.0,Cairo
2016-07-30,36.1,22.3,0.0,Cairo
2016-07-31,36.3,21.2,0.0,Cairo
2016-08-01,37.8,23.4,0.0,Cairo
2016-08-02,38.1,23.1,0.0,Cairo
2016-08-03,36.9,22.1,0.0,Cairo
2016-08-04,37.7,21.4,0.0,Cairo
2016-08-05,38.1,21.9,0.0,Cairo
2016-08-06,38.6,22.9,0.0,Cairo
2016-08-07,37.1,22.3,0.0,Cairo
2016-08-08,36.6,22.2,0.0,Cairo
2016-08-09,36.9,23.0,0.0,Cairo
2016-08-10,35.1,21.6,0.0,Cairo
2016-08-11,35.1,22.2,0.0,Cairo
2016-08-12,36.2,22.6,0.0,Cairo
2016-08-13,37.0,22.4,0.0,Cairo
2016-08-14,37.9,22.8,0.0,Cairo
2016-08-15,35.5,22.8,0.0,Cairo
2016-08-16,34.4,22.0,0.0,Cairo
2016-08-17,35.6,21.4,0.0,Cairo
2016-08-18,37.6,21.6,0.0,Cairo
2016-08-19,36.6,19.9,0.0,Cairo
2016-08-20,36.1,20.8,0.0,Cairo
2016-08-21,36.6,20.9,0.0,Cairo
2016-08-22,36.3,21.3,0.0,Cairo
2016-08-23,36.4,22.3,0.0,Cairo
2016-08-24,37.1,21.6,0.0,Cairo
2016-08-25,36.6,21.5,0.0,Cairo
2016-08-26,37.0,20.2,0.0,Cairo
2016-08-27,36.4,22.0,0.0,Cairo
2016-08-28,35.6,21.2,0.0,Cairo
2016-08-29,34.9,21.6,0.0,Cairo
2016-08-30,34.3,21.1,0.0,Cairo
2016-08-31,34.6,21.3,0.0,Cairo
2016-09-01,35.0,21.9,0.0,Cairo
2016-09-02,36.3,22.5,0.0,Cairo
2016-09-03,34.8,21.3,0.0,Cairo
2016-09-04,35.6,21.5,0.0,Cairo
2016-09-05,35.4,22.7,0.0,Cairo
2016-09-06,34.8,21.9,0.0,Cairo
2016-09-07,34.3,20.0,0.0,Cairo
2016-09-08,34.1,18.7,0.0,Cairo
2016-09-09,36.8,19.3,0.0,Cairo
2016-09-10,39.1,20.8,0.0,Cairo
2016-09-11,38.3,21.5,0.0,Cairo
2016-09-12,35.1,23.1,0.0,Cairo
2016-09-13,33.9,20.6,0.0,Cairo
2016-09-14,36.1,20.7,0.0,Cairo
2016-09-15,36.1,23.0,0.0,Cairo
2016-09-16,33.7,21.9,0.0,Cairo
2016-09-17,33.9,20.4,0.0,Cairo
2016-09-18,34.4,20.4,0.0,Cairo
2016-09-19,35.6,18.9,0.0,Cairo
2016-09-20,37.7,20.4,0.0,Cairo
2016-09-21,40.5,22.1,0.0,Cairo
2016-09-22,34.6,22.3,0.0,Cairo
2016-09-23,33.0,21.3,0.0,Cairo
2016-09-24,32.3,20.7,0.0,Cairo
2016-09-25,31.8,20.3,0.0,Cairo
2016-09-26,30.9,18.2,0.0,Cairo
2016-09-27,31.0,19.6,0.0,Cairo
2016-09-28,32.1,18.1,0.0,Cairo
2016-09-29,32.2,18.7,0.0,Cairo
2016-09-30,33.2,18.8,0.0,Cairo
2016-10-01,33.5,18.0,0.0,Cairo
2016-10-02,35.5,20.0,0.0,Cairo
2016-10-03,35.8,19.7,0.0,Cairo
2016-10-04,33.3,19.0,0.0,Cairo
2016-10-05,32.1,18.9,0.0,Cairo
2016-10-06,31.8,19.2,0.0,Cairo
2016-10-07,31.2,18.5,0.0,Cairo
2016-10-08,32.2,17.6,0.0,Cairo
2016-10-09,35.5,17.8,0.0,Cairo
2016-10-10,32.2,20.3,0.0,Cairo
2016-10-11,33.2,17.6,0.0,Cairo
2016-10-12,35.5,19.5,0.0,Cairo
2016-10-13,35.1,19.7,0.0,Cairo
2016-10-14,33.7,20.2,0.0,Cairo
2016-10-15,30.6,19.5,0.0,Cairo
2016-10-16,30.8,17.8,0.0,Cairo
2016-10-17,31.7,19.1,0.0,Cairo
2016-10-18,31.2,16.8,0.0,Cairo
2016-10-19,28.7,17.1,0.0,Cairo
2016-10-20,28.6,16.8,0.0,Cairo
2016-10-21,28.5,19.1,0.0,Cairo
2016-10-22,29.5,16.3,0.0,Cairo
2016-10-23,30.4,18.1,0.0,Cairo
2016-10-24,31.1,17.9,0.0,Cairo
2016-10-25,28.3,19.0,0.0,Cairo
2016-10-26,30.2,20.5,0.0,Cairo
2016-10-27,30.3,18.6,0.0,Cairo
2016-10-28,29.8,18.9,0.0,Cairo
2016-10-29,29.6,20.5,0.0,Cairo
2016-10-30,29.3,19.9,0.0,Cairo
2016-10-31,28.4,18.0,0.0,Cairo
2016-11-01,27.1,15.8,0.0,Cairo
2016-11-02,25.8,16.2,0.0,Cairo
2016-11-03,25.5,14.0,0.0,Cairo
2016-11-04,26.5,16.1,0.0,Cairo
2016-11-05,26.1,13.7,0.0,Cairo
2016-11-06,27.0,13.8,0.0,Cairo
2016-11-07,27.4,15.2,0.0,Cairo
2016-11-08,28.4,15.0,0.0,Cairo
2016-11-09,31.1,14.0,0.0,Cairo
2016-11-10,29.2,16.8,0.0,Cairo
2016-11-11,27.3,16.3,0.0,Cairo
2016-11-12,28.5,17.1,0.0,Cairo
2016-11-13,27.5,16.3,0.0,Cairo
2016-11-14,27.6,17.7,0.0,Cairo
2016-11-15,26.7,17.5,0.0,Cairo
2016-11-16,24.6,14.9,0.0,Cairo
2016-11-17,22.6,14.2,0.0,Cairo
2016-11-18,24.3,11.6,0.0,Cairo
2016-11-19,25.8,15.5,0.0,Cairo
2016-11-20,25.5,14.3,0.0,Cairo
2016-11-21,27.6,13.1,0.0,Cairo
2016-11-22,28.0,15.4,0.0,Cairo
2016-11-23,27.7,13.7,0.0,Cairo
2016-11-24,25.1,13.1,0.0,Cairo
2016-11-25,23.7,10.4,0.0,Cairo
2016-11-26,22.2,8.6,0.0,Cairo
2016-11-27,23.1,8.0,0.0,Cairo
2016-11-28,24.0,8.2,0.0,Cairo
2016-11-29,24.3,13.5,0.0,Cairo
2016-11-30,24.1,16.1,0.3,Cairo
2016-12-01,18.2,12.4,2.4,Cairo
2016-12-02,18.5,10.4,0.0,Cairo
2016-12-03,21.3,8.9,0.0,Cairo
2016-12-04,22.2,9.5,0.0,Cairo
2016-12-05,22.9,10.4,0.0,Cairo
2016-12-06,22.6,11.8,0.0,Cairo
2016-12-07,23.3,11.3,0.0,Cairo
2016-12-08,22.6,11.5,0.0,Cairo
2016-12-09,20.5,11.6,0.0,Cairo
2016-12-10,20.1,9.1,0.0,Cairo
2016-12-11,20.5,9.8,0.0,Cairo
2016-12-12,20.8,10.4,0.0,Cairo
2016-12-13,21.8,9.8,0.0,Cairo
2016-12-14,18.2,13.1,0.0,Cairo
2016-12-15,18.4,10.9,0.0,Cairo
2016-12-16,18.7,8.6,0.0,Cairo
2016-12-17,20.5,10.2,0.0,Cairo
2016-12-18,20.0,9.2,0.0,Cairo
2016-12-19,18.7,9.2,0.0,Cairo
2016-12-20,17.8,7.2,0.0,Cairo
2016-12-21,18.0,6.7,0.0,Cairo
2016-12-22,17.8,8.4,0.8,Cairo
2016-12-23,17.2,7.8,0.0,Cairo
2016-12-24,16.6,6.8,0.0,Cairo
2016-12-25,16.6,6.2,0.0,Cairo
2016-12-26,18.3,7.7,0.0,Cairo
2016-12-27,17.1,9.5,0.0,Cairo
2016-12-28,17.2,6.2,0.0,Cairo
2016-12-29,18.3,8.8,0.0,Cairo
2016-12-30,17.5,5.7,0.0,Cairo
2016-12-31,16.0,5.5,0.0,Cairo
2017-01-01,16.6,6.8,0.0,Cairo
2017-01-02,16.9,4.3,0.0,Cairo
2017-01-03,17.5,6.6,0.0,Cairo
2017-01-04,18.2,7.3,0.0,Cairo
2017-01-05,18.8,6.1,0.0,Cairo
2017-01-06,19.5,4.8,0.0,Cairo
2017-01-07,17.4,6.5,0.0,Cairo
2017-01-08,15.7,8.2,0.0,Cairo
2017-01-09,14.6,6.3,0.0,Cairo
2017-01-10,16.2,5.3,0.0,Cairo
2017-01-11,18.6,3.8,0.0,Cairo
2017-01-12,19.6,7.3,0.0,Cairo
2017-01-13,19.2,7.2,0.0,Cairo
2017-01-14,17.6,10.6,1.4,Cairo
2017-01-15,19.7,8.5,0.0,Cairo
2017-01-16,20.0,8.9,0.0,Cairo
2017-01-17,21.3,8.3,0.0,Cairo
2017-01-18,20.2,7.8,0.0,Cairo
2017-01-19,20.3,7.2,0.0,Cairo
2017-01-20,19.9,9.3,0.0,Cairo
2017-01-21,19.6,7.8,0.0,Cairo
2017-01-22,18.8,6.5,0.0,Cairo
2017-01-23,19.4,9.3,0.0,Cairo
2017-01-24,24.9,7.3,0.1,Cairo
2017-01-25,20.9,13.4,2.1,Cairo
2017-01-26,18.9,9.7,0.0,Cairo
2017-01-27,16.7,9.0,0.2,Cairo
2017-01-28,15.8,9.5,0.0,Cairo
2017-01-29,17.0,10.1,0.0,Cairo
2017-01-30,16.5,5.2,0.0,Cairo
2017-01-31,17.7,7.0,0.0,Cairo
2017-02-01,17.8,7.6,0.2,Cairo
2017-02-02,17.8,6.9,0.0,Cairo
2017-02-03,18.3,6.6,0.0,Cairo
2017-02-04,19.7,7.4,0.0,Cairo
2017-02-05,20.2,8.1,0.0,Cairo
2017-02-06,21.0,7.8,0.0,Cairo
2017-02-07,25.2,9.8,0.0,Cairo
2017-02-08,21.9,9.6,0.0,Cairo
2017-02-09,21.5,9.1,0.0,Cairo
2017-02-10,21.8,8.3,0.0,Cairo
2017-02-11,21.7,8.8,0.0,Cairo
2017-02-12,20.5,8.5,0.0,Cairo
2017-02-13,20.2,11.0,0.0,Cairo
2017-02-14,15.7,8.9,0.8,Cairo
2017-02-15,16.6,8.5,0.1,Cairo
2017-02-16,14.6,9.3,1.9,Cairo
2017-02-17,17.4,5.7,0.0,Cairo
2017-02-18,17.3,5.6,0.0,Cairo
2017-02-19,19.8,6.4,0.0,Cairo
2017-02-20,20.8,7.2,0.0,Cairo
2017-02-21,20.9,7.9,0.0,Cairo
2017-02-22,19.2,8.9,1.2,Cairo
2017-02-23,21.1,7.6,0.0,Cairo
2017-02-24,22.4,9.6,0.0,Cairo
2017-02-25,23.3,10.2,0.0,Cairo
2017-02-26,24.3,11.3,0.0,Cairo
2017-02-27,26.3,11.4,0.0,Cairo
2017-02-28,27.0,13.0,0.1,Cairo
2017-03-01,25.2,12.0,0.0,Cairo
2017-03-02,22.9,12.9,0.0,Cairo
2017-03-03,21.2,12.3,0.0,Cairo
2017-03-04,22.6,9.1,0.0,Cairo
2017-03-05,23.5,11.1,0.0,Cairo
2017-03-06,24.4,10.5,0.0,Cairo
2017-03-07,22.4,12.9,0.0,Cairo
2017-03-08,28.1,10.7,0.0,Cairo
2017-03-09,25.7,16.4,0.0,Cairo
2017-03-10,23.1,13.6,0.4,Cairo
2017-03-11,22.4,13.8,0.1,Cairo
2017-03-12,22.2,16.6,0.0,Cairo
2017-03-13,22.4,11.4,0.0,Cairo
2017-03-14,22.7,10.7,0.0,Cairo
2017-03-15,21.4,11.2,0.3,Cairo
2017-03-16,23.0,11.1,0.0,Cairo
2017-03-17,25.9,11.1,0.0,Cairo
2017-03-18,26.7,14.0,1.8,Cairo
2017-03-19,20.4,11.6,0.0,Cairo
2017-03-20,23.4,9.1,0.0,Cairo
2017-03-21,25.1,11.1,0.0,Cairo
2017-03-22,26.3,12.9,0.3,Cairo
2017-03-23,26.1,10.9,0.0,Cairo
2017-03-24,24.9,13.1,0.0,Cairo
2017-03-25,24.1,9.4,0.0,Cairo
2017-03-26,24.6,10.6,0.0,Cairo
2017-03-27,26.0,11.7,0.0,Cairo
2017-03-28,28.1,11.0,0.0,Cairo
2017-03-29,31.1,14.4,0.0,Cairo
2017-03-30,27.8,14.5,0.0,Cairo
2017-03-31,25.5,14.3,0.0,Cairo
2017-04-01,23.8,14.4,0.2,Cairo
2017-04-02,23.2,11.7,0.0,Cairo
2017-04-03,25.8,11.6,0.0,Cairo
2017-04-04,28.2,12.7,0.0,Cairo
2017-04-05,29.8,13.5,0.0,Cairo
2017-04-06,27.4,14.4,0.0,Cairo
2017-04-07,25.7,12.3,0.0,Cairo
2017-04-08,28.0,13.2,0.0,Cairo
2017-04-09,27.7,15.1,1.2,Cairo
2017-04-10,27.0,15.6,0.1,Cairo
2017-04-11,29.0,15.3,0.0,Cairo
2017-04-12,30.7,15.9,1.2,Cairo
2017-04-13,24.3,15.5,1.0,Cairo
2017-04-14,24.3,13.5,0.0,Cairo
2017-04-15,26.0,12.1,0.0,Cairo
2017-04-16,27.4,12.6,0.0,Cairo
2017-04-17,28.9,13.7,0.0,Cairo
2017-04-18,32.0,16.4,0.0,Cairo
2017-04-19,29.7,14.4,0.0,Cairo
2017-04-20,33.2,15.5,0.0,Cairo
2017-04-21,37.9,18.4,0.0,Cairo
2017-04-22,37.4,19.2,0.0,Cairo
2017-04-23,25.8,16.2,0.0,Cairo
2017-04-24,24.6,14.2,0.0,Cairo
2017-04-25,27.2,14.1,0.0,Cairo
2017-04-26,28.8,13.2,0.0,Cairo
2017-04-27,29.5,13.8,0.0,Cairo
2017-04-28,30.8,15.0,0.0,Cairo
2017-04-29,32.1,16.2,0.0,Cairo
2017-04-30,32.7,15.8,0.0,Cairo
2017-05-01,30.6,18.6,0.0,Cairo
2017-05-02,28.3,16.6,0.0,Cairo
2017-05-03,29.0,16.3,0.0,Cairo
2017-05-04,30.8,16.0,0.0,Cairo
2017-05-05,30.2,16.0,0.0,Cairo
2017-05-06,30.8,16.0,0.0,Cairo
2017-05-07,32.4,16.3,0.0,Cairo
2017-05-08,36.8,17.2,0.0,Cairo
2017-05-09,38.8,21.3,0.0,Cairo
2017-05-10,40.1,18.8,0.0,Cairo
2017-05-11,32.1,18.4,0.0,Cairo
2017-05-12,32.5,16.8,0.0,Cairo
2017-05-13,35.6,17.7,0.0,Cairo
2017-05-14,38.8,19.0,0.0,Cairo
2017-05-15,38.4,21.3,0.0,Cairo
2017-05-16,35.0,18.9,0.0,Cairo
2017-05-17,34.2,18.9,0.0,Cairo
2017-05-18,35.4,20.8,0.0,Cairo
2017-05-19,29.7,19.1,0.0,Cairo
2017-05-20,28.8,17.4,0.0,Cairo
2017-05-21,30.0,15.2,0.0,Cairo
2017-05-22,35.0,19.0,0.0,Cairo
2017-05-23,29.1,16.7,0.0,Cairo
2017-05-24,30.4,15.6,0.0,Cairo
2017-05-25,31.6,17.6,0.1,Cairo
2017-05-26,34.0,17.0,0.0,Cairo
2017-05-27,36.7,22.6,0.0,Cairo
2017-05-28,34.7,19.2,0.0,Cairo
2017-05-29,34.0,19.6,0.0,Cairo
2017-05-30,34.9,20.7,0.0,Cairo
2017-05-31,35.9,22.2,0.0,Cairo
2017-06-01,32.2,18.8,0.0,Cairo
2017-06-02,33.1,17.4,0.0,Cairo
2017-06-03,35.0,19.4,0.0,Cairo
2017-06-04,35.6,20.3,0.0,Cairo
2017-06-05,37.3,19.9,0.0,Cairo
2017-06-06,38.7,22.3,0.0,Cairo
2017-06-07,40.0,23.2,0.0,Cairo
2017-06-08,41.4,24.2,0.0,Cairo
2017-06-09,35.9,23.5,0.0,Cairo
2017-06-10,34.9,20.8,0.0,Cairo
2017-06-11,34.9,19.6,0.0,Cairo
2017-06-12,34.8,19.2,0.0,Cairo
2017-06-13,37.2,20.3,0.0,Cairo
2017-06-14,34.0,22.3,0.0,Cairo
2017-06-15,34.9,20.8,0.0,Cairo
2017-06-16,36.2,20.7,0.0,Cairo
2017-06-17,37.5,21.9,0.0,Cairo
2017-06-18,38.1,21.1,0.0,Cairo
2017-06-19,38.6,23.6,0.0,Cairo
2017-06-20,35.0,23.8,0.0,Cairo
2017-06-21,33.3,22.4,0.3,Cairo
2017-06-22,33.8,20.0,0.0,Cairo
2017-06-23,34.7,20.9,0.0,Cairo
2017-06-24,35.9,20.9,0.0,Cairo
2017-06-25,37.2,20.8,0.0,Cairo
2017-06-26,37.2,21.5,0.0,Cairo
2017-06-27,37.5,21.9,0.0,Cairo
2017-06-28,37.5,22.3,0.0,Cairo
2017-06-29,38.3,21.6,0.0,Cairo
2017-06-30,39.9,22.6,0.0,Cairo
2017-07-01,40.9,23.2,0.0,Cairo
2017-07-02,40.9,25.3,0.0,Cairo
2017-07-03,40.6,24.4,0.0,Cairo
2017-07-04,39.5,24.3,0.0,Cairo
2017-07-05,36.6,23.8,0.0,Cairo
2017-07-06,34.8,21.9,0.0,Cairo
2017-07-07,34.7,22.1,0.0,Cairo
2017-07-08,37.3,22.3,0.0,Cairo
2017-07-09,37.0,23.5,0.0,Cairo
2017-07-10,38.0,23.8,0.0,Cairo
2017-07-11,38.7,24.2,0.0,Cairo
2017-07-12,38.6,23.6,0.0,Cairo
2017-07-13,38.5,22.8,0.0,Cairo
2017-07-14,39.3,22.4,0.0,Cairo
2017-07-15,40.8,23.2,0.0,Cairo
2017-07-16,40.2,25.1,0.0,Cairo
2017-07-17,38.8,24.2,0.0,Cairo
2017-07-18,39.7,25.0,0.0,Cairo
2017-07-19,36.9,24.7,0.0,Cairo
2017-07-20,34.1,23.4,0.0,Cairo
2017-07-21,34.8,23.2,0.0,Cairo
2017-07-22,35.8,23.5,0.0,Cairo
2017-07-23,35.6,23.8,0.0,Cairo
2017-07-24,37.0,24.7,0.0,Cairo
2017-07-25,38.3,23.3,0.0,Cairo
2017-07-26,38.7,24.0,0.0,Cairo
2017-07-27,39.9,23.8,0.0,Cairo
2017-07-28,37.7,23.9,0.0,Cairo
2017-07-29,35.3,23.9,0.0,Cairo
2017-07-30,34.7,23.9,0.0,Cairo
2017-07-31,36.4,23.3,0.0,Cairo
2017-08-01,37.5,23.7,0.0,Cairo
2017-08-02,37.7,23.1,0.0,Cairo
2017-08-03,37.1,24.2,0.0,Cairo
2017-08-04,36.5,24.0,0.0,Cairo
2017-08-05,35.9,23.6,0.0,Cairo
2017-08-06,37.0,24.8,0.0,Cairo
2017-08-07,36.1,24.4,0.0,Cairo
2017-08-08,36.8,24.1,0.0,Cairo
2017-08-09,36.8,25.3,0.0,Cairo
2017-08-10,37.7,24.8,0.0,Cairo
2017-08-11,37.5,24.5,0.0,Cairo
2017-08-12,38.1,25.5,0.0,Cairo
2017-08-13,37.9,25.0,0.0,Cairo
2017-08-14,36.6,25.3,0.0,Cairo
2017-08-15,35.1,24.2,0.0,Cairo
2017-08-16,34.9,22.8,0.0,Cairo
2017-08-17,34.6,22.9,0.0,Cairo
2017-08-18,36.2,24.2,0.0,Cairo
2017-08-19,37.5,24.9,0.0,Cairo
2017-08-20,36.7,25.2,0.0,Cairo
2017-08-21,36.5,23.8,0.0,Cairo
2017-08-22,36.1,24.0,0.0,Cairo
2017-08-23,36.5,23.7,0.0,Cairo
2017-08-24,36.0,23.3,0.0,Cairo
2017-08-25,35.9,23.3,0.0,Cairo
2017-08-26,37.2,22.9,0.0,Cairo
2017-08-27,37.1,23.8,0.0,Cairo
2017-08-28,34.7,22.3,0.0,Cairo
2017-08-29,34.1,21.7,0.0,Cairo
2017-08-30,34.1,21.8,0.0,Cairo
2017-08-31,34.7,22.0,0.0,Cairo
2017-09-01,33.8,22.6,0.0,Cairo
2017-09-02,35.3,22.5,0.0,Cairo
2017-09-03,35.2,21.7,0.0,Cairo
2017-09-04,35.1,22.1,0.0,Cairo
2017-09-05,36.7,22.1,0.0,Cairo
2017-09-06,34.8,21.4,0.0,Cairo
2017-09-07,33.9,21.5,0.0,Cairo
2017-09-08,34.0,21.7,0.0,Cairo
2017-09-09,34.7,22.3,0.0,Cairo
2017-09-10,35.0,20.7,0.0,Cairo
2017-09-11,37.2,20.9,0.0,Cairo
2017-09-12,38.5,21.1,0.0,Cairo
2017-09-13,37.7,21.9,0.0,Cairo
2017-09-14,34.5,23.3,0.0,Cairo
2017-09-15,34.3,22.0,0.0,Cairo
2017-09-16,33.2,21.2,0.0,Cairo
2017-09-17,32.6,20.5,0.0,Cairo
2017-09-18,33.4,22.7,0.0,Cairo
2017-09-19,34.3,21.8,0.0,Cairo
2017-09-20,35.9,22.5,0.0,Cairo
2017-09-21,37.3,21.5,0.0,Cairo
2017-09-22,34.9,23.8,0.0,Cairo
2017-09-23,31.3,21.7,0.0,Cairo
2017-09-24,31.5,21.0,0.0,Cairo
2017-09-25,31.8,19.0,0.0,Cairo
2017-09-26,33.0,20.3,0.0,Cairo
2017-09-27,32.0,20.1,0.0,Cairo
2017-09-28,31.2,20.5,0.0,Cairo
2017-09-29,31.8,19.3,0.0,Cairo
2017-09-30,33.2,20.2,0.0,Cairo
2017-10-01,36.8,22.6,0.0,Cairo
2017-10-02,34.0,21.5,0.0,Cairo
2017-10-03,31.3,20.7,0.0,Cairo
2017-10-04,30.6,20.4,0.0,Cairo
2017-10-05,30.3,19.9,0.0,Cairo
2017-10-06,30.2,19.0,0.0,Cairo
2017-10-07,34.6,18.4,0.0,Cairo
2017-10-08,32.7,21.0,0.0,Cairo
2017-10-09,28.6,20.9,0.0,Cairo
2017-10-10,29.1,17.7,0.0,Cairo
2017-10-11,28.6,17.2,0.0,Cairo
2017-10-12,28.3,17.2,0.0,Cairo
2017-10-13,29.0,17.2,0.0,Cairo
2017-10-14,28.0,18.6,0.0,Cairo
2017-10-15,27.9,17.6,0.0,Cairo
2017-10-16,30.0,16.7,0.0,Cairo
2017-10-17,29.9,16.5,0.0,Cairo
2017-10-18,31.4,18.6,0.0,Cairo
2017-10-19,31.4,18.9,0.0,Cairo
2017-10-20,29.8,18.2,0.0,Cairo
2017-10-21,28.4,17.0,0.0,Cairo
2017-10-22,28.0,16.7,0.0,Cairo
2017-10-23,27.3,16.6,0.0,Cairo
2017-10-24,28.2,17.3,0.0,Cairo
2017-10-25,30.7,16.8,0.0,Cairo
2017-10-26,32.8,17.3,0.0,Cairo
2017-10-27,29.0,18.1,0.0,Cairo
2017-10-28,26.5,16.2,0.0,Cairo
2017-10-29,27.0,15.9,0.0,Cairo
2017-10-30,26.2,16.5,0.0,Cairo
2017-10-31,26.9,15.6,0.0,Cairo
2017-11-01,26.9,16.2,0.1,Cairo
2017-11-02,26.1,16.6,0.0,Cairo
2017-11-03,25.6,15.3,0.1,Cairo
2017-11-04,24.9,13.5,0.0,Cairo
2017-11-05,25.6,13.7,0.0,Cairo
2017-11-06,24.5,14.4,0.0,Cairo
2017-11-07,25.5,14.5,0.0,Cairo
2017-11-08,27.4,14.4,0.0,Cairo
2017-11-09,26.6,14.8,0.0,Cairo
2017-11-10,26.4,13.5,0.0,Cairo
2017-11-11,25.2,13.6,0.0,Cairo
2017-11-12,27.0,15.2,0.0,Cairo
2017-11-13,26.0,14.2,0.0,Cairo
2017-11-14,26.4,13.6,0.0,Cairo
2017-11-15,27.2,11.0,0.0,Cairo
2017-11-16,27.4,16.3,0.0,Cairo
2017-11-17,27.9,16.3,0.0,Cairo
2017-11-18,25.3,17.1,0.0,Cairo
2017-11-19,24.7,14.8,0.0,Cairo
2017-11-20,23.9,12.0,0.0,Cairo
2017-11-21,21.7,14.0,0.1,Cairo
2017-11-22,22.1,13.9,0.0,Cairo
2017-11-23,21.3,12.2,0.0,Cairo
2017-11-24,22.1,10.7,0.0,Cairo
2017-11-25,23.1,11.6,0.0,Cairo
2017-11-26,21.5,11.9,0.1,Cairo
2017-11-27,22.6,11.3,0.0,Cairo
2017-11-28,24.1,10.2,0.0,Cairo
2017-11-29,22.4,11.4,0.0,Cairo
2017-11-30,23.0,11.5,0.0,Cairo
2017-12-01,24.0,12.6,0.0,Cairo
2017-12-02,26.4,12.6,0.0,Cairo
2017-12-03,27.2,12.3,0.0,Cairo
2017-12-04,26.6,11.1,0.0,Cairo
2017-12-05,22.2,13.3,0.0,Cairo
2017-12-06,20.0,13.2,0.0,Cairo
2017-12-07,19.7,11.0,0.0,Cairo
2017-12-08,19.9,8.2,0.0,Cairo
2017-12-09,20.4,9.3,0.0,Cairo
2017-12-10,21.5,10.4,0.0,Cairo
2017-12-11,22.5,12.6,0.0,Cairo
2017-12-12,25.2,8.9,0.0,Cairo
2017-12-13,21.5,13.7,0.0,Cairo
2017-12-14,21.4,13.5,0.1,Cairo
2017-12-15,21.3,14.0,0.0,Cairo
2017-12-16,22.2,11.9,0.0,Cairo
2017-12-17,24.3,11.7,0.0,Cairo
2017-12-18,24.8,14.0,0.2,Cairo
2017-12-19,23.8,14.6,0.0,Cairo
2017-12-20,23.6,15.3,0.0,Cairo
2017-12-21,25.4,16.6,0.0,Cairo
2017-12-22,26.2,16.4,0.0,Cairo
2017-12-23,21.5,15.3,0.0,Cairo
2017-12-24,19.0,13.1,0.0,Cairo
2017-12-25,18.1,10.7,0.0,Cairo
2017-12-26,20.1,8.4,0.0,Cairo
2017-12-27,20.9,9.7,0.0,Cairo
2017-12-28,19.2,11.8,0.0,Cairo
2017-12-29,20.3,11.5,0.3,Cairo
2017-12-30,19.6,9.3,0.0,Cairo
2017-12-31,17.0,9.0,0.2,Cairo
2018-01-01,18.7,10.1,0.0,Cairo
2018-01-02,19.8,9.7,0.0,Cairo
2018-01-03,19.7,9.6,0.0,Cairo
2018-01-04,18.2,10.4,1.3,Cairo
2018-01-05,18.6,14.2,0.6,Cairo
2018-01-06,19.2,10.7,0.0,Cairo
2018-01-07,20.7,7.8,0.0,Cairo
2018-01-08,21.1,10.1,0.0,Cairo
2018-01-09,20.9,10.7,0.0,Cairo
2018-01-10,21.9,10.1,0.0,Cairo
2018-01-11,23.1,10.2,0.0,Cairo
2018-01-12,21.6,8.5,0.0,Cairo
2018-01-13,20.5,10.0,0.0,Cairo
2018-01-14,18.7,10.1,0.0,Cairo
2018-01-15,20.1,9.9,0.0,Cairo
2018-01-16,19.5,8.3,0.0,Cairo
2018-01-17,19.7,8.7,0.0,Cairo
2018-01-18,21.0,9.7,0.0,Cairo
2018-01-19,17.1,11.6,0.2,Cairo
2018-01-20,18.9,7.4,0.0,Cairo
2018-01-21,21.1,6.6,0.0,Cairo
2018-01-22,20.7,10.4,0.0,Cairo
2018-01-23,18.7,14.4,0.0,Cairo
2018-01-24,18.4,10.0,0.0,Cairo
2018-01-25,15.5,10.4,4.7,Cairo
2018-01-26,13.7,8.7,0.2,Cairo
2018-01-27,16.3,10.3,0.2,Cairo
2018-01-28,19.6,7.7,0.0,Cairo
2018-01-29,19.0,9.0,0.1,Cairo
2018-01-30,19.6,7.9,0.0,Cairo
2018-01-31,19.7,7.3,0.0,Cairo
2018-02-01,20.1,8.1,0.0,Cairo
2018-02-02,22.2,8.0,0.0,Cairo
2018-02-03,23.8,9.6,0.0,Cairo
2018-02-04,27.0,9.3,0.0,Cairo
2018-02-05,27.0,11.8,0.0,Cairo
2018-02-06,26.3,12.3,0.0,Cairo
2018-02-07,28.4,13.6,0.0,Cairo
2018-02-08,28.4,14.3,0.0,Cairo
2018-02-09,24.9,13.4,0.0,Cairo
2018-02-10,29.7,12.2,0.0,Cairo
2018-02-11,24.3,16.7,0.5,Cairo
2018-02-12,20.8,14.0,3.0,Cairo
2018-02-13,18.9,11.1,0.5,Cairo
2018-02-14,19.4,9.1,0.0,Cairo
2018-02-15,21.1,11.1,0.0,Cairo
2018-02-16,20.1,8.5,0.3,Cairo
2018-02-17,17.8,9.4,1.0,Cairo
2018-02-18,21.4,12.2,0.0,Cairo
2018-02-19,21.3,10.0,0.0,Cairo
2018-02-20,23.3,10.9,0.0,Cairo
2018-02-21,24.9,11.3,2.9,Cairo
2018-02-22,23.9,11.1,0.1,Cairo
2018-02-23,24.1,13.3,1.8,Cairo
2018-02-24,24.0,10.6,0.0,Cairo
2018-02-25,23.9,13.7,0.0,Cairo
2018-02-26,25.7,14.4,0.2,Cairo
2018-02-27,22.2,13.0,0.0,Cairo
2018-02-28,23.6,11.7,0.0,Cairo
2018-03-01,26.5,13.1,0.0,Cairo
2018-03-02,26.1,13.9,0.0,Cairo
2018-03-03,28.4,13.9,0.0,Cairo
2018-03-04,32.1,17.7,0.0,Cairo
2018-03-05,30.1,14.6,0.0,Cairo
2018-03-06,28.5,16.9,0.0,Cairo
2018-03-07,32.2,14.0,0.0,Cairo
2018-03-08,31.6,19.0,0.0,Cairo
2018-03-09,25.2,14.9,0.0,Cairo
2018-03-10,23.3,11.8,0.0,Cairo
2018-03-11,25.6,11.4,0.0,Cairo
2018-03-12,25.1,11.2,0.0,Cairo
2018-03-13,28.4,12.1,0.0,Cairo
2018-03-14,27.9,13.0,0.0,Cairo
2018-03-15,24.0,13.6,0.0,Cairo
2018-03-16,24.5,12.4,0.0,Cairo
2018-03-17,26.1,12.3,0.0,Cairo
2018-03-18,30.2,11.5,0.0,Cairo
2018-03-19,31.3,17.7,0.0,Cairo
2018-03-20,28.8,13.7,0.0,Cairo
2018-03-21,31.7,12.7,0.0,Cairo
2018-03-22,34.8,15.8,0.0,Cairo
2018-03-23,36.5,18.9,0.0,Cairo
2018-03-24,22.2,13.8,0.0,Cairo
2018-03-25,24.9,11.6,0.0,Cairo
2018-03-26,28.8,12.2,0.0,Cairo
2018-03-27,31.1,13.9,0.0,Cairo
2018-03-28,31.6,18.3,0.6,Cairo
2018-03-29,22.4,13.7,0.0,Cairo
2018-03-30,23.5,12.3,0.0,Cairo
2018-03-31,25.1,11.5,0.0,Cairo
2018-04-01,27.9,12.9,0.0,Cairo
2018-04-02,29.8,13.8,0.0,Cairo
2018-04-03,25.6,16.0,0.0,Cairo
2018-04-04,27.5,14.3,0.0,Cairo
2018-04-05,28.7,14.5,0.0,Cairo
2018-04-06,29.7,13.8,0.0,Cairo
2018-04-07,30.0,14.3,0.0,Cairo
2018-04-08,25.7,14.3,0.0,Cairo
2018-04-09,26.5,13.6,0.0,Cairo
2018-04-10,26.8,13.2,0.0,Cairo
2018-04-11,29.0,13.9,0.0,Cairo
2018-04-12,31.9,15.9,0.0,Cairo
2018-04-13,34.8,17.4,0.0,Cairo
2018-04-14,33.5,17.2,0.0,Cairo
2018-04-15,33.2,16.9,0.0,Cairo
2018-04-16,34.1,16.8,0.0,Cairo
2018-04-17,35.0,19.3,0.0,Cairo
2018-04-18,34.4,17.7,0.0,Cairo
2018-04-19,31.6,16.2,0.0,Cairo
2018-04-20,31.8,16.5,0.0,Cairo
2018-04-21,28.9,18.5,0.2,Cairo
2018-04-22,26.7,16.9,0.0,Cairo
2018-04-23,27.4,13.6,0.0,Cairo
2018-04-24,27.4,15.0,0.0,Cairo
2018-04-25,25.5,15.2,0.0,Cairo
2018-04-26,30.6,16.8,0.0,Cairo
2018-04-27,30.5,15.2,0.0,Cairo
2018-04-28,32.4,15.5,0.0,Cairo
2018-04-29,34.9,18.7,0.0,Cairo
2018-04-30,37.9,24.0,0.0,Cairo
2018-05-01,36.5,24.2,0.0,Cairo
2018-05-02,36.3,19.8,0.0,Cairo
2018-05-03,38.2,20.6,0.0,Cairo
2018-05-04,40.2,23.5,0.2,Cairo
2018-05-05,28.0,18.4,0.0,Cairo
2018-05-06,30.0,19.7,0.1,Cairo
2018-05-07,28.7,18.4,0.0,Cairo
2018-05-08,28.7,16.7,0.0,Cairo
2018-05-09,31.0,16.6,0.0,Cairo
2018-05-10,40.5,23.0,0.1,Cairo
2018-05-11,32.6,19.5,0.0,Cairo
2018-05-12,29.4,18.8,0.0,Cairo
2018-05-13,29.3,16.8,0.0,Cairo
2018-05-14,29.9,17.0,0.0,Cairo
2018-05-15,32.0,18.9,0.0,Cairo
2018-05-16,33.6,18.6,0.0,Cairo
2018-05-17,36.4,18.9,0.0,Cairo
2018-05-18,39.2,19.8,0.0,Cairo
2018-05-19,39.8,20.0,0.0,Cairo
2018-05-20,39.3,21.1,0.0,Cairo
2018-05-21,40.5,22.4,0.0,Cairo
2018-05-22,43.8,27.0,0.0,Cairo
2018-05-23,40.3,24.3,0.0,Cairo
2018-05-24,38.8,22.7,0.0,Cairo
2018-05-25,36.5,25.0,0.0,Cairo
2018-05-26,34.9,21.8,0.0,Cairo
2018-05-27,33.4,21.3,0.0,Cairo
2018-05-28,33.3,21.1,0.0,Cairo
2018-05-29,31.2,21.7,0.0,Cairo
2018-05-30,32.2,20.4,0.0,Cairo
2018-05-31,33.2,19.8,0.0,Cairo
2018-06-01,32.4,21.2,0.0,Cairo
2018-06-02,32.4,20.3,0.0,Cairo
2018-06-03,32.5,20.0,0.0,Cairo
2018-06-04,34.4,20.7,0.0,Cairo
2018-06-05,33.2,19.1,0.0,Cairo
2018-06-06,35.4,20.6,0.0,Cairo
2018-06-07,37.8,20.5,0.0,Cairo
2018-06-08,39.6,21.6,0.0,Cairo
2018-06-09,39.7,21.2,0.0,Cairo
2018-06-10,39.4,22.7,0.0,Cairo
2018-06-11,35.3,21.8,0.0,Cairo
2018-06-12,33.1,22.0,0.1,Cairo
2018-06-13,35.0,22.1,0.0,Cairo
2018-06-14,37.8,20.9,0.0,Cairo
2018-06-15,40.4,23.9,0.0,Cairo
2018-06-16,39.0,28.0,0.0,Cairo
2018-06-17,37.2,24.0,0.0,Cairo
2018-06-18,35.6,23.0,0.0,Cairo
2018-06-19,37.4,22.9,0.0,Cairo
2018-06-20,36.7,23.1,0.0,Cairo
2018-06-21,38.0,23.5,0.0,Cairo
2018-06-22,40.0,25.9,0.0,Cairo
2018-06-23,36.9,23.9,0.0,Cairo
2018-06-24,35.8,22.7,0.0,Cairo
2018-06-25,35.5,22.2,0.0,Cairo
2018-06-26,37.2,22.9,0.0,Cairo
2018-06-27,41.8,23.0,0.0,Cairo
2018-06-28,35.7,24.4,0.0,Cairo
2018-06-29,33.7,21.5,0.0,Cairo
2018-06-30,33.5,21.0,0.0,Cairo
2018-07-01,35.3,21.2,0.0,Cairo
2018-07-02,35.6,21.9,0.0,Cairo
2018-07-03,35.3,21.5,0.0,Cairo
2018-07-04,38.0,23.5,0.0,Cairo
2018-07-05,38.5,22.7,0.0,Cairo
2018-07-06,38.4,23.4,0.0,Cairo
2018-07-07,37.6,22.6,0.0,Cairo
2018-07-08,37.6,22.3,0.0,Cairo
2018-07-09,37.6,23.8,0.0,Cairo
2018-07-10,36.4,23.9,0.0,Cairo
2018-07-11,35.0,23.2,0.2,Cairo
2018-07-12,35.1,22.3,0.0,Cairo
2018-07-13,36.0,23.7,0.0,Cairo
2018-07-14,36.7,23.6,0.0,Cairo
2018-07-15,36.8,23.8,0.0,Cairo
2018-07-16,37.8,24.9,0.0,Cairo
2018-07-17,36.8,22.5,0.0,Cairo
2018-07-18,38.4,22.8,0.0,Cairo
2018-07-19,35.9,24.0,0.0,Cairo
2018-07-20,36.4,22.2,0.0,Cairo
2018-07-21,35.6,23.2,0.0,Cairo
2018-07-22,37.2,24.5,0.0,Cairo
2018-07-23,38.4,23.8,0.0,Cairo
2018-07-24,40.8,23.1,0.0,Cairo
2018-07-25,39.3,26.1,0.0,Cairo
2018-07-26,37.1,23.6,0.0,Cairo
2018-07-27,36.9,24.7,0.0,Cairo
2018-07-28,35.3,23.3,0.0,Cairo
2018-07-29,34.8,22.5,0.0,Cairo
2018-07-30,36.0,22.6,0.0,Cairo
2018-07-31,37.6,23.7,0.0,Cairo
2018-08-01,37.3,24.5,0.0,Cairo
2018-08-02,37.1,24.2,0.0,Cairo
2018-08-03,37.8,24.0,0.0,Cairo
2018-08-04,36.9,23.7,0.0,Cairo
2018-08-05,37.4,24.8,0.0,Cairo
2018-08-06,37.2,24.8,0.0,Cairo
2018-08-07,35.6,24.2,0.0,Cairo
2018-08-08,37.0,23.9,0.0,Cairo
2018-08-09,37.5,23.1,0.0,Cairo
2018-08-10,38.1,23.6,0.0,Cairo
2018-08-11,37.2,24.1,0.0,Cairo
2018-08-12,37.1,23.9,0.0,Cairo
2018-08-13,36.8,23.1,0.0,Cairo
2018-08-14,35.0,23.6,0.0,Cairo
2018-08-15,35.9,22.3,0.0,Cairo
2018-08-16,36.5,22.6,0.0,Cairo
2018-08-17,36.9,22.8,0.0,Cairo
2018-08-18,35.8,24.8,0.0,Cairo
2018-08-19,35.0,23.0,0.0,Cairo
2018-08-20,35.8,23.2,0.0,Cairo
2018-08-21,36.2,23.8,0.0,Cairo
2018-08-22,35.7,25.1,0.0,Cairo
2018-08-23,36.5,23.5,0.0,Cairo
2018-08-24,37.2,23.3,0.0,Cairo
2018-08-25,37.5,22.7,0.0,Cairo
2018-08-26,35.4,24.2,0.0,Cairo
2018-08-27,34.6,23.3,0.1,Cairo
2018-08-28,34.5,23.3,0.0,Cairo
2018-08-29,34.9,23.4,0.0,Cairo
2018-08-30,35.3,23.6,0.0,Cairo
2018-08-31,35.6,23.8,0.0,Cairo
2018-09-01,36.3,24.1,0.0,Cairo
2018-09-02,36.8,24.3,0.0,Cairo
2018-09-03,38.0,24.4,0.0,Cairo
2018-09-04,37.9,24.1,0.0,Cairo
2018-09-05,36.7,24.4,0.0,Cairo
2018-09-06,35.4,23.5,0.0,Cairo
2018-09-07,34.0,23.6,0.0,Cairo
2018-09-08,34.4,22.6,0.0,Cairo
2018-09-09,34.0,24.1,0.0,Cairo
2018-09-10,34.2,23.8,0.0,Cairo
2018-09-11,34.4,23.0,0.0,Cairo
2018-09-12,34.7,22.8,0.0,Cairo
2018-09-13,34.0,22.6,0.0,Cairo
2018-09-14,34.1,21.8,0.0,Cairo
2018-09-15,33.6,21.5,0.0,Cairo
2018-09-16,33.7,22.0,0.0,Cairo
2018-09-17,33.2,21.7,0.0,Cairo
2018-09-18,34.8,21.8,0.0,Cairo
2018-09-19,35.0,22.2,0.0,Cairo
2018-09-20,34.3,22.1,0.0,Cairo
2018-09-21,33.3,21.2,0.0,Cairo
2018-09-22,33.6,21.2,0.0,Cairo
2018-09-23,33.7,21.1,0.0,Cairo
2018-09-24,34.2,21.0,0.0,Cairo
2018-09-25,34.1,22.2,0.0,Cairo
2018-09-26,32.7,21.6,0.0,Cairo
2018-09-27,33.0,21.1,0.0,Cairo
2018-09-28,36.7,22.5,0.0,Cairo
2018-09-29,38.8,23.3,0.0,Cairo
2018-09-30,36.1,23.2,0.2,Cairo
2018-10-01,33.8,24.6,0.0,Cairo
2018-10-02,34.7,22.7,0.0,Cairo
2018-10-03,34.5,22.6,0.0,Cairo
2018-10-04,33.4,21.8,0.0,Cairo
2018-10-05,34.0,21.0,0.0,Cairo
2018-10-06,32.6,21.2,0.0,Cairo
2018-10-07,30.8,22.7,0.0,Cairo
2018-10-08,30.7,19.3,0.0,Cairo
2018-10-09,30.3,18.9,0.0,Cairo
2018-10-10,30.0,18.8,0.0,Cairo
2018-10-11,29.7,18.7,0.0,Cairo
2018-10-12,29.4,19.0,0.0,Cairo
2018-10-13,30.0,17.2,0.0,Cairo
2018-10-14,29.9,17.2,0.0,Cairo
2018-10-15,30.9,17.9,0.0,Cairo
2018-10-16,29.9,17.9,0.1,Cairo
2018-10-17,29.3,18.2,0.0,Cairo
2018-10-18,29.5,17.5,0.0,Cairo
2018-10-19,29.8,17.6,0.0,Cairo
2018-10-20,31.2,19.2,0.0,Cairo
2018-10-21,33.2,20.0,0.0,Cairo
2018-10-22,33.2,20.6,0.0,Cairo
2018-10-23,32.0,19.4,0.0,Cairo
2018-10-24,32.7,20.1,0.0,Cairo
2018-10-25,27.9,21.9,0.0,Cairo
2018-10-26,25.7,17.5,0.0,Cairo
2018-10-27,26.4,14.6,0.0,Cairo
2018-10-28,28.4,15.4,0.0,Cairo
2018-10-29,30.4,15.0,0.0,Cairo
2018-10-30,31.2,15.9,0.0,Cairo
2018-10-31,31.3,16.2,0.0,Cairo
2018-11-01,31.7,16.1,0.0,Cairo
2018-11-02,31.5,16.6,0.0,Cairo
2018-11-03,30.3,15.7,0.0,Cairo
2018-11-04,28.8,14.4,0.0,Cairo
2018-11-05,26.7,15.3,0.1,Cairo
2018-11-06,25.8,14.7,0.1,Cairo
2018-11-07,26.8,16.2,0.0,Cairo
2018-11-08,25.5,14.8,0.1,Cairo
2018-11-09,25.4,15.0,0.2,Cairo
2018-11-10,24.7,14.6,0.0,Cairo
2018-11-11,26.3,13.9,0.0,Cairo
2018-11-12,26.2,14.1,0.0,Cairo
2018-11-13,25.2,14.7,0.0,Cairo
2018-11-14,22.7,15.0,0.2,Cairo
2018-11-15,24.0,15.0,0.0,Cairo
2018-11-16,23.2,14.2,0.1,Cairo
2018-11-17,25.4,13.9,0.0,Cairo
2018-11-18,26.7,14.4,0.0,Cairo
2018-11-19,26.6,15.3,0.0,Cairo
2018-11-20,27.2,14.0,0.0,Cairo
2018-11-21,27.8,14.2,0.0,Cairo
2018-11-22,28.6,16.5,0.0,Cairo
2018-11-23,22.4,16.2,0.0,Cairo
2018-11-24,23.1,15.8,1.3,Cairo
2018-11-25,23.8,14.6,0.2,Cairo
2018-11-26,24.6,13.4,0.0,Cairo
2018-11-27,26.8,16.0,0.1,Cairo
2018-11-28,26.6,12.0,0.0,Cairo
2018-11-29,25.2,14.9,0.0,Cairo
2018-11-30,22.6,14.3,0.0,Cairo
2018-12-01,21.8,12.6,0.0,Cairo
2018-12-02,22.3,11.2,0.2,Cairo
2018-12-03,22.0,13.3,0.3,Cairo
2018-12-04,21.4,11.2,0.0,Cairo
2018-12-05,20.1,12.6,5.1,Cairo
2018-12-06,19.7,11.7,0.9,Cairo
2018-12-07,19.2,12.4,0.0,Cairo
2018-12-08,19.3,12.6,0.1,Cairo
2018-12-09,19.3,9.7,0.0,Cairo
2018-12-10,21.7,10.1,0.0,Cairo
2018-12-11,22.1,14.4,0.0,Cairo
2018-12-12,21.8,13.6,0.0,Cairo
2018-12-13,21.2,11.9,0.0,Cairo
2018-12-14,22.4,11.0,0.0,Cairo
2018-12-15,23.9,11.5,0.0,Cairo
2018-12-16,21.7,12.1,0.0,Cairo
2018-12-17,20.4,10.7,0.0,Cairo
2018-12-18,20.9,11.0,0.0,Cairo
2018-12-19,20.4,10.8,0.0,Cairo
2018-12-20,19.8,11.2,0.0,Cairo
2018-12-21,20.3,11.4,0.0,Cairo
2018-12-22,21.0,10.2,0.0,Cairo
2018-12-23,21.1,9.7,0.0,Cairo
2018-12-24,21.2,10.3,0.1,Cairo
2018-12-25,21.0,12.3,0.0,Cairo
2018-12-26,21.3,11.8,0.0,Cairo
2018-12-27,16.4,12.0,0.8,Cairo
2018-12-28,16.9,11.4,0.2,Cairo
2018-12-29,18.6,12.1,0.1,Cairo
2018-12-30,19.0,8.9,0.1,Cairo
2018-12-31,20.1,8.9,0.0,Cairo
2019-01-01,19.4,7.5,0.0,Cairo
2019-01-02,17.5,8.9,0.1,Cairo
2019-01-03,18.0,9.4,0.0,Cairo
2019-01-04,18.9,7.8,0.0,Cairo
2019-01-05,18.6,7.8,0.0,Cairo
2019-01-06,14.4,9.5,0.0,Cairo
2019-01-07,16.7,6.5,0.0,Cairo
2019-01-08,16.9,7.8,0.0,Cairo
2019-01-09,15.4,5.6,0.0,Cairo
2019-01-10,17.7,5.8,0.0,Cairo
2019-01-11,19.1,3.8,0.0,Cairo
2019-01-12,20.9,6.8,0.0,Cairo
2019-01-13,17.2,10.3,0.0,Cairo
2019-01-14,18.2,10.3,0.0,Cairo
2019-01-15,16.6,7.3,0.0,Cairo
2019-01-16,15.4,9.5,0.0,Cairo
2019-01-17,16.9,7.1,0.0,Cairo
2019-01-18,18.6,8.9,0.0,Cairo
2019-01-19,18.8,5.8,0.0,Cairo
2019-01-20,18.1,7.8,0.0,Cairo
2019-01-21,23.9,10.1,0.1,Cairo
2019-01-22,20.0,7.1,0.0,Cairo
2019-01-23,21.3,8.5,0.0,Cairo
2019-01-24,20.7,9.7,0.0,Cairo
2019-01-25,22.0,6.5,0.0,Cairo
2019-01-26,23.6,10.1,0.0,Cairo
2019-01-27,16.9,7.0,0.0,Cairo
2019-01-28,18.7,8.6,0.0,Cairo
2019-01-29,20.2,7.8,0.0,Cairo
2019-01-30,19.6,8.2,0.0,Cairo
2019-01-31,20.2,7.6,0.0,Cairo
2019-02-01,22.6,8.2,0.0,Cairo
2019-02-02,21.2,7.5,0.0,Cairo
2019-02-03,22.7,9.2,0.0,Cairo
2019-02-04,26.9,6.6,0.0,Cairo
2019-02-05,30.5,10.6,0.1,Cairo
2019-02-06,16.8,8.9,6.2,Cairo
2019-02-07,18.3,7.2,0.0,Cairo
2019-02-08,19.5,9.7,0.0,Cairo
2019-02-09,18.7,8.3,0.1,Cairo
2019-02-10,18.8,7.8,0.2,Cairo
2019-02-11,18.6,8.6,0.0,Cairo
2019-02-12,20.3,8.0,0.0,Cairo
2019-02-13,20.7,7.2,0.0,Cairo
2019-02-14,16.3,9.6,0.2,Cairo
2019-02-15,16.1,9.5,1.0,Cairo
2019-02-16,18.3,8.2,0.0,Cairo
2019-02-17,19.2,8.5,0.3,Cairo
2019-02-18,16.9,6.5,0.4,Cairo
2019-02-19,20.2,7.5,0.0,Cairo
2019-02-20,20.1,9.1,0.1,Cairo
2019-02-21,19.8,7.2,0.0,Cairo
2019-02-22,20.0,8.5,0.1,Cairo
2019-02-23,20.2,8.4,0.0,Cairo
2019-02-24,23.8,8.6,0.0,Cairo
2019-02-25,29.5,9.0,0.0,Cairo
2019-02-26,21.0,10.9,0.0,Cairo
2019-02-27,20.2,11.3,0.2,Cairo
2019-02-28,17.3,11.5,0.6,Cairo
2019-03-01,17.1,10.9,0.0,Cairo
2019-03-02,20.2,9.0,0.0,Cairo
2019-03-03,22.1,9.5,0.0,Cairo
2019-03-04,21.3,9.4,0.0,Cairo
2019-03-05,19.4,10.2,2.1,Cairo
2019-03-06,20.3,8.0,0.0,Cairo
2019-03-07,22.4,8.3,0.0,Cairo
2019-03-08,23.0,9.7,0.0,Cairo
2019-03-09,23.9,10.5,0.0,Cairo
2019-03-10,25.7,11.5,0.0,Cairo
2019-03-11,25.4,9.8,0.0,Cairo
2019-03-12,26.1,11.4,0.0,Cairo
2019-03-13,22.4,10.8,0.5,Cairo
2019-03-14,20.5,11.8,0.2,Cairo
2019-03-15,23.4,10.5,0.0,Cairo
2019-03-16,19.2,11.2,0.9,Cairo
2019-03-17,22.0,11.3,0.0,Cairo
2019-03-18,25.6,9.4,0.0,Cairo
2019-03-19,26.7,11.5,0.0,Cairo
2019-03-20,26.1,13.0,0.0,Cairo
2019-03-21,26.6,13.9,0.0,Cairo
2019-03-22,27.0,12.6,0.0,Cairo
2019-03-23,26.8,15.3,0.1,Cairo
2019-03-24,23.3,14.5,0.1,Cairo
2019-03-25,21.5,11.9,0.2,Cairo
2019-03-26,22.7,10.7,0.0,Cairo
2019-03-27,24.5,10.3,0.0,Cairo
2019-03-28,27.0,11.4,0.0,Cairo
2019-03-29,29.0,15.1,0.6,Cairo
2019-03-30,19.4,13.7,1.8,Cairo
2019-03-31,19.1,11.0,0.7,Cairo
2019-04-01,19.6,11.8,0.0,Cairo
2019-04-02,22.4,10.0,0.0,Cairo
2019-04-03,26.4,10.1,0.0,Cairo
2019-04-04,25.2,12.5,0.0,Cairo
2019-04-05,24.7,11.1,0.0,Cairo
2019-04-06,26.8,16.4,0.4,Cairo
2019-04-07,32.2,17.4,0.0,Cairo
2019-04-08,30.1,14.9,0.0,Cairo
2019-04-09,26.5,16.8,0.0,Cairo
2019-04-10,25.8,12.6,0.0,Cairo
2019-04-11,27.6,13.4,0.0,Cairo
2019-04-12,27.5,13.4,0.0,Cairo
2019-04-13,34.3,12.7,0.0,Cairo
2019-04-14,27.4,18.7,0.0,Cairo
2019-04-15,19.5,14.9,8.6,Cairo
2019-04-16,26.5,11.9,0.0,Cairo
2019-04-17,22.9,12.4,0.0,Cairo
2019-04-18,23.4,10.8,0.0,Cairo
2019-04-19,25.2,11.9,0.0,Cairo
2019-04-20,23.0,11.4,0.0,Cairo
2019-04-21,22.2,13.0,0.0,Cairo
2019-04-22,23.7,11.6,0.0,Cairo
2019-04-23,26.2,12.1,0.0,Cairo
2019-04-24,28.9,14.3,0.0,Cairo
2019-04-25,32.0,15.6,0.0,Cairo
2019-04-26,32.6,15.3,0.0,Cairo
2019-04-27,33.0,15.7,0.0,Cairo
2019-04-28,35.6,14.9,0.0,Cairo
2019-04-29,33.3,17.8,0.0,Cairo
2019-04-30,34.7,19.2,0.0,Cairo
2019-05-01,39.4,20.2,0.0,Cairo
2019-05-02,35.6,21.6,0.0,Cairo
2019-05-03,30.3,18.5,0.0,Cairo
2019-05-04,29.3,14.1,0.0,Cairo
2019-05-05,36.0,16.0,0.0,Cairo
2019-05-06,32.5,20.8,0.0,Cairo
2019-05-07,29.3,16.7,0.0,Cairo
2019-05-08,27.1,16.0,0.0,Cairo
2019-05-09,25.8,14.1,0.0,Cairo
2019-05-10,28.3,14.1,0.0,Cairo
2019-05-11,33.0,16.1,0.0,Cairo
2019-05-12,36.7,19.7,0.0,Cairo
2019-05-13,37.6,19.1,0.0,Cairo
2019-05-14,37.6,23.5,0.0,Cairo
2019-05-15,39.5,21.1,0.0,Cairo
2019-05-16,41.0,22.1,0.0,Cairo
2019-05-17,32.3,19.6,0.0,Cairo
2019-05-18,35.8,18.4,0.0,Cairo
2019-05-19,33.7,17.6,0.0,Cairo
2019-05-20,35.8,17.9,0.0,Cairo
2019-05-21,39.5,20.6,0.0,Cairo
2019-05-22,43.1,23.2,0.0,Cairo
2019-05-23,44.3,24.4,0.0,Cairo
2019-05-24,39.6,25.7,0.0,Cairo
2019-05-25,35.5,20.9,0.0,Cairo
2019-05-26,34.4,18.9,0.0,Cairo
2019-05-27,35.0,19.0,0.0,Cairo
2019-05-28,37.1,19.0,0.0,Cairo
2019-05-29,39.4,20.2,0.0,Cairo
2019-05-30,40.3,20.5,0.0,Cairo
2019-05-31,39.5,21.4,0.0,Cairo
2019-06-01,38.5,21.7,0.0,Cairo
2019-06-02,38.9,21.9,0.0,Cairo
2019-06-03,38.5,22.5,0.0,Cairo
2019-06-04,34.6,23.7,0.0,Cairo
2019-06-05,35.4,24.7,0.0,Cairo
2019-06-06,37.5,22.7,0.0,Cairo
2019-06-07,36.1,21.0,0.0,Cairo
2019-06-08,33.6,20.0,0.0,Cairo
2019-06-09,33.8,19.4,0.0,Cairo
2019-06-10,35.5,20.8,0.0,Cairo
2019-06-11,38.1,22.0,0.0,Cairo
2019-06-12,34.3,21.7,0.0,Cairo
2019-06-13,34.2,21.8,0.0,Cairo
2019-06-14,33.2,22.3,0.7,Cairo
2019-06-15,34.9,22.1,0.0,Cairo
2019-06-16,35.5,22.0,0.0,Cairo
2019-06-17,34.9,22.3,0.0,Cairo
2019-06-18,37.2,22.1,0.0,Cairo
2019-06-19,38.8,24.7,0.0,Cairo
2019-06-20,38.7,24.5,0.0,Cairo
2019-06-21,37.1,22.9,0.0,Cairo
2019-06-22,36.2,22.1,0.0,Cairo
2019-06-23,37.1,22.6,0.0,Cairo
2019-06-24,38.2,23.0,0.0,Cairo
2019-06-25,40.5,23.2,0.0,Cairo
2019-06-26,41.1,24.2,0.0,Cairo
2019-06-27,40.9,24.2,0.0,Cairo
2019-06-28,37.4,24.8,0.0,Cairo
2019-06-29,36.5,23.1,0.0,Cairo
2019-06-30,36.9,22.6,0.0,Cairo
2019-07-01,37.2,24.8,0.0,Cairo
2019-07-02,38.4,24.1,0.0,Cairo
2019-07-03,38.5,23.8,0.0,Cairo
2019-07-04,38.2,22.8,0.0,Cairo
2019-07-05,37.3,21.8,0.0,Cairo
2019-07-06,39.5,22.8,0.0,Cairo
2019-07-07,38.0,22.7,0.0,Cairo
2019-07-08,37.8,21.5,0.0,Cairo
2019-07-09,38.5,22.4,0.0,Cairo
2019-07-10,40.0,22.9,0.0,Cairo
2019-07-11,41.2,23.7,0.0,Cairo
2019-07-12,40.8,23.7,0.0,Cairo
2019-07-13,36.6,24.1,0.0,Cairo
2019-07-14,37.1,21.5,0.0,Cairo
2019-07-15,37.2,23.2,0.0,Cairo
2019-07-16,40.0,24.8,0.0,Cairo
2019-07-17,41.7,29.6,0.0,Cairo
2019-07-18,37.3,26.0,0.0,Cairo
2019-07-19,37.7,24.3,0.0,Cairo
2019-07-20,36.5,24.1,0.0,Cairo
2019-07-21,36.3,22.3,0.0,Cairo
2019-07-22,37.7,24.2,0.0,Cairo
2019-07-23,38.6,23.4,0.0,Cairo
2019-07-24,37.6,22.8,0.0,Cairo
2019-07-25,37.9,22.4,0.0,Cairo
2019-07-26,38.0,23.4,0.0,Cairo
2019-07-27,36.4,22.9,0.0,Cairo
2019-07-28,35.3,22.2,0.0,Cairo
2019-07-29,38.8,21.5,0.0,Cairo
2019-07-30,40.1,23.5,0.0,Cairo
2019-07-31,38.6,25.0,0.0,Cairo
2019-08-01,38.4,24.7,0.0,Cairo
2019-08-02,38.1,23.9,0.0,Cairo
2019-08-03,38.2,24.6,0.0,Cairo
2019-08-04,39.7,24.4,0.0,Cairo
2019-08-05,38.2,24.2,0.0,Cairo
2019-08-06,36.5,23.2,0.0,Cairo
2019-08-07,35.4,21.8,0.0,Cairo
2019-08-08,37.2,24.1,0.0,Cairo
2019-08-09,38.1,23.9,0.0,Cairo
2019-08-10,37.8,23.7,0.0,Cairo
2019-08-11,38.9,22.4,0.0,Cairo
2019-08-12,38.8,22.8,0.0,Cairo
2019-08-13,38.6,24.2,0.0,Cairo
2019-08-14,39.6,22.5,0.0,Cairo
2019-08-15,41.9,26.5,0.0,Cairo
2019-08-16,40.6,25.5,0.0,Cairo
2019-08-17,38.5,23.9,0.0,Cairo
2019-08-18,36.2,24.3,0.0,Cairo
2019-08-19,34.3,21.6,0.0,Cairo
2019-08-20,36.6,22.0,0.0,Cairo
2019-08-21,37.4,23.9,0.0,Cairo
2019-08-22,37.6,24.1,0.0,Cairo
2019-08-23,37.4,23.0,0.0,Cairo
2019-08-24,37.6,23.3,0.0,Cairo
2019-08-25,38.0,24.2,0.0,Cairo
2019-08-26,38.6,24.0,0.0,Cairo
2019-08-27,37.8,24.6,0.0,Cairo
2019-08-28,38.0,24.9,0.0,Cairo
2019-08-29,38.2,24.1,0.0,Cairo
2019-08-30,38.1,23.4,0.0,Cairo
2019-08-31,36.8,23.7,0.0,Cairo
2019-09-01,37.5,24.0,0.0,Cairo
2019-09-02,36.5,23.4,0.0,Cairo
2019-09-03,35.4,22.7,0.0,Cairo
2019-09-04,36.0,23.0,0.0,Cairo
2019-09-05,37.0,21.9,0.0,Cairo
2019-09-06,39.0,23.8,0.0,Cairo
2019-09-07,35.7,24.0,0.0,Cairo
2019-09-08,35.6,24.1,0.0,Cairo
2019-09-09,35.1,23.7,0.0,Cairo
2019-09-10,35.3,23.6,0.0,Cairo
2019-09-11,35.4,21.5,0.0,Cairo
2019-09-12,36.0,22.4,0.0,Cairo
2019-09-13,34.9,23.4,0.0,Cairo
2019-09-14,32.3,21.6,0.0,Cairo
2019-09-15,33.5,22.0,0.2,Cairo
2019-09-16,35.2,21.7,0.0,Cairo
2019-09-17,35.7,22.7,0.0,Cairo
2019-09-18,36.1,20.9,0.0,Cairo
2019-09-19,35.7,22.2,0.0,Cairo
2019-09-20,35.0,22.7,0.0,Cairo
2019-09-21,35.4,21.9,0.0,Cairo
2019-09-22,34.1,23.2,0.0,Cairo
2019-09-23,34.4,21.4,0.0,Cairo
2019-09-24,33.9,21.9,0.0,Cairo
2019-09-25,35.0,18.7,0.0,Cairo
2019-09-26,37.2,21.7,0.0,Cairo
2019-09-27,35.0,22.4,0.0,Cairo
2019-09-28,33.8,23.5,0.0,Cairo
2019-09-29,35.0,22.8,0.0,Cairo
2019-09-30,33.5,20.8,0.0,Cairo
2019-10-01,32.3,19.8,0.0,Cairo
2019-10-02,33.3,19.2,0.0,Cairo
2019-10-03,35.7,20.8,0.0,Cairo
2019-10-04,36.2,21.7,0.0,Cairo
2019-10-05,36.6,21.1,0.0,Cairo
2019-10-06,35.0,19.9,0.0,Cairo
2019-10-07,32.4,19.3,0.0,Cairo
2019-10-08,34.8,20.2,0.0,Cairo
2019-10-09,34.4,21.7,0.0,Cairo
2019-10-10,33.2,21.1,0.0,Cairo
2019-10-11,34.5,22.0,0.0,Cairo
2019-10-12,35.8,20.1,0.0,Cairo
2019-10-13,35.1,21.1,0.0,Cairo
2019-10-14,34.9,21.1,0.0,Cairo
2019-10-15,34.0,21.1,0.0,Cairo
2019-10-16,34.2,22.4,0.0,Cairo
2019-10-17,33.1,19.6,0.0,Cairo
2019-10-18,32.7,20.0,0.0,Cairo
2019-10-19,34.1,20.8,0.0,Cairo
2019-10-20,35.1,20.6,0.0,Cairo
2019-10-21,34.1,20.8,0.0,Cairo
2019-10-22,29.7,21.7,2.6,Cairo
2019-10-23,26.1,17.2,9.6,Cairo
2019-10-24,26.0,16.6,0.4,Cairo
2019-10-25,26.1,19.0,0.6,Cairo
2019-10-26,27.2,19.8,2.6,Cairo
2019-10-27,27.9,17.9,0.3,Cairo
2019-10-28,27.1,16.2,0.0,Cairo
2019-10-29,27.6,15.6,0.0,Cairo
2019-10-30,28.0,17.0,0.0,Cairo
2019-10-31,28.2,18.1,0.0,Cairo
2019-11-01,28.1,16.6,0.0,Cairo
2019-11-02,30.8,18.0,0.0,Cairo
2019-11-03,31.2,17.3,0.0,Cairo
2019-11-04,31.4,17.2,0.0,Cairo
2019-11-05,30.2,17.3,0.0,Cairo
2019-11-06,29.8,18.0,0.0,Cairo
2019-11-07,30.7,19.1,0.0,Cairo
2019-11-08,31.0,17.9,0.0,Cairo
2019-11-09,30.7,19.1,0.0,Cairo
2019-11-10,30.3,18.1,0.0,Cairo
2019-11-11,31.4,18.0,0.0,Cairo
2019-11-12,32.7,19.1,0.0,Cairo
2019-11-13,33.0,16.6,0.0,Cairo
2019-11-14,32.0,19.5,0.0,Cairo
2019-11-15,27.1,17.6,0.0,Cairo
2019-11-16,27.3,16.0,0.0,Cairo
2019-11-17,27.0,16.0,0.1,Cairo
2019-11-18,28.9,15.3,0.0,Cairo
2019-11-19,26.5,12.7,0.0,Cairo
2019-11-20,25.4,10.8,0.0,Cairo
2019-11-21,25.5,11.5,0.0,Cairo
2019-11-22,26.1,11.1,0.0,Cairo
2019-11-23,25.3,14.2,0.0,Cairo
2019-11-24,25.8,13.6,0.0,Cairo
2019-11-25,29.4,14.3,0.0,Cairo
2019-11-26,28.0,16.3,0.0,Cairo
2019-11-27,24.1,13.9,0.0,Cairo
2019-11-28,25.2,13.4,0.0,Cairo
2019-11-29,25.5,13.8,0.0,Cairo
2019-11-30,25.0,13.7,0.0,Cairo
2019-12-01,23.4,14.3,0.1,Cairo
2019-12-02,24.5,14.7,0.0,Cairo
2019-12-03,22.4,12.4,0.0,Cairo
2019-12-04,23.9,11.4,0.0,Cairo
2019-12-05,24.5,11.8,0.0,Cairo
2019-12-06,22.5,14.1,0.0,Cairo
2019-12-07,22.9,14.5,0.0,Cairo
2019-12-08,21.6,13.8,0.0,Cairo
2019-12-09,22.3,14.3,0.4,Cairo
2019-12-10,24.4,13.6,0.0,Cairo
2019-12-11,21.3,12.2,0.0,Cairo
2019-12-12,19.6,12.3,4.0,Cairo
2019-12-13,20.4,10.7,0.0,Cairo
2019-12-14,20.1,9.0,0.0,Cairo
2019-12-15,18.7,10.5,1.1,Cairo
2019-12-16,21.2,8.9,0.0,Cairo
2019-12-17,22.1,9.5,0.0,Cairo
2019-12-18,22.0,10.3,0.0,Cairo
2019-12-19,23.3,11.8,0.0,Cairo
2019-12-20,22.7,8.4,0.0,Cairo
2019-12-21,22.0,8.3,0.0,Cairo
2019-12-22,21.9,9.4,0.0,Cairo
2019-12-23,20.8,8.3,0.0,Cairo
2019-12-24,20.6,10.7,0.0,Cairo
2019-12-25,19.3,12.0,0.0,Cairo
2019-12-26,20.1,14.0,0.0,Cairo
2019-12-27,19.2,11.4,0.2,Cairo
2019-12-28,18.8,8.4,0.0,Cairo
2019-12-29,19.4,9.0,0.0,Cairo
2019-12-30,17.5,10.5,0.0,Cairo
2019-12-31,18.9,6.6,0.0,Cairo
2020-01-01,19.1,9.1,0.0,Cairo
2020-01-02,16.8,6.8,0.0,Cairo
2020-01-03,16.0,7.5,0.0,Cairo
2020-01-04,16.9,9.7,0.0,Cairo
2020-01-05,17.8,7.0,0.0,Cairo
2020-01-06,17.8,8.4,0.0,Cairo
2020-01-07,16.1,10.9,0.0,Cairo
2020-01-08,17.0,8.0,0.0,Cairo
2020-01-09,15.8,9.1,2.3,Cairo
2020-01-10,17.9,7.4,0.9,Cairo
2020-01-11,18.6,6.5,0.0,Cairo
2020-01-12,18.9,9.4,0.1,Cairo
2020-01-13,20.2,9.5,0.0,Cairo
2020-01-14,19.9,9.4,0.1,Cairo
2020-01-15,23.3,12.3,0.0,Cairo
2020-01-16,19.3,12.6,0.2,Cairo
2020-01-17,18.9,11.5,1.3,Cairo
2020-01-18,18.4,11.4,0.6,Cairo
2020-01-19,17.3,9.3,0.1,Cairo
2020-01-20,18.3,9.2,0.2,Cairo
2020-01-21,17.8,10.0,0.0,Cairo
2020-01-22,17.6,7.1,0.1,Cairo
2020-01-23,18.1,6.9,0.3,Cairo
2020-01-24,18.4,10.3,0.0,Cairo
2020-01-25,17.9,7.2,0.0,Cairo
2020-01-26,18.7,5.4,0.0,Cairo
2020-01-27,19.9,7.6,0.0,Cairo
2020-01-28,19.7,7.0,0.0,Cairo
2020-01-29,20.4,8.7,0.0,Cairo
2020-01-30,20.6,8.2,0.0,Cairo
2020-01-31,21.1,8.7,0.2,Cairo
2020-02-01,20.6,5.9,0.0,Cairo
2020-02-02,20.7,9.3,0.0,Cairo
2020-02-03,21.1,8.8,0.0,Cairo
2020-02-04,21.7,9.1,0.0,Cairo
2020-02-05,22.0,10.0,0.0,Cairo
2020-02-06,23.8,13.6,0.0,Cairo
2020-02-07,18.3,13.0,0.0,Cairo
2020-02-08,17.6,9.4,0.0,Cairo
2020-02-09,16.2,9.1,0.0,Cairo
2020-02-10,15.8,10.2,0.0,Cairo
2020-02-11,18.6,9.4,0.3,Cairo
2020-02-12,21.3,8.7,0.0,Cairo
2020-02-13,25.2,10.3,0.0,Cairo
2020-02-14,22.1,11.8,0.0,Cairo
2020-02-15,23.1,9.4,0.0,Cairo
2020-02-16,20.5,11.9,0.2,Cairo
2020-02-17,21.6,11.7,0.0,Cairo
2020-02-18,19.7,9.8,0.2,Cairo
2020-02-19,19.0,9.9,0.8,Cairo
2020-02-20,20.4,8.3,0.0,Cairo
2020-02-21,21.7,10.4,0.0,Cairo
2020-02-22,19.4,10.1,0.1,Cairo
2020-02-23,19.4,11.7,0.3,Cairo
2020-02-24,16.2,8.4,1.9,Cairo
2020-02-25,20.2,8.5,2.3,Cairo
2020-02-26,22.5,9.3,0.0,Cairo
2020-02-27,25.2,11.2,0.0,Cairo
2020-02-28,26.7,11.7,0.0,Cairo
2020-02-29,20.7,9.9,0.0,Cairo
2020-03-01,21.6,10.6,0.0,Cairo
2020-03-02,22.8,10.4,0.0,Cairo
2020-03-03,25.1,10.3,0.0,Cairo
2020-03-04,27.1,8.7,0.0,Cairo
2020-03-05,28.0,15.2,0.0,Cairo
2020-03-06,21.0,14.7,0.1,Cairo
2020-03-07,23.6,12.9,0.0,Cairo
2020-03-08,27.1,11.4,0.0,Cairo
2020-03-09,31.3,11.9,0.0,Cairo
2020-03-10,24.2,10.7,0.0,Cairo
2020-03-11,26.0,13.0,0.9,Cairo
2020-03-12,20.9,12.9,39.5,Cairo
2020-03-13,19.9,12.1,8.4,Cairo
2020-03-14,22.7,14.7,1.2,Cairo
2020-03-15,24.9,12.8,0.0,Cairo
2020-03-16,25.6,12.4,0.0,Cairo
2020-03-17,19.0,13.0,0.2,Cairo
2020-03-18,20.0,11.2,0.0,Cairo
2020-03-19,19.9,9.7,0.0,Cairo
2020-03-20,17.2,8.7,0.6,Cairo
2020-03-21,20.2,9.9,0.0,Cairo
2020-03-22,22.4,7.6,0.0,Cairo
2020-03-23,30.2,12.5,0.1,Cairo
2020-03-24,27.0,12.4,0.0,Cairo
2020-03-25,25.0,12.0,0.0,Cairo
2020-03-26,29.5,15.1,0.2,Cairo
2020-03-27,28.0,15.9,0.0,Cairo
2020-03-28,23.9,14.8,0.0,Cairo
2020-03-29,27.1,10.4,0.0,Cairo
2020-03-30,31.2,15.0,0.1,Cairo
2020-03-31,30.6,17.6,0.0,Cairo
2020-04-01,25.0,15.0,0.0,Cairo
2020-04-02,25.8,13.1,0.0,Cairo
2020-04-03,29.4,12.8,0.0,Cairo
2020-04-04,35.2,16.3,0.0,Cairo
2020-04-05,29.0,19.0,0.0,Cairo
2020-04-06,27.2,14.8,0.0,Cairo
2020-04-07,24.7,13.5,0.0,Cairo
2020-04-08,24.0,12.2,0.0,Cairo
2020-04-09,22.7,12.8,0.0,Cairo
2020-04-10,22.9,12.5,0.2,Cairo
2020-04-11,25.4,11.0,0.0,Cairo
2020-04-12,26.6,12.6,0.0,Cairo
2020-04-13,26.9,13.5,0.0,Cairo
2020-04-14,28.0,13.1,0.0,Cairo
2020-04-15,29.6,14.3,0.0,Cairo
2020-04-16,27.9,15.9,0.0,Cairo
2020-04-17,28.2,15.5,0.0,Cairo
2020-04-18,29.5,14.7,0.0,Cairo
2020-04-19,30.1,15.3,0.0,Cairo
2020-04-20,31.4,14.8,0.0,Cairo
2020-04-21,34.2,16.8,0.0,Cairo
2020-04-22,34.7,19.3,0.0,Cairo
2020-04-23,30.5,16.5,0.0,Cairo
2020-04-24,34.3,18.5,0.0,Cairo
2020-04-25,26.1,16.2,0.0,Cairo
2020-04-26,26.5,13.8,0.0,Cairo
2020-04-27,29.5,15.3,0.0,Cairo
2020-04-28,31.4,18.1,0.0,Cairo
2020-04-29,28.5,16.0,0.0,Cairo
2020-04-30,30.8,13.7,0.0,Cairo
2020-05-01,33.1,16.0,0.0,Cairo
2020-05-02,32.3,17.0,0.0,Cairo
2020-05-03,31.8,16.1,0.0,Cairo
2020-05-04,33.3,18.3,0.0,Cairo
2020-05-05,27.5,18.1,0.0,Cairo
2020-05-06,28.5,15.4,0.0,Cairo
2020-05-07,32.9,16.6,0.0,Cairo
2020-05-08,36.1,18.6,0.0,Cairo
2020-05-09,30.4,17.8,0.0,Cairo
2020-05-10,31.3,15.7,0.0,Cairo
2020-05-11,33.1,16.3,0.0,Cairo
2020-05-12,36.5,17.2,0.0,Cairo
2020-05-13,38.0,19.1,0.0,Cairo
2020-05-14,37.5,18.9,0.0,Cairo
2020-05-15,37.4,21.2,0.0,Cairo
2020-05-16,40.4,22.0,0.0,Cairo
2020-05-17,42.1,23.5,0.0,Cairo
2020-05-18,42.9,24.9,0.0,Cairo
2020-05-19,43.3,24.1,0.0,Cairo
2020-05-20,44.0,29.1,0.0,Cairo
2020-05-21,44.3,25.4,0.0,Cairo
2020-05-22,37.7,22.7,0.0,Cairo
2020-05-23,32.6,20.9,0.0,Cairo
2020-05-24,30.1,19.1,0.0,Cairo
2020-05-25,31.1,15.5,0.0,Cairo
2020-05-26,33.8,18.2,0.0,Cairo
2020-05-27,33.2,18.4,0.0,Cairo
2020-05-28,31.1,18.7,0.0,Cairo
2020-05-29,29.6,17.5,0.0,Cairo
2020-05-30,30.6,16.7,0.0,Cairo
2020-05-31,32.5,17.0,0.0,Cairo
2020-06-01,37.8,18.4,0.0,Cairo
2020-06-02,31.8,20.3,0.0,Cairo
2020-06-03,33.3,18.8,0.0,Cairo
2020-06-04,34.9,20.6,0.0,Cairo
2020-06-05,33.7,19.3,0.0,Cairo
2020-06-06,36.9,17.8,0.0,Cairo
2020-06-07,41.2,22.6,0.0,Cairo
2020-06-08,36.7,20.8,0.0,Cairo
2020-06-09,36.4,19.6,0.0,Cairo
2020-06-10,39.7,21.0,0.0,Cairo
2020-06-11,37.1,23.1,0.0,Cairo
2020-06-12,38.0,21.3,0.0,Cairo
2020-06-13,37.9,26.0,0.0,Cairo
2020-06-14,35.0,20.8,0.0,Cairo
2020-06-15,35.5,20.6,0.0,Cairo
2020-06-16,37.0,21.1,0.0,Cairo
2020-06-17,43.0,22.7,0.0,Cairo
2020-06-18,33.5,22.0,0.0,Cairo
2020-06-19,33.8,20.5,0.0,Cairo
2020-06-20,36.4,20.1,0.0,Cairo
2020-06-21,42.0,20.4,0.0,Cairo
2020-06-22,37.7,21.9,0.0,Cairo
2020-06-23,38.6,22.5,0.0,Cairo
2020-06-24,36.7,21.9,0.0,Cairo
2020-06-25,34.6,22.2,0.0,Cairo
2020-06-26,37.2,22.6,0.0,Cairo
2020-06-27,38.5,21.9,0.0,Cairo
2020-06-28,38.8,21.7,0.0,Cairo
2020-06-29,37.7,21.9,0.0,Cairo
2020-06-30,35.9,21.2,0.0,Cairo
2020-07-01,37.5,20.2,0.0,Cairo
2020-07-02,40.3,23.0,0.0,Cairo
2020-07-03,40.2,22.9,0.0,Cairo
2020-07-04,39.0,23.0,0.0,Cairo
2020-07-05,39.8,22.9,0.0,Cairo
2020-07-06,38.5,22.4,0.0,Cairo
2020-07-07,40.1,23.8,0.0,Cairo
2020-07-08,37.3,24.4,0.0,Cairo
2020-07-09,35.9,23.3,0.0,Cairo
2020-07-10,38.0,24.9,0.0,Cairo
2020-07-11,39.3,23.2,0.0,Cairo
2020-07-12,37.1,22.9,0.0,Cairo
2020-07-13,37.6,22.7,0.0,Cairo
2020-07-14,37.9,22.0,0.0,Cairo
2020-07-15,38.5,23.2,0.0,Cairo
2020-07-16,36.8,22.6,0.0,Cairo
2020-07-17,37.0,21.0,0.0,Cairo
2020-07-18,37.1,21.3,0.0,Cairo
2020-07-19,38.2,22.1,0.0,Cairo
2020-07-20,39.3,23.5,0.0,Cairo
2020-07-21,39.0,23.0,0.0,Cairo
2020-07-22,38.7,23.4,0.0,Cairo
2020-07-23,40.2,23.8,0.0,Cairo
2020-07-24,40.0,23.1,0.0,Cairo
2020-07-25,38.6,23.0,0.0,Cairo
2020-07-26,39.1,22.5,0.0,Cairo
2020-07-27,39.2,23.4,0.0,Cairo
2020-07-28,40.2,23.8,0.0,Cairo
2020-07-29,40.2,24.0,0.0,Cairo
2020-07-30,41.4,24.3,0.0,Cairo
2020-07-31,41.5,24.8,0.0,Cairo
2020-08-01,39.1,24.9,0.0,Cairo
2020-08-02,38.6,22.9,0.0,Cairo
2020-08-03,41.0,24.5,0.0,Cairo
2020-08-04,40.0,25.3,0.0,Cairo
2020-08-05,37.6,22.8,0.0,Cairo
2020-08-06,39.5,23.1,0.0,Cairo
2020-08-07,42.9,23.3,0.0,Cairo
2020-08-08,41.2,25.0,0.0,Cairo
2020-08-09,37.9,24.1,0.0,Cairo
2020-08-10,37.7,24.3,0.0,Cairo
2020-08-11,37.1,25.1,0.0,Cairo
2020-08-12,37.6,23.6,0.0,Cairo
2020-08-13,37.9,23.5,0.0,Cairo
2020-08-14,39.3,24.0,0.0,Cairo
2020-08-15,39.2,23.9,0.0,Cairo
2020-08-16,39.7,24.4,0.0,Cairo
2020-08-17,39.1,23.3,0.0,Cairo
2020-08-18,37.9,23.5,0.0,Cairo
2020-08-19,36.6,22.4,0.0,Cairo
2020-08-20,37.4,22.3,0.0,Cairo
2020-08-21,37.5,22.1,0.0,Cairo
2020-08-22,37.6,22.6,0.0,Cairo
2020-08-23,37.9,23.3,0.0,Cairo
2020-08-24,38.3,24.0,0.0,Cairo
2020-08-25,38.7,23.8,0.0,Cairo
2020-08-26,38.6,23.6,0.0,Cairo
2020-08-27,35.9,24.1,0.0,Cairo
2020-08-28,37.5,23.5,0.0,Cairo
2020-08-29,38.3,23.2,0.0,Cairo
2020-08-30,40.3,25.0,0.0,Cairo
2020-08-31,40.2,24.3,0.0,Cairo
2020-09-01,39.8,24.1,0.0,Cairo
2020-09-02,38.3,23.5,0.0,Cairo
2020-09-03,39.0,23.8,0.0,Cairo
2020-09-04,41.1,25.7,0.0,Cairo
2020-09-05,42.2,25.0,0.0,Cairo
2020-09-06,39.1,24.3,0.0,Cairo
2020-09-07,39.1,24.7,0.0,Cairo
2020-09-08,39.5,25.4,0.0,Cairo
2020-09-09,38.7,24.1,0.0,Cairo
2020-09-10,36.8,24.6,0.0,Cairo
2020-09-11,36.5,23.1,0.0,Cairo
2020-09-12,37.4,24.7,0.0,Cairo
2020-09-13,38.2,23.1,0.0,Cairo
2020-09-14,36.8,24.5,0.0,Cairo
2020-09-15,36.8,23.1,0.0,Cairo
2020-09-16,37.8,22.6,0.0,Cairo
2020-09-17,39.0,23.9,0.0,Cairo
2020-09-18,39.5,24.3,0.0,Cairo
2020-09-19,38.8,24.5,0.0,Cairo
2020-09-20,37.6,23.9,0.0,Cairo
2020-09-21,37.3,23.4,0.0,Cairo
2020-09-22,36.3,23.6,0.0,Cairo
2020-09-23,34.8,24.2,0.0,Cairo
2020-09-24,34.9,22.1,0.0,Cairo
2020-09-25,35.9,21.9,0.0,Cairo
2020-09-26,35.0,21.3,0.0,Cairo
2020-09-27,36.5,22.6,0.0,Cairo
2020-09-28,39.9,23.7,0.0,Cairo
2020-09-29,40.0,23.3,0.0,Cairo
2020-09-30,39.4,23.4,0.0,Cairo
2020-10-01,35.7,23.4,0.0,Cairo
2020-10-02,33.5,21.7,0.0,Cairo
2020-10-03,33.8,21.7,0.0,Cairo
2020-10-04,34.4,20.2,0.0,Cairo
2020-10-05,34.4,21.3,0.0,Cairo
2020-10-06,35.1,21.0,0.0,Cairo
2020-10-07,37.2,20.8,0.0,Cairo
2020-10-08,39.2,21.8,0.0,Cairo
2020-10-09,38.1,22.1,0.0,Cairo
2020-10-10,34.8,23.3,0.0,Cairo
2020-10-11,32.5,21.5,0.0,Cairo
2020-10-12,32.1,19.3,0.0,Cairo
2020-10-13,32.6,19.9,0.0,Cairo
2020-10-14,33.2,20.0,0.0,Cairo
2020-10-15,33.8,21.3,0.0,Cairo
2020-10-16,31.7,21.6,0.0,Cairo
2020-10-17,32.5,19.2,0.0,Cairo
2020-10-18,32.5,17.9,0.0,Cairo
2020-10-19,34.1,20.5,0.0,Cairo
2020-10-20,34.2,22.1,0.0,Cairo
2020-10-21,33.5,21.8,0.0,Cairo
2020-10-22,32.5,19.8,0.0,Cairo
2020-10-23,32.2,19.5,0.0,Cairo
2020-10-24,29.3,19.7,0.0,Cairo
2020-10-25,29.3,18.9,0.0,Cairo
2020-10-26,31.3,18.7,0.0,Cairo
2020-10-27,31.3,19.6,0.0,Cairo
2020-10-28,31.1,19.3,0.0,Cairo
2020-10-29,31.6,20.0,0.0,Cairo
2020-10-30,31.0,20.7,0.0,Cairo
2020-10-31,29.6,20.9,0.0,Cairo
2020-11-01,28.9,20.6,2.0,Cairo
2020-11-02,28.5,17.4,0.0,Cairo
2020-11-03,27.0,17.4,0.2,Cairo
2020-11-04,27.4,17.1,0.0,Cairo
2020-11-05,25.9,17.4,0.0,Cairo
2020-11-06,25.3,18.2,0.0,Cairo
2020-11-07,24.6,16.1,0.5,Cairo
2020-11-08,26.5,16.4,0.0,Cairo
2020-11-09,25.9,17.2,0.2,Cairo
2020-11-10,26.1,16.1,0.0,Cairo
2020-11-11,26.6,15.5,0.0,Cairo
2020-11-12,27.2,15.1,0.0,Cairo
2020-11-13,27.4,14.3,0.0,Cairo
2020-11-14,26.6,14.7,0.4,Cairo
2020-11-15,24.6,14.5,0.0,Cairo
2020-11-16,24.8,14.2,0.0,Cairo
2020-11-17,25.9,14.3,0.0,Cairo
2020-11-18,27.3,15.2,0.0,Cairo
2020-11-19,25.4,14.0,0.0,Cairo
2020-11-20,22.8,14.3,2.0,Cairo
2020-11-21,22.1,11.9,0.0,Cairo
2020-11-22,24.7,12.4,0.0,Cairo
2020-11-23,25.0,12.5,0.0,Cairo
2020-11-24,25.5,16.5,0.0,Cairo
2020-11-25,22.8,13.2,0.9,Cairo
2020-11-26,22.3,13.9,0.7,Cairo
2020-11-27,22.3,12.3,0.3,Cairo
2020-11-28,22.0,12.0,0.1,Cairo
2020-11-29,23.2,10.8,0.0,Cairo
2020-11-30,23.4,9.8,0.0,Cairo
2020-12-01,22.7,12.1,0.0,Cairo
2020-12-02,22.9,12.5,0.0,Cairo
2020-12-03,24.0,11.3,0.0,Cairo
2020-12-04,23.0,11.3,0.0,Cairo
2020-12-05,23.5,10.7,0.0,Cairo
2020-12-06,23.6,10.0,0.0,Cairo
2020-12-07,27.5,13.9,0.1,Cairo
2020-12-08,24.4,13.3,0.0,Cairo
2020-12-09,23.8,13.3,0.0,Cairo
2020-12-10,24.2,10.2,0.0,Cairo
2020-12-11,26.2,12.4,0.0,Cairo
2020-12-12,24.4,11.5,0.1,Cairo
2020-12-13,28.1,11.3,0.0,Cairo
2020-12-14,21.7,15.0,0.0,Cairo
2020-12-15,21.1,13.6,0.1,Cairo
2020-12-16,20.7,14.4,0.6,Cairo
2020-12-17,22.5,12.4,0.1,Cairo
2020-12-18,23.0,11.6,0.0,Cairo
2020-12-19,22.5,11.2,0.0,Cairo
2020-12-20,22.3,12.1,0.0,Cairo
2020-12-21,23.0,9.3,0.0,Cairo
2020-12-22,23.0,11.1,0.0,Cairo
2020-12-23,22.1,12.2,0.0,Cairo
2020-12-24,20.9,10.6,0.0,Cairo
2020-12-25,21.5,10.3,0.0,Cairo
2020-12-26,23.6,11.5,0.0,Cairo
2020-12-27,24.4,9.6,0.0,Cairo
2020-12-28,21.7,8.8,0.0,Cairo
2020-12-29,22.5,10.6,0.0,Cairo
2020-12-30,22.4,11.1,0.0,Cairo
2020-12-31,22.4,9.8,0.0,Cairo
2021-01-01,22.1,10.7,0.0,Cairo
2021-01-02,23.1,11.7,0.0,Cairo
2021-01-03,22.7,11.9,0.0,Cairo
2021-01-04,23.6,12.7,0.0,Cairo
2021-01-05,24.6,10.5,0.0,Cairo
2021-01-06,25.6,14.4,0.0,Cairo
2021-01-07,25.8,13.5,0.0,Cairo
2021-01-08,25.9,12.6,0.0,Cairo
2021-01-09,23.9,12.1,0.0,Cairo
2021-01-10,24.7,13.2,0.0,Cairo
2021-01-11,25.9,13.3,0.0,Cairo
2021-01-12,28.1,11.1,0.0,Cairo
2021-01-13,24.3,15.8,0.0,Cairo
2021-01-14,19.1,11.4,0.0,Cairo
2021-01-15,19.7,9.7,0.0,Cairo
2021-01-16,20.0,9.8,0.0,Cairo
2021-01-17,19.5,11.0,0.1,Cairo
2021-01-18,17.9,8.9,0.0,Cairo
2021-01-19,19.0,9.5,0.0,Cairo
2021-01-20,17.0,10.0,0.2,Cairo
2021-01-21,18.2,6.6,0.0,Cairo
2021-01-22,19.4,7.9,0.0,Cairo
2021-01-23,21.0,6.0,0.0,Cairo
2021-01-24,20.4,8.6,0.0,Cairo
2021-01-25,21.3,7.8,0.0,Cairo
2021-01-26,22.6,8.5,0.0,Cairo
2021-01-27,23.2,9.4,0.0,Cairo
2021-01-28,18.4,9.6,0.0,Cairo
2021-01-29,17.0,11.0,0.3,Cairo
2021-01-30,19.5,7.9,0.0,Cairo
2021-01-31,24.2,10.4,0.0,Cairo
2021-02-01,27.8,11.1,0.0,Cairo
2021-02-02,27.7,9.6,0.0,Cairo
2021-02-03,26.9,11.3,0.0,Cairo
2021-02-04,21.2,10.6,1.8,Cairo
2021-02-05,22.9,13.6,0.0,Cairo
2021-02-06,22.9,11.3,0.0,Cairo
2021-02-07,23.8,10.5,0.0,Cairo
2021-02-08,27.6,10.2,0.0,Cairo
2021-02-09,28.9,13.9,0.0,Cairo
2021-02-10,26.4,11.1,0.0,Cairo
2021-02-11,24.9,11.3,0.0,Cairo
2021-02-12,24.3,12.5,0.0,Cairo
2021-02-13,22.8,11.9,0.2,Cairo
2021-02-14,23.1,10.5,0.0,Cairo
2021-02-15,22.6,8.7,0.0,Cairo
2021-02-16,14.6,8.6,0.4,Cairo
2021-02-17,12.9,6.4,1.5,Cairo
2021-02-18,16.1,8.7,0.0,Cairo
2021-02-19,17.8,10.2,0.3,Cairo
2021-02-20,19.5,7.6,0.0,Cairo
2021-02-21,18.9,7.4,0.0,Cairo
2021-02-22,19.8,8.2,0.0,Cairo
2021-02-23,18.6,9.6,2.6,Cairo
2021-02-24,22.3,9.5,0.5,Cairo
2021-02-25,22.5,10.8,0.0,Cairo
2021-02-26,22.6,10.3,0.0,Cairo
2021-02-27,23.5,11.9,0.2,Cairo
2021-02-28,21.5,11.8,0.0,Cairo
2021-03-01,23.2,9.2,0.1,Cairo
2021-03-02,21.6,10.6,0.0,Cairo
2021-03-03,18.7,9.1,0.1,Cairo
2021-03-04,20.0,7.4,0.0,Cairo
2021-03-05,22.8,9.5,0.0,Cairo
2021-03-06,25.1,10.0,0.0,Cairo
2021-03-07,24.9,11.1,0.0,Cairo
2021-03-08,25.0,10.3,0.0,Cairo
2021-03-09,30.6,12.7,0.0,Cairo
2021-03-10,35.3,16.1,0.0,Cairo
2021-03-11,27.8,15.0,0.0,Cairo
2021-03-12,23.4,13.7,0.0,Cairo
2021-03-13,23.4,10.1,0.0,Cairo
2021-03-14,25.0,10.2,0.0,Cairo
2021-03-15,27.0,13.5,0.3,Cairo
2021-03-16,25.3,12.3,0.0,Cairo
2021-03-17,24.5,11.1,0.0,Cairo
2021-03-18,23.7,12.3,0.0,Cairo
2021-03-19,24.6,11.4,0.0,Cairo
2021-03-20,32.0,14.2,0.0,Cairo
2021-03-21,34.5,14.7,0.0,Cairo
2021-03-22,36.4,25.8,0.0,Cairo
2021-03-23,34.1,17.3,0.0,Cairo
2021-03-24,21.6,14.2,0.0,Cairo
2021-03-25,21.0,9.8,0.0,Cairo
2021-03-26,19.1,11.0,0.5,Cairo
2021-03-27,21.7,7.8,0.0,Cairo
2021-03-28,21.5,11.3,0.0,Cairo
2021-03-29,22.3,9.9,0.0,Cairo
2021-03-30,23.0,11.5,0.0,Cairo
2021-03-31,22.1,11.6,0.1,Cairo
2021-04-01,21.7,10.0,0.0,Cairo
2021-04-02,21.8,10.8,0.0,Cairo
2021-04-03,24.7,10.5,0.0,Cairo
2021-04-04,28.6,12.5,0.0,Cairo
2021-04-05,33.1,12.9,0.0,Cairo
2021-04-06,34.7,13.7,0.0,Cairo
2021-04-07,35.3,15.8,0.0,Cairo
2021-04-08,29.8,14.9,0.0,Cairo
2021-04-09,26.9,12.8,0.0,Cairo
2021-04-10,21.2,13.2,0.0,Cairo
2021-04-11,22.5,11.4,0.0,Cairo
2021-04-12,24.3,10.2,0.0,Cairo
2021-04-13,25.0,10.2,0.0,Cairo
2021-04-14,27.9,12.7,0.0,Cairo
2021-04-15,31.4,13.0,0.0,Cairo
2021-04-16,34.4,15.7,0.0,Cairo
2021-04-17,35.9,18.0,0.0,Cairo
2021-04-18,41.3,20.4,0.0,Cairo
2021-04-19,41.2,22.6,0.0,Cairo
2021-04-20,34.0,20.0,0.0,Cairo
2021-04-21,30.4,16.0,0.0,Cairo
2021-04-22,30.0,15.2,0.0,Cairo
2021-04-23,30.4,14.1,0.0,Cairo
2021-04-24,33.2,14.6,0.0,Cairo
2021-04-25,37.3,16.2,0.0,Cairo
2021-04-26,28.6,17.9,0.0,Cairo
2021-04-27,30.0,15.8,0.0,Cairo
2021-04-28,33.5,14.9,0.0,Cairo
2021-04-29,37.1,17.8,0.0,Cairo
2021-04-30,39.3,19.2,0.0,Cairo
2021-05-01,39.4,20.5,0.0,Cairo
2021-05-02,38.2,20.0,0.0,Cairo
2021-05-03,40.6,20.5,0.0,Cairo
2021-05-04,42.2,21.5,0.0,Cairo
2021-05-05,41.0,23.3,0.0,Cairo
2021-05-06,39.7,22.1,0.0,Cairo
2021-05-07,39.5,21.9,0.0,Cairo
2021-05-08,43.4,21.4,0.0,Cairo
2021-05-09,42.1,28.0,0.0,Cairo
2021-05-10,36.5,20.5,0.0,Cairo
2021-05-11,33.3,19.2,0.0,Cairo
2021-05-12,33.0,17.8,0.0,Cairo
2021-05-13,34.3,16.7,0.0,Cairo
2021-05-14,35.6,17.7,0.0,Cairo
2021-05-15,36.3,18.6,0.0,Cairo
2021-05-16,40.0,18.9,0.0,Cairo
2021-05-17,32.8,19.5,0.0,Cairo
2021-05-18,34.5,18.5,0.0,Cairo
2021-05-19,35.9,18.9,0.0,Cairo
2021-05-20,37.7,19.2,0.0,Cairo
2021-05-21,36.4,18.1,0.0,Cairo
2021-05-22,31.5,20.4,0.0,Cairo
2021-05-23,32.4,19.1,0.0,Cairo
2021-05-24,34.7,18.0,0.0,Cairo
2021-05-25,36.3,18.7,0.0,Cairo
2021-05-26,38.4,19.8,0.0,Cairo
2021-05-27,38.7,20.1,0.0,Cairo
2021-05-28,35.3,20.3,0.0,Cairo
2021-05-29,34.8,19.6,0.0,Cairo
2021-05-30,37.9,20.3,0.0,Cairo
2021-05-31,40.2,26.2,0.0,Cairo
2021-06-01,37.0,21.0,0.0,Cairo
2021-06-02,34.5,20.5,0.0,Cairo
2021-06-03,33.7,18.8,0.0,Cairo
2021-06-04,33.4,18.2,0.0,Cairo
2021-06-05,33.4,18.8,0.0,Cairo
2021-06-06,33.8,18.6,0.0,Cairo
2021-06-07,34.3,17.2,0.0,Cairo
2021-06-08,36.1,18.5,0.0,Cairo
2021-06-09,40.1,20.8,0.0,Cairo
2021-06-10,38.1,22.1,0.0,Cairo
2021-06-11,38.0,21.7,0.0,Cairo
2021-06-12,38.3,22.0,0.0,Cairo
2021-06-13,36.8,21.7,0.0,Cairo
2021-06-14,33.4,19.8,0.0,Cairo
2021-06-15,33.8,19.6,0.0,Cairo
2021-06-16,34.0,19.9,0.0,Cairo
2021-06-17,33.9,19.1,0.0,Cairo
2021-06-18,35.5,20.3,0.0,Cairo
2021-06-19,36.0,19.2,0.0,Cairo
2021-06-20,37.0,19.9,0.0,Cairo
2021-06-21,37.2,21.9,0.0,Cairo
2021-06-22,37.0,22.2,0.0,Cairo
2021-06-23,37.4,21.9,0.0,Cairo
2021-06-24,38.7,22.4,0.0,Cairo
2021-06-25,37.3,21.9,0.0,Cairo
2021-06-26,38.5,22.0,0.0,Cairo
2021-06-27,41.1,23.7,0.0,Cairo
2021-06-28,41.6,24.3,0.0,Cairo
2021-06-29,40.6,23.4,0.0,Cairo
2021-06-30,40.3,23.4,0.0,Cairo
2021-07-01,41.4,23.8,0.0,Cairo
2021-07-02,42.8,22.6,0.0,Cairo
2021-07-03,41.5,25.3,0.0,Cairo
2021-07-04,38.2,22.7,0.0,Cairo
2021-07-05,37.4,21.9,0.0,Cairo
2021-07-06,38.6,21.2,0.0,Cairo
2021-07-07,39.2,22.9,0.0,Cairo
2021-07-08,38.7,23.1,0.0,Cairo
2021-07-09,38.1,24.3,0.0,Cairo
2021-07-10,37.8,23.5,0.0,Cairo
2021-07-11,37.8,22.8,0.0,Cairo
2021-07-12,38.9,23.4,0.0,Cairo
2021-07-13,38.8,22.8,0.0,Cairo
2021-07-14,38.0,22.3,0.0,Cairo
2021-07-15,39.6,22.2,0.0,Cairo
2021-07-16,41.2,24.4,0.0,Cairo
2021-07-17,40.3,24.9,0.0,Cairo
2021-07-18,40.2,24.1,0.0,Cairo
2021-07-19,40.8,24.7,0.0,Cairo
2021-07-20,40.5,26.4,0.0,Cairo
2021-07-21,40.1,26.1,0.0,Cairo
2021-07-22,36.9,24.7,0.0,Cairo
2021-07-23,37.1,25.0,0.0,Cairo
2021-07-24,35.8,24.5,0.0,Cairo
2021-07-25,36.8,23.1,0.0,Cairo
2021-07-26,37.0,23.4,0.0,Cairo
2021-07-27,38.5,23.6,0.0,Cairo
2021-07-28,39.9,23.1,0.0,Cairo
2021-07-29,39.6,22.8,0.0,Cairo
2021-07-30,40.1,23.1,0.0,Cairo
2021-07-31,40.4,24.0,0.0,Cairo
2021-08-01,41.6,24.6,0.0,Cairo
2021-08-02,41.1,24.4,0.0,Cairo
2021-08-03,41.8,25.6,0.0,Cairo
2021-08-04,43.6,25.8,0.0,Cairo
2021-08-05,44.4,26.9,0.0,Cairo
2021-08-06,42.5,26.2,0.0,Cairo
2021-08-07,42.2,26.0,0.0,Cairo
2021-08-08,39.2,23.9,0.0,Cairo
2021-08-09,38.4,23.5,0.0,Cairo
2021-08-10,39.1,24.6,0.0,Cairo
2021-08-11,39.8,24.1,0.0,Cairo
2021-08-12,39.6,25.2,0.0,Cairo
2021-08-13,40.0,24.9,0.0,Cairo
2021-08-14,38.7,24.2,0.0,Cairo
2021-08-15,39.4,24.0,0.0,Cairo
2021-08-16,38.9,23.7,0.0,Cairo
2021-08-17,37.6,22.3,0.0,Cairo
2021-08-18,36.3,22.5,0.0,Cairo
2021-08-19,37.9,21.8,0.0,Cairo
2021-08-20,38.7,23.3,0.0,Cairo
2021-08-21,40.8,23.8,0.0,Cairo
2021-08-22,39.4,23.9,0.0,Cairo
2021-08-23,36.7,22.2,0.0,Cairo
2021-08-24,36.2,22.1,0.0,Cairo
2021-08-25,37.4,24.5,0.0,Cairo
2021-08-26,38.6,23.4,0.0,Cairo
2021-08-27,39.2,24.3,0.0,Cairo
2021-08-28,38.6,23.0,0.0,Cairo
2021-08-29,40.0,22.7,0.0,Cairo
2021-08-30,37.9,25.0,0.0,Cairo
2021-08-31,37.6,23.6,0.0,Cairo
2021-09-01,37.6,23.2,0.0,Cairo
2021-09-02,38.0,23.2,0.0,Cairo
2021-09-03,37.8,22.6,0.0,Cairo
2021-09-04,36.4,22.4,0.0,Cairo
2021-09-05,36.1,24.0,0.0,Cairo
2021-09-06,36.1,22.6,0.0,Cairo
2021-09-07,36.4,21.0,0.0,Cairo
2021-09-08,40.1,24.0,0.0,Cairo
2021-09-09,39.1,26.0,0.0,Cairo
2021-09-10,34.9,22.8,0.0,Cairo
2021-09-11,33.6,22.3,0.0,Cairo
2021-09-12,35.2,20.6,0.0,Cairo
2021-09-13,39.8,25.0,0.0,Cairo
2021-09-14,36.8,22.3,0.0,Cairo
2021-09-15,33.5,23.7,0.0,Cairo
2021-09-16,33.4,21.3,0.0,Cairo
2021-09-17,33.2,22.9,0.0,Cairo
2021-09-18,34.5,23.0,0.0,Cairo
2021-09-19,36.5,20.8,0.0,Cairo
2021-09-20,38.5,21.8,0.0,Cairo
2021-09-21,38.3,23.0,0.0,Cairo
2021-09-22,38.1,22.3,0.0,Cairo
2021-09-23,34.9,21.4,0.0,Cairo
2021-09-24,30.8,22.9,0.0,Cairo
2021-09-25,31.9,18.4,0.0,Cairo
2021-09-26,32.9,20.4,0.0,Cairo
2021-09-27,31.6,19.8,0.0,Cairo
2021-09-28,32.6,20.1,0.0,Cairo
2021-09-29,33.3,19.5,0.0,Cairo
2021-09-30,34.3,20.7,0.0,Cairo
2021-10-01,32.7,20.5,0.0,Cairo
2021-10-02,31.3,19.0,0.0,Cairo
2021-10-03,31.5,20.5,0.0,Cairo
2021-10-04,31.3,18.3,0.0,Cairo
2021-10-05,30.8,18.0,0.0,Cairo
2021-10-06,31.0,18.8,0.0,Cairo
2021-10-07,31.4,19.5,0.0,Cairo
2021-10-08,31.9,19.0,0.0,Cairo
2021-10-09,32.5,19.7,0.0,Cairo
2021-10-10,33.4,19.8,0.0,Cairo
2021-10-11,33.6,19.6,0.0,Cairo
2021-10-12,34.4,21.4,0.0,Cairo
2021-10-13,34.0,21.0,0.0,Cairo
2021-10-14,33.3,19.9,0.0,Cairo
2021-10-15,34.0,20.2,0.0,Cairo
2021-10-16,34.7,21.1,0.0,Cairo
2021-10-17,32.5,20.7,0.0,Cairo
2021-10-18,29.5,17.9,0.0,Cairo
2021-10-19,29.6,17.8,0.0,Cairo
2021-10-20,29.2,17.5,0.0,Cairo
2021-10-21,28.5,16.5,0.0,Cairo
2021-10-22,28.8,16.7,0.0,Cairo
2021-10-23,29.0,17.5,0.0,Cairo
2021-10-24,27.9,15.2,0.0,Cairo
2021-10-25,28.8,16.7,0.0,Cairo
2021-10-26,29.7,16.0,0.0,Cairo
2021-10-27,31.9,18.9,0.0,Cairo
2021-10-28,35.0,19.5,0.0,Cairo
2021-10-29,30.9,18.0,0.0,Cairo
2021-10-30,31.1,21.4,0.3,Cairo
2021-10-31,33.6,21.4,0.0,Cairo
2021-11-01,30.5,19.8,0.0,Cairo
2021-11-02,29.2,18.6,0.0,Cairo
2021-11-03,31.4,18.7,0.0,Cairo
2021-11-04,29.3,18.9,0.0,Cairo
2021-11-05,30.3,19.0,0.0,Cairo
2021-11-06,31.2,19.0,0.0,Cairo
2021-11-07,31.4,20.0,0.0,Cairo
2021-11-08,31.1,19.6,0.0,Cairo
2021-11-09,31.6,16.4,0.0,Cairo
2021-11-10,29.7,16.8,0.0,Cairo
2021-11-11,26.5,15.9,0.0,Cairo
2021-11-12,26.5,17.3,0.0,Cairo
2021-11-13,29.5,13.9,0.0,Cairo
2021-11-14,29.4,15.6,0.0,Cairo
2021-11-15,27.4,17.1,0.0,Cairo
2021-11-16,25.1,15.4,0.0,Cairo
2021-11-17,26.7,16.1,0.0,Cairo
2021-11-18,26.2,15.3,0.2,Cairo
2021-11-19,26.0,15.1,0.0,Cairo
2021-11-20,23.3,14.2,1.8,Cairo
2021-11-21,21.4,12.5,1.0,Cairo
2021-11-22,23.7,13.2,0.2,Cairo
2021-11-23,25.3,13.5,0.0,Cairo
2021-11-24,25.7,12.8,0.0,Cairo
2021-11-25,27.1,16.4,0.0,Cairo
2021-11-26,26.3,14.3,0.0,Cairo
2021-11-27,29.5,14.2,0.0,Cairo
2021-11-28,32.3,15.5,0.0,Cairo
2021-11-29,34.3,14.7,0.0,Cairo
2021-11-30,29.4,17.1,0.0,Cairo
2021-12-01,22.2,15.8,0.3,Cairo
2021-12-02,22.9,14.3,0.0,Cairo
2021-12-03,22.7,11.6,0.0,Cairo
2021-12-04,22.7,11.9,0.0,Cairo
2021-12-05,20.8,13.5,0.0,Cairo
2021-12-06,22.2,12.1,0.0,Cairo
2021-12-07,21.1,12.3,0.0,Cairo
2021-12-08,19.9,10.9,0.0,Cairo
2021-12-09,21.9,10.0,0.0,Cairo
2021-12-10,24.7,12.7,0.0,Cairo
2021-12-11,25.1,10.5,0.0,Cairo
2021-12-12,25.3,10.6,0.0,Cairo
2021-12-13,24.0,12.8,0.0,Cairo
2021-12-14,21.9,11.8,0.0,Cairo
2021-12-15,19.6,9.0,0.0,Cairo
2021-12-16,19.8,9.7,0.0,Cairo
2021-12-17,19.2,9.1,0.2,Cairo
2021-12-18,18.9,9.0,0.0,Cairo
2021-12-19,18.2,10.3,0.0,Cairo
2021-12-20,15.3,8.5,2.6,Cairo
2021-12-21,18.3,7.3,0.0,Cairo
2021-12-22,19.0,8.4,0.7,Cairo
2021-12-23,17.6,9.3,0.1,Cairo
2021-12-24,18.5,8.4,0.0,Cairo
2021-12-25,19.2,9.0,0.0,Cairo
2021-12-26,19.5,5.8,0.0,Cairo
2021-12-27,20.6,7.1,0.0,Cairo
2021-12-28,20.1,9.9,0.0,Cairo
2021-12-29,20.3,7.8,0.9,Cairo
2021-12-30,18.3,12.2,1.5,Cairo
2021-12-31,17.6,11.6,6.2,Cairo
2022-01-01,18.3,8.7,0.2,Cairo
2022-01-02,19.4,8.8,0.6,Cairo
2022-01-03,20.6,10.3,0.0,Cairo
2022-01-04,19.5,10.5,0.0,Cairo
2022-01-05,20.3,10.3,0.0,Cairo
2022-01-06,20.4,7.8,0.0,Cairo
2022-01-07,19.6,7.4,0.0,Cairo
2022-01-08,21.9,6.8,0.0,Cairo
2022-01-09,18.1,8.9,0.0,Cairo
2022-01-10,17.4,8.3,0.0,Cairo
2022-01-11,20.2,8.4,0.0,Cairo
2022-01-12,20.1,10.2,0.0,Cairo
2022-01-13,19.7,8.6,0.0,Cairo
2022-01-14,16.1,9.7,0.2,Cairo
2022-01-15,16.9,8.1,0.0,Cairo
2022-01-16,18.0,8.9,0.6,Cairo
2022-01-17,15.8,5.8,0.0,Cairo
2022-01-18,16.2,5.2,0.0,Cairo
2022-01-19,14.4,8.3,3.2,Cairo
2022-01-20,15.4,5.9,0.0,Cairo
2022-01-21,16.0,3.7,0.0,Cairo
2022-01-22,16.8,4.4,0.0,Cairo
2022-01-23,17.4,7.6,0.0,Cairo
2022-01-24,15.8,6.2,0.2,Cairo
2022-01-25,16.0,4.2,0.0,Cairo
2022-01-26,11.5,7.7,3.2,Cairo
2022-01-27,15.0,6.3,0.0,Cairo
2022-01-28,15.7,5.8,0.0,Cairo
2022-01-29,17.0,5.4,0.0,Cairo
2022-01-30,18.1,6.1,0.0,Cairo
2022-01-31,17.1,8.2,1.0,Cairo
2022-02-01,18.8,8.3,0.0,Cairo
2022-02-02,20.3,7.2,0.0,Cairo
2022-02-03,18.5,9.7,0.4,Cairo
2022-02-04,16.8,9.7,1.2,Cairo
2022-02-05,18.0,8.5,0.0,Cairo
2022-02-06,19.5,6.5,0.0,Cairo
2022-02-07,22.4,7.1,0.0,Cairo
2022-02-08,23.9,7.7,0.0,Cairo
2022-02-09,17.8,7.7,0.0,Cairo
2022-02-10,16.6,8.7,0.0,Cairo
2022-02-11,19.6,7.6,0.0,Cairo
2022-02-12,21.2,7.3,0.0,Cairo
2022-02-13,22.0,8.7,0.0,Cairo
2022-02-14,20.4,7.4,0.0,Cairo
2022-02-15,20.1,8.2,0.0,Cairo
2022-02-16,20.3,9.0,0.0,Cairo
2022-02-17,19.0,10.2,0.0,Cairo
2022-02-18,20.0,7.0,7.6,Cairo
2022-02-19,15.4,8.6,11.4,Cairo
2022-02-20,20.3,7.8,0.0,Cairo
2022-02-21,22.6,8.5,0.0,Cairo
2022-02-22,24.0,9.4,0.0,Cairo
2022-02-23,24.7,11.1,0.5,Cairo
2022-02-24,18.1,9.4,2.0,Cairo
2022-02-25,18.1,10.9,0.1,Cairo
2022-02-26,20.4,9.9,0.0,Cairo
2022-02-27,21.8,8.2,0.0,Cairo
2022-02-28,23.6,9.4,0.0,Cairo
2022-03-01,26.0,9.7,0.0,Cairo
2022-03-02,28.9,13.8,0.0,Cairo
2022-03-03,19.7,12.4,0.0,Cairo
2022-03-04,20.6,7.7,0.0,Cairo
2022-03-05,24.3,10.5,0.0,Cairo
2022-03-06,30.3,15.7,0.1,Cairo
2022-03-07,24.2,14.2,0.0,Cairo
2022-03-08,25.5,13.3,0.0,Cairo
2022-03-09,23.8,13.3,0.8,Cairo
2022-03-10,19.6,10.0,0.0,Cairo
2022-03-11,17.1,9.5,0.0,Cairo
2022-03-12,17.6,7.4,0.0,Cairo
2022-03-13,18.1,6.2,0.0,Cairo
2022-03-14,15.6,5.7,0.0,Cairo
2022-03-15,15.8,5.9,0.0,Cairo
2022-03-16,18.7,7.7,0.0,Cairo
2022-03-17,20.5,5.6,0.0,Cairo
2022-03-18,22.0,8.9,0.0,Cairo
2022-03-19,21.4,8.0,0.0,Cairo
2022-03-20,18.7,9.2,1.1,Cairo
2022-03-21,18.7,9.0,0.4,Cairo
2022-03-22,17.7,6.4,0.0,Cairo
2022-03-23,17.9,6.9,0.0,Cairo
2022-03-24,18.4,8.3,1.0,Cairo
2022-03-25,18.9,8.6,0.0,Cairo
2022-03-26,23.8,9.0,0.0,Cairo
2022-03-27,24.6,8.9,0.0,Cairo
2022-03-28,23.9,9.4,0.0,Cairo
2022-03-29,27.8,10.1,0.0,Cairo
2022-03-30,29.0,9.3,0.0,Cairo
2022-03-31,30.5,12.9,0.0,Cairo
2022-04-01,34.1,12.0,0.0,Cairo
2022-04-02,36.4,15.6,0.0,Cairo
2022-04-03,30.9,16.5,0.0,Cairo
2022-04-04,33.5,16.0,0.0,Cairo
2022-04-05,40.5,16.0,0.0,Cairo
2022-04-06,37.8,23.1,0.0,Cairo
2022-04-07,39.0,18.4,0.0,Cairo
2022-04-08,31.1,18.6,0.0,Cairo
2022-04-09,29.3,13.5,0.0,Cairo
2022-04-10,31.1,14.8,0.0,Cairo
2022-04-11,30.4,14.9,0.0,Cairo
2022-04-12,24.3,13.6,0.0,Cairo
2022-04-13,26.1,11.6,0.0,Cairo
2022-04-14,27.4,13.4,0.0,Cairo
2022-04-15,28.7,12.5,0.0,Cairo
2022-04-16,32.0,14.2,0.0,Cairo
2022-04-17,41.1,16.5,0.0,Cairo
2022-04-18,31.4,21.2,0.0,Cairo
2022-04-19,28.3,15.6,2.7,Cairo
2022-04-20,26.3,13.8,0.0,Cairo
2022-04-21,27.5,13.7,0.0,Cairo
2022-04-22,28.6,13.6,0.0,Cairo
2022-04-23,31.7,14.8,0.0,Cairo
2022-04-24,32.7,13.8,0.0,Cairo
2022-04-25,34.4,16.4,0.0,Cairo
2022-04-26,35.3,16.9,0.0,Cairo
2022-04-27,33.5,15.9,0.0,Cairo
2022-04-28,33.7,15.5,0.0,Cairo
2022-04-29,39.3,17.5,0.0,Cairo
2022-04-30,32.4,21.4,0.0,Cairo
2022-05-01,31.6,16.6,0.0,Cairo
2022-05-02,33.6,18.5,0.0,Cairo
2022-05-03,32.4,21.0,0.0,Cairo
2022-05-04,28.9,18.3,0.0,Cairo
2022-05-05,27.7,14.2,0.0,Cairo
2022-05-06,29.3,14.7,0.0,Cairo
2022-05-07,30.0,13.5,0.0,Cairo
2022-05-08,33.1,16.8,0.0,Cairo
2022-05-09,35.0,19.5,0.0,Cairo
2022-05-10,32.4,17.4,0.0,Cairo
2022-05-11,32.1,18.1,0.0,Cairo
2022-05-12,32.1,17.0,0.0,Cairo
2022-05-13,34.3,17.3,0.0,Cairo
2022-05-14,34.1,19.4,0.0,Cairo
2022-05-15,32.0,17.5,0.0,Cairo
2022-05-16,29.8,17.5,0.0,Cairo
2022-05-17,33.6,16.6,0.0,Cairo
2022-05-18,35.1,17.6,0.0,Cairo
2022-05-19,36.5,18.6,0.0,Cairo
2022-05-20,37.8,19.9,0.0,Cairo
2022-05-21,31.1,19.4,0.0,Cairo
2022-05-22,29.2,15.1,0.0,Cairo
2022-05-23,32.8,15.8,0.0,Cairo
2022-05-24,35.1,16.8,0.0,Cairo
2022-05-25,35.5,18.6,0.0,Cairo
2022-05-26,35.8,19.4,0.0,Cairo
2022-05-27,37.3,19.8,0.0,Cairo
2022-05-28,38.4,20.4,0.0,Cairo
2022-05-29,39.3,20.2,0.0,Cairo
2022-05-30,41.4,22.3,0.0,Cairo
2022-05-31,38.4,22.6,0.0,Cairo
2022-06-01,34.2,19.7,0.0,Cairo
2022-06-02,34.4,18.9,0.0,Cairo
2022-06-03,35.7,18.9,0.0,Cairo
2022-06-04,37.7,21.9,0.0,Cairo
2022-06-05,37.4,21.8,0.0,Cairo
2022-06-06,36.0,21.7,0.0,Cairo
2022-06-07,36.5,21.5,0.0,Cairo
2022-06-08,38.7,21.0,0.0,Cairo
2022-06-09,42.0,24.7,0.0,Cairo
2022-06-10,41.1,23.9,0.0,Cairo
2022-06-11,44.1,22.8,0.0,Cairo
2022-06-12,35.2,23.1,0.0,Cairo
2022-06-13,33.6,21.5,0.0,Cairo
2022-06-14,34.7,21.8,0.0,Cairo
2022-06-15,36.7,22.1,0.0,Cairo
2022-06-16,36.4,22.3,0.0,Cairo
2022-06-17,37.3,21.8,0.0,Cairo
2022-06-18,37.0,22.6,0.0,Cairo
2022-06-19,36.1,19.8,0.0,Cairo
2022-06-20,36.0,19.8,0.0,Cairo
2022-06-21,34.9,19.7,0.0,Cairo
2022-06-22,36.4,20.1,0.0,Cairo
2022-06-23,38.8,20.5,0.0,Cairo
2022-06-24,40.5,23.0,0.0,Cairo
2022-06-25,37.8,23.7,0.0,Cairo
2022-06-26,37.4,21.2,0.0,Cairo
2022-06-27,36.5,22.5,0.0,Cairo
2022-06-28,35.4,22.2,0.0,Cairo
2022-06-29,35.7,22.5,0.0,Cairo
2022-06-30,34.9,23.1,0.0,Cairo
2022-07-01,36.0,22.5,0.0,Cairo
2022-07-02,36.7,22.0,0.0,Cairo
2022-07-03,38.0,23.1,0.0,Cairo
2022-07-04,38.8,24.3,0.0,Cairo
2022-07-05,38.0,23.5,0.0,Cairo
2022-07-06,37.8,21.9,0.0,Cairo
2022-07-07,38.0,21.0,0.0,Cairo
2022-07-08,37.0,21.4,0.0,Cairo
2022-07-09,39.2,22.7,0.0,Cairo
2022-07-10,38.0,23.4,0.0,Cairo
2022-07-11,35.4,22.7,0.0,Cairo
2022-07-12,37.4,21.5,0.0,Cairo
2022-07-13,37.0,22.6,0.0,Cairo
2022-07-14,37.4,22.7,0.0,Cairo
2022-07-15,35.4,20.9,0.0,Cairo
2022-07-16,37.0,21.5,0.0,Cairo
2022-07-17,38.3,23.0,0.0,Cairo
2022-07-18,39.8,21.6,0.0,Cairo
2022-07-19,40.0,23.1,0.0,Cairo
2022-07-20,39.2,24.6,0.0,Cairo
2022-07-21,38.1,22.5,0.0,Cairo
2022-07-22,38.0,22.2,0.0,Cairo
2022-07-23,39.2,21.6,0.0,Cairo
2022-07-24,39.8,21.7,0.0,Cairo
2022-07-25,39.6,20.9,0.0,Cairo
2022-07-26,39.6,21.9,0.0,Cairo
2022-07-27,39.4,22.6,0.0,Cairo
2022-07-28,40.2,22.9,0.0,Cairo
2022-07-29,40.1,22.9,0.0,Cairo
2022-07-30,39.2,23.3,0.0,Cairo
2022-07-31,37.9,21.3,0.0,Cairo
2022-08-01,40.3,23.5,0.0,Cairo
2022-08-02,39.1,23.6,0.0,Cairo
2022-08-03,38.4,22.1,0.0,Cairo
2022-08-04,39.1,21.5,0.0,Cairo
2022-08-05,38.0,23.6,0.0,Cairo
2022-08-06,38.6,23.2,0.0,Cairo
2022-08-07,36.5,22.2,0.0,Cairo
2022-08-08,38.4,22.6,0.0,Cairo
2022-08-09,38.2,24.8,0.0,Cairo
2022-08-10,37.8,24.6,0.0,Cairo
2022-08-11,37.3,24.4,0.0,Cairo
2022-08-12,37.1,23.4,0.0,Cairo
2022-08-13,37.4,23.3,0.0,Cairo
2022-08-14,37.4,22.2,0.0,Cairo
2022-08-15,36.7,22.8,0.0,Cairo
2022-08-16,37.2,23.4,0.0,Cairo
2022-08-17,36.6,22.9,0.0,Cairo
2022-08-18,37.9,21.6,0.0,Cairo
2022-08-19,37.4,22.8,0.0,Cairo
2022-08-20,40.0,23.4,0.0,Cairo
2022-08-21,38.1,22.3,0.0,Cairo
2022-08-22,39.1,23.5,0.0,Cairo
2022-08-23,40.5,24.8,0.0,Cairo
2022-08-24,41.6,26.1,0.0,Cairo
2022-08-25,38.3,25.2,0.0,Cairo
2022-08-26,37.0,23.4,0.0,Cairo
2022-08-27,37.5,22.7,0.0,Cairo
2022-08-28,37.7,24.3,0.0,Cairo
2022-08-29,37.9,24.0,0.0,Cairo
2022-08-30,37.7,25.3,0.0,Cairo
2022-08-31,38.1,24.9,0.0,Cairo
2022-09-01,37.2,23.3,0.0,Cairo
2022-09-02,36.5,22.8,0.0,Cairo
2022-09-03,37.3,23.7,0.0,Cairo
2022-09-04,37.4,23.8,0.0,Cairo
2022-09-05,36.4,23.2,0.0,Cairo
2022-09-06,36.7,23.4,0.0,Cairo
2022-09-07,36.2,22.0,0.0,Cairo
2022-09-08,36.7,23.5,0.0,Cairo
2022-09-09,37.1,23.9,0.0,Cairo
2022-09-10,37.0,22.9,0.0,Cairo
2022-09-11,37.5,20.9,0.0,Cairo
2022-09-12,37.0,22.9,0.0,Cairo
2022-09-13,35.2,22.8,0.0,Cairo
2022-09-14,34.4,21.1,0.0,Cairo
2022-09-15,32.9,21.4,0.0,Cairo
2022-09-16,32.7,20.0,0.0,Cairo
2022-09-17,34.3,20.9,0.0,Cairo
2022-09-18,34.1,21.3,0.0,Cairo
2022-09-19,33.8,20.6,0.0,Cairo
2022-09-20,33.5,21.4,0.0,Cairo
2022-09-21,33.9,20.3,0.0,Cairo
2022-09-22,36.3,20.9,0.0,Cairo
2022-09-23,36.0,23.8,0.0,Cairo
2022-09-24,37.8,22.8,0.0,Cairo
2022-09-25,37.8,23.0,0.0,Cairo
2022-09-26,38.3,22.8,0.0,Cairo
2022-09-27,38.8,22.2,0.0,Cairo
2022-09-28,37.3,22.6,0.0,Cairo
2022-09-29,38.6,22.9,0.0,Cairo
2022-09-30,38.7,24.1,0.0,Cairo
2022-10-01,40.0,24.1,0.0,Cairo
2022-10-02,38.4,21.2,0.0,Cairo
2022-10-03,34.2,23.5,0.0,Cairo
2022-10-04,32.5,20.9,0.0,Cairo
2022-10-05,33.7,18.9,0.0,Cairo
2022-10-06,32.7,21.5,0.0,Cairo
2022-10-07,30.1,17.5,0.0,Cairo
2022-10-08,30.0,18.8,0.0,Cairo
2022-10-09,30.3,18.4,0.0,Cairo
2022-10-10,30.9,17.0,0.0,Cairo
2022-10-11,31.2,18.1,0.0,Cairo
2022-10-12,30.9,19.0,0.0,Cairo
2022-10-13,31.3,18.3,0.0,Cairo
2022-10-14,30.4,16.8,0.0,Cairo
2022-10-15,32.3,16.9,0.0,Cairo
2022-10-16,30.3,20.7,0.0,Cairo
2022-10-17,30.0,19.3,0.0,Cairo
2022-10-18,29.3,17.7,0.0,Cairo
2022-10-19,29.5,18.7,0.0,Cairo
2022-10-20,30.1,17.9,0.0,Cairo
2022-10-21,30.2,18.1,0.0,Cairo
2022-10-22,29.4,18.6,0.0,Cairo
2022-10-23,28.3,18.0,0.0,Cairo
2022-10-24,29.2,17.4,0.0,Cairo
2022-10-25,25.8,17.7,1.6,Cairo
2022-10-26,28.3,16.3,7.8,Cairo
2022-10-27,29.8,18.2,0.2,Cairo
2022-10-28,30.3,19.0,0.0,Cairo
2022-10-29,29.2,17.1,0.0,Cairo
2022-10-30,28.2,16.8,0.0,Cairo
2022-10-31,28.4,17.2,0.0,Cairo
2022-11-01,27.2,15.5,0.0,Cairo
2022-11-02,27.3,16.1,0.0,Cairo
2022-11-03,27.8,16.0,0.0,Cairo
2022-11-04,27.8,15.3,0.0,Cairo
2022-11-05,26.8,14.6,0.0,Cairo
2022-11-06,26.5,15.0,0.0,Cairo
2022-11-07,28.0,14.6,0.0,Cairo
2022-11-08,26.1,16.7,0.0,Cairo
2022-11-09,26.3,15.9,0.0,Cairo
2022-11-10,25.8,14.4,0.0,Cairo
2022-11-11,27.2,14.3,0.0,Cairo
2022-11-12,27.8,14.1,0.0,Cairo
2022-11-13,29.1,14.5,0.0,Cairo
2022-11-14,27.9,16.3,0.0,Cairo
2022-11-15,24.5,14.0,0.0,Cairo
2022-11-16,23.7,12.8,0.0,Cairo
2022-11-17,24.8,12.1,0.0,Cairo
2022-11-18,26.6,14.9,0.0,Cairo
2022-11-19,27.1,12.6,0.0,Cairo
2022-11-20,28.1,15.2,0.0,Cairo
2022-11-21,27.6,12.0,0.0,Cairo
2022-11-22,26.8,16.4,0.0,Cairo
2022-11-23,25.2,13.3,0.0,Cairo
2022-11-24,24.4,13.9,0.0,Cairo
2022-11-25,24.5,15.6,0.2,Cairo
2022-11-26,23.1,12.8,0.0,Cairo
2022-11-27,22.1,13.0,0.0,Cairo
2022-11-28,23.0,11.7,0.0,Cairo
2022-11-29,24.6,11.5,0.0,Cairo
2022-11-30,25.6,11.4,0.0,Cairo
2022-12-01,25.6,10.3,0.0,Cairo
2022-12-02,25.1,10.6,0.0,Cairo
2022-12-03,25.2,14.9,0.0,Cairo
2022-12-04,24.9,11.7,0.0,Cairo
2022-12-05,23.7,13.8,0.2,Cairo
2022-12-06,23.0,12.7,0.0,Cairo
2022-12-07,22.7,12.7,0.0,Cairo
2022-12-08,24.2,9.6,0.0,Cairo
2022-12-09,25.8,11.1,0.0,Cairo
2022-12-10,24.9,10.5,0.0,Cairo
2022-12-11,24.7,10.4,0.0,Cairo
2022-12-12,25.7,13.6,0.0,Cairo
2022-12-13,23.9,12.5,0.0,Cairo
2022-12-14,25.5,13.8,0.0,Cairo
2022-12-15,25.6,13.2,0.0,Cairo
2022-12-16,24.4,12.7,0.0,Cairo
2022-12-17,25.3,16.2,0.0,Cairo
2022-12-18,26.2,16.0,0.0,Cairo
2022-12-19,25.4,14.2,0.0,Cairo
2022-12-20,23.6,12.0,0.0,Cairo
2022-12-21,21.6,12.4,0.0,Cairo
2022-12-22,20.6,12.0,3.6,Cairo
2022-12-23,19.8,11.0,3.8,Cairo
2022-12-24,20.4,11.3,0.1,Cairo
2022-12-25,20.1,10.7,2.2,Cairo
2022-12-26,21.2,12.3,0.2,Cairo
2022-12-27,21.4,9.8,0.0,Cairo
2022-12-28,20.2,9.6,0.0,Cairo
2022-12-29,20.8,9.1,0.0,Cairo
2022-12-30,21.3,8.4,0.2,Cairo
2022-12-31,22.0,9.5,0.0,Cairo
2023-01-01,22.4,9.5,0.0,Cairo
2023-01-02,22.3,9.1,0.0,Cairo
2023-01-03,21.1,9.0,0.3,Cairo
2023-01-04,20.6,10.6,0.5,Cairo
2023-01-05,20.2,8.1,0.0,Cairo
2023-01-06,21.1,11.0,0.0,Cairo
2023-01-07,21.1,10.0,0.0,Cairo
2023-01-08,20.5,11.4,0.1,Cairo
2023-01-09,19.6,10.3,0.5,Cairo
2023-01-10,20.9,7.7,0.0,Cairo
2023-01-11,20.1,9.4,0.0,Cairo
2023-01-12,19.3,10.3,0.2,Cairo
2023-01-13,19.5,9.4,0.0,Cairo
2023-01-14,19.5,10.4,0.1,Cairo
2023-01-15,19.8,9.4,0.0,Cairo
2023-01-16,17.7,10.5,1.0,Cairo
2023-01-17,19.8,6.0,0.0,Cairo
2023-01-18,22.0,7.4,0.0,Cairo
2023-01-19,23.0,9.8,0.0,Cairo
2023-01-20,22.4,7.4,0.0,Cairo
2023-01-21,21.2,8.1,0.0,Cairo
2023-01-22,22.1,8.9,0.0,Cairo
2023-01-23,23.2,8.4,0.0,Cairo
2023-01-24,23.9,13.1,0.0,Cairo
2023-01-25,22.5,11.1,0.0,Cairo
2023-01-26,23.1,8.7,0.0,Cairo
2023-01-27,26.4,10.5,0.0,Cairo
2023-01-28,24.9,15.0,0.0,Cairo
2023-01-29,23.0,12.7,0.0,Cairo
2023-01-30,21.4,8.7,0.0,Cairo
2023-01-31,18.6,10.8,0.0,Cairo
2023-02-01,17.9,11.4,0.2,Cairo
2023-02-02,17.4,7.7,0.0,Cairo
2023-02-03,18.4,7.6,0.0,Cairo
2023-02-04,19.6,9.5,0.0,Cairo
2023-02-05,19.7,8.3,0.0,Cairo
2023-02-06,16.1,10.9,0.0,Cairo
2023-02-07,16.4,7.6,0.0,Cairo
2023-02-08,16.3,5.6,0.0,Cairo
2023-02-09,16.9,5.6,0.0,Cairo
2023-02-10,18.9,4.6,0.0,Cairo
2023-02-11,18.5,7.7,1.2,Cairo
2023-02-12,18.1,5.7,0.0,Cairo
2023-02-13,18.3,6.3,0.0,Cairo
2023-02-14,17.5,5.7,0.3,Cairo
2023-02-15,17.2,6.1,0.3,Cairo
2023-02-16,18.3,6.9,0.0,Cairo
2023-02-17,19.3,6.3,0.0,Cairo
2023-02-18,20.2,7.2,0.0,Cairo
2023-02-19,21.0,8.0,0.0,Cairo
2023-02-20,20.9,8.5,0.0,Cairo
2023-02-21,21.0,10.0,0.0,Cairo
2023-02-22,20.5,8.6,0.0,Cairo
2023-02-23,19.9,9.3,0.3,Cairo
2023-02-24,21.6,9.2,0.0,Cairo
2023-02-25,23.0,9.9,0.0,Cairo
2023-02-26,23.6,9.6,0.0,Cairo
2023-02-27,27.3,11.2,0.0,Cairo
2023-02-28,31.2,12.2,0.0,Cairo
2023-03-01,31.9,13.6,0.0,Cairo
2023-03-02,34.5,14.9,0.0,Cairo
2023-03-03,28.1,13.6,0.0,Cairo
2023-03-04,30.7,13.5,0.0,Cairo
2023-03-05,34.5,17.2,0.0,Cairo
2023-03-06,23.7,13.4,0.0,Cairo
2023-03-07,23.2,9.9,0.0,Cairo
2023-03-08,24.0,10.4,0.0,Cairo
2023-03-09,27.0,11.0,0.0,Cairo
2023-03-10,28.8,12.8,0.0,Cairo
2023-03-11,28.1,13.8,0.0,Cairo
2023-03-12,30.2,14.2,0.0,Cairo
2023-03-13,27.8,16.4,0.0,Cairo
2023-03-14,21.9,13.6,0.7,Cairo
2023-03-15,22.2,10.8,0.0,Cairo
2023-03-16,26.4,10.4,0.0,Cairo
2023-03-17,25.4,11.7,0.0,Cairo
2023-03-18,21.8,10.8,0.1,Cairo
2023-03-19,21.4,11.7,0.0,Cairo
2023-03-20,20.7,12.3,0.0,Cairo
2023-03-21,24.3,12.3,0.0,Cairo
2023-03-22,27.3,11.7,0.0,Cairo
2023-03-23,28.4,16.6,0.0,Cairo
2023-03-24,33.5,16.8,0.4,Cairo
2023-03-25,24.4,15.8,6.6,Cairo
2023-03-26,23.3,13.2,0.0,Cairo
2023-03-27,25.0,12.2,0.0,Cairo
2023-03-28,30.6,11.7,0.0,Cairo
2023-03-29,24.5,12.8,0.0,Cairo
2023-03-30,21.4,12.6,0.0,Cairo
2023-03-31,22.0,8.6,0.0,Cairo
2023-04-01,24.3,11.1,0.0,Cairo
2023-04-02,28.8,11.0,0.0,Cairo
2023-04-03,31.5,12.4,0.0,Cairo
2023-04-04,32.3,16.9,0.0,Cairo
2023-04-05,27.6,14.7,0.0,Cairo
2023-04-06,28.1,12.6,0.0,Cairo
2023-04-07,35.5,17.3,0.0,Cairo
2023-04-08,36.5,14.8,0.0,Cairo
2023-04-09,35.4,16.8,0.0,Cairo
2023-04-10,30.4,17.8,0.0,Cairo
2023-04-11,24.2,13.6,0.1,Cairo
2023-04-12,20.9,10.7,1.9,Cairo
2023-04-13,25.3,12.8,0.0,Cairo
2023-04-14,29.0,14.0,0.0,Cairo
2023-04-15,30.4,15.2,0.0,Cairo
2023-04-16,31.7,13.9,0.0,Cairo
2023-04-17,35.8,14.4,0.0,Cairo
2023-04-18,37.5,19.3,0.0,Cairo
2023-04-19,35.4,19.7,0.0,Cairo
2023-04-20,27.1,16.8,0.0,Cairo
2023-04-21,27.1,14.1,0.0,Cairo
2023-04-22,30.3,14.8,0.0,Cairo
2023-04-23,30.1,16.4,0.0,Cairo
2023-04-24,32.0,15.6,0.0,Cairo
2023-04-25,31.6,15.6,0.0,Cairo
2023-04-26,32.9,16.5,0.0,Cairo
2023-04-27,33.9,17.9,0.0,Cairo
2023-04-28,26.8,16.1,0.0,Cairo
2023-04-29,25.1,13.6,0.0,Cairo
2023-04-30,25.1,11.9,0.0,Cairo
2023-05-01,28.4,13.1,0.0,Cairo
2023-05-02,30.5,15.0,0.0,Cairo
2023-05-03,31.8,15.8,0.0,Cairo
2023-05-04,35.4,15.9,0.0,Cairo
2023-05-05,30.5,21.2,0.0,Cairo
2023-05-06,29.6,16.0,0.0,Cairo
2023-05-07,28.1,15.3,0.0,Cairo
2023-05-08,27.7,14.8,0.0,Cairo
2023-05-09,29.4,15.2,0.0,Cairo
2023-05-10,33.7,16.2,0.0,Cairo
2023-05-11,38.3,17.2,0.0,Cairo
2023-05-12,33.0,19.3,0.0,Cairo
2023-05-13,30.5,15.8,0.0,Cairo
2023-05-14,32.2,16.6,0.0,Cairo
2023-05-15,33.7,16.9,0.0,Cairo
2023-05-16,37.2,17.5,0.0,Cairo
2023-05-17,37.0,19.2,0.0,Cairo
2023-05-18,30.0,19.1,0.0,Cairo
2023-05-19,29.2,15.5,0.0,Cairo
2023-05-20,30.7,16.3,0.0,Cairo
2023-05-21,39.3,19.6,0.0,Cairo
2023-05-22,32.7,23.9,0.0,Cairo
2023-05-23,35.6,19.4,0.0,Cairo
2023-05-24,34.7,19.5,0.0,Cairo
2023-05-25,35.7,18.9,0.0,Cairo
2023-05-26,37.5,20.6,0.0,Cairo
2023-05-27,36.8,25.0,0.0,Cairo
2023-05-28,31.7,23.4,0.0,Cairo
2023-05-29,31.7,18.5,0.0,Cairo
2023-05-30,34.6,21.0,0.0,Cairo
2023-05-31,38.4,22.3,0.0,Cairo
2023-06-01,40.7,25.3,0.0,Cairo
2023-06-02,42.5,28.3,0.0,Cairo
2023-06-03,36.3,22.1,0.0,Cairo
2023-06-04,35.7,20.8,0.0,Cairo
2023-06-05,34.8,19.5,0.0,Cairo
2023-06-06,35.1,19.0,0.0,Cairo
2023-06-07,38.4,21.0,0.0,Cairo
2023-06-08,40.7,24.5,0.4,Cairo
2023-06-09,40.6,27.2,0.0,Cairo
2023-06-10,36.1,21.7,0.0,Cairo
2023-06-11,34.8,21.4,0.0,Cairo
2023-06-12,35.8,21.4,0.0,Cairo
2023-06-13,37.0,23.6,0.0,Cairo
2023-06-14,35.2,20.8,0.0,Cairo
2023-06-15,35.5,20.7,0.0,Cairo
2023-06-16,40.5,21.1,0.0,Cairo
2023-06-17,37.9,24.6,0.0,Cairo
2023-06-18,34.4,20.2,0.0,Cairo
2023-06-19,32.7,20.4,0.0,Cairo
2023-06-20,34.7,20.4,0.0,Cairo
2023-06-21,36.2,21.1,0.0,Cairo
2023-06-22,36.3,20.8,0.0,Cairo
2023-06-23,37.5,21.4,0.0,Cairo
2023-06-24,38.1,22.1,0.0,Cairo
2023-06-25,38.0,21.9,0.0,Cairo
2023-06-26,37.0,20.7,0.0,Cairo
2023-06-27,37.7,21.8,0.0,Cairo
2023-06-28,37.0,22.7,0.0,Cairo
2023-06-29,37.1,22.1,0.0,Cairo
2023-06-30,37.0,21.0,0.0,Cairo
2023-07-01,38.1,21.8,0.0,Cairo
2023-07-02,37.5,21.0,0.0,Cairo
2023-07-03,41.4,20.9,0.0,Cairo
2023-07-04,40.8,25.3,0.0,Cairo
2023-07-05,37.0,22.3,0.0,Cairo
2023-07-06,37.0,22.5,0.0,Cairo
2023-07-07,37.3,22.9,0.0,Cairo
2023-07-08,39.6,22.9,0.0,Cairo
2023-07-09,38.1,23.4,0.0,Cairo
2023-07-10,38.0,22.5,0.0,Cairo
2023-07-11,38.4,25.2,0.0,Cairo
2023-07-12,38.7,23.5,0.0,Cairo
2023-07-13,40.3,22.3,0.0,Cairo
2023-07-14,41.1,22.5,0.0,Cairo
2023-07-15,41.5,23.0,0.0,Cairo
2023-07-16,43.3,22.9,0.0,Cairo
2023-07-17,43.5,24.1,0.0,Cairo
2023-07-18,41.1,24.5,0.0,Cairo
2023-07-19,39.5,24.1,0.0,Cairo
2023-07-20,40.2,24.1,0.0,Cairo
2023-07-21,39.5,23.5,0.0,Cairo
2023-07-22,42.1,23.7,0.0,Cairo
2023-07-23,43.4,25.3,0.0,Cairo
2023-07-24,43.0,24.9,0.0,Cairo
2023-07-25,41.4,24.9,0.0,Cairo
2023-07-26,42.7,25.0,0.0,Cairo
2023-07-27,43.6,27.1,0.0,Cairo
2023-07-28,42.5,25.0,0.0,Cairo
2023-07-29,38.9,24.1,0.0,Cairo
2023-07-30,37.9,22.4,0.0,Cairo
2023-07-31,37.9,22.8,0.0,Cairo
2023-08-01,39.1,23.1,0.0,Cairo
2023-08-02,39.8,24.9,0.0,Cairo
2023-08-03,39.5,22.7,0.0,Cairo
2023-08-04,39.4,23.2,0.0,Cairo
2023-08-05,40.9,22.4,0.0,Cairo
2023-08-06,44.1,25.5,0.0,Cairo
2023-08-07,42.6,26.9,0.0,Cairo
2023-08-08,37.7,25.4,0.0,Cairo
2023-08-09,36.5,22.5,0.0,Cairo
2023-08-10,37.8,24.2,0.0,Cairo
2023-08-11,36.8,23.8,0.0,Cairo
2023-08-12,37.6,24.1,0.0,Cairo
2023-08-13,37.8,25.1,0.0,Cairo
2023-08-14,38.0,23.7,0.0,Cairo
2023-08-15,38.0,24.9,0.0,Cairo
2023-08-16,37.7,25.0,0.1,Cairo
2023-08-17,37.4,23.3,0.0,Cairo
2023-08-18,37.4,23.2,0.0,Cairo
2023-08-19,37.7,22.6,0.0,Cairo
2023-08-20,36.8,22.9,0.0,Cairo
2023-08-21,37.0,23.6,0.0,Cairo
2023-08-22,37.4,22.6,0.0,Cairo
2023-08-23,38.2,22.5,0.0,Cairo
2023-08-24,39.3,22.2,0.0,Cairo
2023-08-25,39.9,21.8,0.0,Cairo
2023-08-26,41.0,23.3,0.0,Cairo
2023-08-27,39.9,23.6,0.0,Cairo
2023-08-28,37.8,24.8,0.0,Cairo
2023-08-29,37.5,24.5,0.0,Cairo
2023-08-30,40.6,23.6,0.0,Cairo
2023-08-31,40.6,24.6,0.0,Cairo
2023-09-01,37.7,25.1,0.0,Cairo
2023-09-02,38.0,22.7,0.0,Cairo
2023-09-03,35.9,23.3,0.0,Cairo
2023-09-04,35.1,22.0,0.0,Cairo
2023-09-05,38.2,23.7,0.0,Cairo
2023-09-06,40.4,23.0,0.0,Cairo
2023-09-07,44.7,24.5,0.0,Cairo
2023-09-08,41.2,26.5,0.0,Cairo
2023-09-09,39.1,23.6,0.0,Cairo
2023-09-10,39.7,24.2,0.0,Cairo
2023-09-11,38.7,25.5,0.0,Cairo
2023-09-12,32.2,25.2,0.0,Cairo
2023-09-13,36.4,23.1,0.1,Cairo
2023-09-14,35.7,20.4,0.0,Cairo
2023-09-15,36.0,22.0,0.0,Cairo
2023-09-16,35.5,22.9,0.0,Cairo
2023-09-17,37.1,20.0,0.0,Cairo
2023-09-18,36.7,24.2,0.0,Cairo
2023-09-19,34.0,22.0,0.0,Cairo
2023-09-20,34.6,23.3,0.0,Cairo
2023-09-21,35.4,21.9,0.0,Cairo
2023-09-22,35.6,21.5,0.0,Cairo
2023-09-23,37.2,20.7,0.0,Cairo
2023-09-24,36.9,19.2,0.0,Cairo
2023-09-25,37.8,20.0,0.0,Cairo
2023-09-26,38.1,20.6,0.0,Cairo
2023-09-27,38.8,20.7,0.0,Cairo
2023-09-28,39.7,22.4,0.0,Cairo
2023-09-29,38.7,22.8,0.0,Cairo
2023-09-30,36.6,22.1,0.0,Cairo
2023-10-01,33.2,23.9,0.0,Cairo
2023-10-02,28.7,21.8,0.1,Cairo
2023-10-03,31.6,19.5,0.0,Cairo
2023-10-04,32.9,22.5,0.0,Cairo
2023-10-05,33.6,23.1,0.0,Cairo
2023-10-06,33.8,21.0,0.0,Cairo
2023-10-07,32.1,20.8,0.0,Cairo
2023-10-08,32.6,20.5,0.3,Cairo
2023-10-09,33.3,22.0,0.0,Cairo
2023-10-10,31.5,19.6,0.0,Cairo
2023-10-11,30.9,20.5,0.0,Cairo
2023-10-12,31.1,19.0,0.0,Cairo
2023-10-13,32.2,18.5,0.0,Cairo
2023-10-14,31.0,17.8,0.0,Cairo
2023-10-15,29.8,19.0,0.0,Cairo
2023-10-16,30.3,16.9,0.0,Cairo
2023-10-17,30.5,19.3,0.0,Cairo
2023-10-18,31.0,18.9,0.0,Cairo
2023-10-19,32.0,18.9,0.0,Cairo
2023-10-20,32.3,19.4,0.0,Cairo
2023-10-21,30.8,18.6,0.0,Cairo
2023-10-22,31.6,17.4,0.0,Cairo
2023-10-23,32.5,17.9,0.0,Cairo
2023-10-24,33.6,20.3,0.0,Cairo
2023-10-25,33.6,20.4,0.0,Cairo
2023-10-26,35.8,20.9,0.0,Cairo
2023-10-27,33.9,20.7,0.0,Cairo
2023-10-28,33.9,20.4,0.0,Cairo
2023-10-29,34.6,20.8,0.0,Cairo
2023-10-30,33.8,22.1,0.0,Cairo
2023-10-31,33.0,20.3,0.5,Cairo
2023-11-01,32.9,20.5,0.0,Cairo
2023-11-02,32.7,21.0,0.0,Cairo
2023-11-03,33.3,19.2,0.0,Cairo
2023-11-04,34.2,18.4,0.0,Cairo
2023-11-05,33.1,18.9,0.0,Cairo
2023-11-06,34.0,18.1,0.0,Cairo
2023-11-07,32.6,16.6,0.0,Cairo
2023-11-08,31.0,19.0,0.0,Cairo
2023-11-09,30.8,19.2,0.0,Cairo
2023-11-10,30.0,18.1,0.0,Cairo
2023-11-11,30.0,18.6,0.2,Cairo
2023-11-12,31.8,19.7,0.6,Cairo
2023-11-13,31.4,18.4,0.1,Cairo
2023-11-14,27.4,17.6,0.2,Cairo
2023-11-15,27.3,16.9,0.0,Cairo
2023-11-16,27.9,17.2,0.0,Cairo
2023-11-17,28.7,17.7,0.0,Cairo
2023-11-18,27.9,19.4,0.0,Cairo
2023-11-19,24.7,16.3,0.0,Cairo
2023-11-20,22.2,14.0,0.1,Cairo
2023-11-21,25.1,12.8,0.0,Cairo
2023-11-22,26.7,15.2,0.0,Cairo
2023-11-23,26.7,12.4,0.0,Cairo
2023-11-24,26.2,12.0,0.0,Cairo
2023-11-25,27.2,13.8,0.0,Cairo
2023-11-26,25.0,14.7,0.0,Cairo
2023-11-27,22.7,14.4,0.0,Cairo
2023-11-28,21.5,12.7,0.0,Cairo
2023-11-29,24.4,10.9,0.0,Cairo
2023-11-30,25.8,12.0,0.0,Cairo
2023-12-01,25.8,13.3,0.0,Cairo
2023-12-02,25.8,13.8,0.0,Cairo
2023-12-03,27.0,14.6,0.0,Cairo
2023-12-04,27.4,14.9,0.0,Cairo
2023-12-05,24.6,12.5,0.0,Cairo
2023-12-06,24.3,12.8,0.0,Cairo
2023-12-07,23.7,9.8,0.0,Cairo
2023-12-08,22.2,12.7,0.2,Cairo
2023-12-09,21.9,10.5,0.0,Cairo
2023-12-10,24.6,9.1,0.0,Cairo
2023-12-11,24.9,10.4,0.0,Cairo
2023-12-12,22.5,9.9,0.1,Cairo
2023-12-13,22.2,13.7,0.1,Cairo
2023-12-14,24.9,12.3,0.0,Cairo
2023-12-15,26.4,14.8,0.0,Cairo
2023-12-16,26.7,11.5,0.0,Cairo
2023-12-17,25.4,10.8,0.0,Cairo
2023-12-18,24.7,14.1,0.1,Cairo
2023-12-19,23.9,13.3,0.0,Cairo
2023-12-20,22.1,10.1,0.0,Cairo
2023-12-21,20.8,12.4,0.0,Cairo
2023-12-22,21.3,10.7,0.0,Cairo
2023-12-23,22.1,13.1,0.0,Cairo
2023-12-24,22.7,14.7,1.3,Cairo
2023-12-25,23.7,13.1,0.0,Cairo
2023-12-26,24.4,11.9,0.0,Cairo
2023-12-27,24.0,11.8,0.0,Cairo
2023-12-28,22.1,14.1,3.3,Cairo
2023-12-29,24.2,13.2,0.0,Cairo
2023-12-30,23.5,11.6,0.0,Cairo
2023-12-31,22.4,12.2,1.0,Cairo
2024-01-01,22.1,11.1,0.0,Cairo
2024-01-02,22.7,11.5,0.2,Cairo
2024-01-03,23.0,10.1,0.0,Cairo
2024-01-04,22.8,10.6,0.0,Cairo
2024-01-05,22.8,8.9,0.0,Cairo
2024-01-06,23.3,11.4,0.0,Cairo
2024-01-07,24.3,10.3,0.0,Cairo
2024-01-08,23.9,11.0,0.0,Cairo
2024-01-09,21.9,7.6,0.0,Cairo
2024-01-10,20.3,7.2,0.0,Cairo
2024-01-11,19.2,10.5,0.0,Cairo
2024-01-12,19.9,9.6,0.0,Cairo
2024-01-13,20.7,9.4,0.0,Cairo
2024-01-14,20.3,9.2,0.0,Cairo
2024-01-15,20.1,8.4,0.0,Cairo
2024-01-16,19.6,7.5,0.0,Cairo
2024-01-17,22.6,7.5,0.0,Cairo
2024-01-18,23.3,7.9,0.0,Cairo
2024-01-19,24.1,10.7,0.0,Cairo
2024-01-20,26.3,10.2,0.0,Cairo
2024-01-21,26.8,14.2,0.0,Cairo
2024-01-22,22.9,11.3,0.0,Cairo
2024-01-23,21.0,11.4,0.0,Cairo
2024-01-24,18.9,11.7,0.0,Cairo
2024-01-25,19.6,8.0,0.5,Cairo
2024-01-26,20.2,9.9,0.0,Cairo
2024-01-27,19.4,10.2,0.2,Cairo
2024-01-28,18.2,8.9,0.0,Cairo
2024-01-29,18.4,7.1,0.2,Cairo
2024-01-30,16.5,8.0,0.0,Cairo
2024-01-31,16.7,5.5,1.1,Cairo
2024-02-01,16.8,5.6,0.0,Cairo
2024-02-02,17.5,7.5,0.4,Cairo
2024-02-03,18.9,6.7,0.0,Cairo
2024-02-04,19.2,6.0,0.0,Cairo
2024-02-05,19.6,6.8,0.0,Cairo
2024-02-06,22.7,8.4,0.0,Cairo
2024-02-07,23.6,11.5,0.0,Cairo
2024-02-08,23.6,10.3,0.0,Cairo
2024-02-09,23.3,10.4,0.0,Cairo
2024-02-10,24.0,8.5,0.0,Cairo
2024-02-11,23.5,11.3,0.0,Cairo
2024-02-12,24.3,9.9,0.0,Cairo
2024-02-13,24.4,15.6,0.0,Cairo
2024-02-14,20.9,11.4,4.3,Cairo
2024-02-15,19.8,10.7,0.8,Cairo
2024-02-16,19.5,10.0,0.3,Cairo
2024-02-17,20.9,10.7,0.2,Cairo
2024-02-18,21.5,9.3,0.0,Cairo
2024-02-19,22.4,10.4,0.0,Cairo
2024-02-20,21.9,10.3,0.0,Cairo
2024-02-21,22.5,9.6,0.0,Cairo
2024-02-22,22.9,8.6,0.0,Cairo
2024-02-23,20.9,12.7,0.0,Cairo
2024-02-24,24.1,12.9,0.0,Cairo
2024-02-25,23.8,11.4,0.0,Cairo
2024-02-26,26.7,9.9,0.0,Cairo
2024-02-27,22.7,10.0,0.0,Cairo
2024-02-28,24.8,10.4,0.0,Cairo
2024-02-29,28.9,12.3,0.0,Cairo
2024-03-01,30.7,12.9,0.0,Cairo
2024-03-02,25.5,15.1,0.0,Cairo
2024-03-03,23.3,11.3,0.0,Cairo
2024-03-04,24.7,11.5,0.0,Cairo
2024-03-05,27.4,11.3,0.0,Cairo
2024-03-06,24.0,12.5,0.0,Cairo
2024-03-07,22.8,11.1,0.2,Cairo
2024-03-08,23.8,12.1,0.0,Cairo
2024-03-09,24.6,11.0,0.0,Cairo
2024-03-10,24.5,11.5,0.0,Cairo
2024-03-11,24.7,9.8,0.0,Cairo
2024-03-12,29.0,10.8,0.0,Cairo
2024-03-13,28.2,11.3,0.0,Cairo
2024-03-14,26.3,11.7,0.0,Cairo
2024-03-15,25.1,12.3,0.0,Cairo
2024-03-16,24.5,12.8,0.2,Cairo
2024-03-17,25.9,14.7,0.0,Cairo
2024-03-18,22.0,14.0,1.4,Cairo
2024-03-19,23.0,10.7,0.0,Cairo
2024-03-20,26.7,11.9,0.0,Cairo
2024-03-21,29.0,13.9,0.0,Cairo
2024-03-22,23.8,10.4,0.0,Cairo
2024-03-23,23.9,10.2,0.0,Cairo
2024-03-24,21.0,11.7,0.3,Cairo
2024-03-25,23.2,8.4,0.0,Cairo
2024-03-26,28.1,12.0,0.0,Cairo
2024-03-27,32.5,13.4,0.0,Cairo
2024-03-28,33.6,14.7,0.0,Cairo
2024-03-29,29.0,16.0,1.2,Cairo
2024-03-30,31.2,15.8,0.0,Cairo
2024-03-31,33.7,16.5,0.0,Cairo
2024-04-01,34.4,18.0,0.0,Cairo
2024-04-02,34.3,17.0,0.0,Cairo
2024-04-03,33.5,15.4,0.0,Cairo
2024-04-04,33.7,15.1,0.0,Cairo
2024-04-05,31.5,14.4,0.0,Cairo
2024-04-06,28.9,14.2,0.0,Cairo
2024-04-07,28.4,15.8,0.2,Cairo
2024-04-08,27.5,14.1,0.0,Cairo
2024-04-09,25.5,13.3,0.4,Cairo
2024-04-10,26.6,13.7,0.0,Cairo
2024-04-11,29.1,13.5,0.0,Cairo
2024-04-12,30.3,15.4,0.0,Cairo
2024-04-13,30.9,16.1,0.0,Cairo
2024-04-14,31.5,16.4,0.0,Cairo
2024-04-15,32.1,17.0,0.0,Cairo
2024-04-16,32.3,16.2,0.0,Cairo
2024-04-17,37.5,18.1,0.0,Cairo
2024-04-18,31.5,19.5,0.0,Cairo
2024-04-19,30.9,17.7,0.0,Cairo
2024-04-20,34.0,16.5,0.0,Cairo
2024-04-21,31.0,16.9,0.0,Cairo
2024-04-22,35.1,17.1,0.0,Cairo
2024-04-23,39.5,19.7,0.0,Cairo
2024-04-24,42.4,20.1,0.0,Cairo
2024-04-25,36.8,22.4,0.0,Cairo
2024-04-26,32.5,19.1,0.0,Cairo
2024-04-27,32.0,16.3,0.0,Cairo
2024-04-28,33.3,16.3,0.0,Cairo
2024-04-29,32.1,15.6,0.0,Cairo
2024-04-30,31.7,16.6,0.0,Cairo
2024-05-01,33.2,17.6,0.0,Cairo
2024-05-02,33.2,17.7,0.0,Cairo
2024-05-03,33.8,19.3,0.0,Cairo
2024-05-04,32.4,16.3,0.0,Cairo
2024-05-05,28.1,16.9,0.0,Cairo
2024-05-06,28.4,16.8,0.0,Cairo
2024-05-07,29.6,15.5,0.0,Cairo
2024-05-08,31.6,16.1,0.0,Cairo
2024-05-09,36.9,16.6,0.0,Cairo
2024-05-10,35.7,22.4,0.0,Cairo
2024-05-11,32.0,19.3,0.0,Cairo
2024-05-12,30.4,18.9,0.0,Cairo
2024-05-13,30.0,15.9,0.0,Cairo
2024-05-14,31.4,16.1,0.0,Cairo
2024-05-15,32.6,16.0,0.0,Cairo
2024-05-16,35.5,17.1,0.0,Cairo
2024-05-17,37.9,19.3,0.0,Cairo
2024-05-18,42.4,21.3,0.0,Cairo
2024-05-19,42.2,22.6,0.0,Cairo
2024-05-20,43.6,24.2,0.0,Cairo
2024-05-21,41.7,22.8,0.0,Cairo
2024-05-22,42.2,23.4,0.0,Cairo
2024-05-23,40.5,24.1,0.0,Cairo
2024-05-24,34.7,20.6,0.0,Cairo
2024-05-25,34.0,19.0,0.0,Cairo
2024-05-26,37.6,19.3,0.0,Cairo
2024-05-27,35.5,25.0,0.0,Cairo
2024-05-28,33.4,19.5,0.0,Cairo
2024-05-29,32.4,19.7,0.0,Cairo
2024-05-30,33.3,18.9,0.0,Cairo
2024-05-31,36.9,18.8,0.0,Cairo
2024-06-01,40.5,21.5,0.0,Cairo
2024-06-02,39.6,23.6,0.0,Cairo
2024-06-03,40.2,21.0,0.0,Cairo
2024-06-04,41.7,21.0,0.0,Cairo
2024-06-05,42.7,21.9,0.0,Cairo
2024-06-06,44.7,23.0,0.0,Cairo
2024-06-07,45.2,24.1,0.0,Cairo
2024-06-08,40.9,24.3,0.0,Cairo
2024-06-09,37.8,21.5,0.0,Cairo
2024-06-10,38.9,22.0,0.0,Cairo
2024-06-11,39.8,22.5,0.0,Cairo
2024-06-12,40.9,22.2,0.0,Cairo
2024-06-13,43.5,23.8,0.0,Cairo
2024-06-14,46.4,25.0,0.0,Cairo
2024-06-15,46.1,26.4,0.0,Cairo
2024-06-16,41.9,24.6,0.0,Cairo
2024-06-17,39.0,23.1,0.0,Cairo
2024-06-18,39.8,23.4,0.0,Cairo
2024-06-19,40.4,23.1,0.0,Cairo
2024-06-20,40.1,23.5,0.0,Cairo
2024-06-21,39.9,25.2,0.0,Cairo
2024-06-22,39.5,24.6,0.0,Cairo
2024-06-23,41.8,24.1,0.0,Cairo
2024-06-24,43.2,26.0,0.0,Cairo
2024-06-25,41.3,26.2,0.0,Cairo
2024-06-26,40.6,23.1,0.0,Cairo
2024-06-27,42.9,23.3,0.0,Cairo
2024-06-28,43.2,23.6,0.0,Cairo
2024-06-29,38.3,24.8,0.0,Cairo
2024-06-30,37.1,23.9,0.0,Cairo
2024-07-01,40.0,23.8,0.0,Cairo
2024-07-02,38.6,22.4,0.0,Cairo
2024-07-03,39.5,22.4,0.0,Cairo
2024-07-04,42.9,24.0,0.0,Cairo
2024-07-05,40.9,25.7,0.0,Cairo
2024-07-06,37.8,25.3,0.0,Cairo
2024-07-07,40.1,23.4,0.0,Cairo
2024-07-08,39.8,23.9,0.0,Cairo
2024-07-09,40.7,23.9,0.0,Cairo
2024-07-10,40.9,25.3,0.0,Cairo
2024-07-11,43.8,26.6,0.0,Cairo
2024-07-12,43.3,27.3,0.0,Cairo
2024-07-13,40.2,25.6,0.0,Cairo
2024-07-14,38.7,25.0,0.0,Cairo
2024-07-15,39.2,24.4,0.0,Cairo
2024-07-16,39.0,23.2,0.0,Cairo
2024-07-17,39.9,24.5,0.0,Cairo
2024-07-18,40.5,24.2,0.0,Cairo
2024-07-19,41.5,23.4,0.0,Cairo
2024-07-20,41.6,24.1,0.0,Cairo
2024-07-21,42.6,25.4,0.0,Cairo
2024-07-22,43.0,25.7,0.0,Cairo
2024-07-23,40.9,25.8,0.0,Cairo
2024-07-24,41.0,24.5,0.0,Cairo
2024-07-25,43.3,25.5,0.0,Cairo
2024-07-26,40.0,26.1,0.0,Cairo
2024-07-27,39.5,24.9,0.0,Cairo
2024-07-28,40.2,24.5,0.0,Cairo
2024-07-29,40.8,25.3,0.0,Cairo
2024-07-30,39.1,23.6,0.0,Cairo
2024-07-31,40.1,24.6,0.0,Cairo
2024-08-01,39.9,25.5,0.0,Cairo
2024-08-02,39.9,24.6,0.0,Cairo
2024-08-03,38.6,25.7,0.0,Cairo
2024-08-04,38.7,23.8,0.0,Cairo
2024-08-05,39.1,22.5,0.0,Cairo
2024-08-06,39.9,24.1,0.0,Cairo
2024-08-07,41.1,25.0,0.0,Cairo
2024-08-08,40.6,24.6,0.0,Cairo
2024-08-09,40.9,24.6,0.0,Cairo
2024-08-10,40.5,25.8,0.0,Cairo
2024-08-11,41.0,24.8,0.0,Cairo
2024-08-12,39.9,23.5,0.0,Cairo
2024-08-13,38.3,25.0,0.0,Cairo
2024-08-14,40.0,24.5,0.0,Cairo
2024-08-15,41.3,23.4,0.0,Cairo
2024-08-16,39.7,23.8,0.0,Cairo
2024-08-17,40.5,25.0,0.0,Cairo
2024-08-18,39.2,24.8,0.0,Cairo
2024-08-19,39.2,22.8,0.0,Cairo
2024-08-20,40.5,22.9,0.0,Cairo
2024-08-21,41.7,22.7,0.0,Cairo
2024-08-22,40.5,24.9,0.0,Cairo
2024-08-23,39.4,25.6,0.0,Cairo
2024-08-24,39.0,24.7,0.0,Cairo
2024-08-25,39.3,25.0,0.0,Cairo
2024-08-26,40.3,25.9,0.0,Cairo
2024-08-27,39.8,25.7,0.0,Cairo
2024-08-28,35.9,25.6,0.0,Cairo
2024-08-29,39.6,24.7,0.0,Cairo
2024-08-30,38.8,24.5,0.0,Cairo
2024-08-31,38.5,23.6,0.0,Cairo
2024-09-01,38.1,25.4,0.0,Cairo
2024-09-02,39.1,25.4,0.0,Cairo
2024-09-03,39.1,25.7,0.0,Cairo
2024-09-04,36.5,24.2,0.0,Cairo
2024-09-05,36.7,24.0,0.0,Cairo
2024-09-06,37.7,23.8,0.0,Cairo
2024-09-07,37.0,23.4,0.0,Cairo
2024-09-08,37.9,24.6,0.0,Cairo
2024-09-09,38.2,24.2,0.0,Cairo
2024-09-10,38.8,23.9,0.0,Cairo
2024-09-11,41.4,25.4,0.0,Cairo
2024-09-12,41.8,26.2,0.0,Cairo
2024-09-13,38.7,25.6,0.0,Cairo
2024-09-14,36.9,22.3,0.0,Cairo
2024-09-15,37.8,23.2,0.2,Cairo
2024-09-16,35.7,23.9,0.0,Cairo
2024-09-17,34.8,22.6,0.0,Cairo
2024-09-18,35.7,21.2,0.0,Cairo
2024-09-19,38.7,22.7,0.0,Cairo
2024-09-20,41.8,26.8,0.0,Cairo
2024-09-21,35.4,24.1,0.0,Cairo
2024-09-22,33.5,22.2,0.0,Cairo
2024-09-23,33.3,20.9,0.0,Cairo
2024-09-24,34.3,19.9,0.0,Cairo
2024-09-25,35.0,21.2,0.0,Cairo
2024-09-26,34.8,20.6,0.0,Cairo
2024-09-27,35.8,20.1,0.0,Cairo
2024-09-28,36.1,20.5,0.0,Cairo
2024-09-29,34.6,20.7,0.0,Cairo
2024-09-30,34.0,21.1,0.0,Cairo
2024-10-01,31.9,21.3,0.0,Cairo
2024-10-02,31.8,19.7,0.0,Cairo
2024-10-03,32.5,19.5,0.0,Cairo
2024-10-04,32.4,18.2,0.0,Cairo
2024-10-05,32.7,17.7,0.0,Cairo
2024-10-06,32.5,17.3,0.0,Cairo
2024-10-07,35.0,19.0,0.0,Cairo
2024-10-08,36.0,20.1,0.0,Cairo
2024-10-09,35.8,19.7,0.0,Cairo
2024-10-10,33.7,21.0,0.0,Cairo
2024-10-11,34.5,19.5,0.0,Cairo
2024-10-12,34.7,21.2,0.0,Cairo
2024-10-13,35.8,20.6,0.0,Cairo
2024-10-14,34.7,21.5,0.0,Cairo
2024-10-15,32.2,20.0,0.0,Cairo
2024-10-16,31.2,19.6,0.0,Cairo
2024-10-17,31.1,19.5,0.0,Cairo
2024-10-18,32.2,18.4,0.0,Cairo
2024-10-19,30.3,18.2,0.0,Cairo
2024-10-20,30.8,19.2,0.0,Cairo
2024-10-21,31.0,19.5,0.0,Cairo
2024-10-22,28.9,18.3,0.0,Cairo
2024-10-23,28.9,18.3,0.0,Cairo
2024-10-24,28.9,17.5,0.0,Cairo
2024-10-25,30.8,16.9,0.0,Cairo
2024-10-26,30.2,15.4,0.0,Cairo
2024-10-27,31.6,15.7,0.0,Cairo
2024-10-28,31.4,16.4,0.0,Cairo
2024-10-29,29.1,16.1,0.0,Cairo
2024-10-30,27.5,15.6,0.0,Cairo
2024-10-31,27.7,14.9,0.0,Cairo
2024-11-01,27.2,15.3,0.5,Cairo
2024-11-02,27.2,16.4,0.0,Cairo
2024-11-03,27.4,15.4,0.0,Cairo
2024-11-04,27.0,15.7,0.3,Cairo
2024-11-05,27.5,15.7,0.0,Cairo
2024-11-06,29.1,13.8,0.0,Cairo
2024-11-07,29.9,17.5,0.0,Cairo
2024-11-08,29.7,20.2,0.0,Cairo
2024-11-09,27.7,15.7,0.0,Cairo
2024-11-10,25.4,15.4,0.2,Cairo
2024-11-11,25.5,13.3,0.0,Cairo
2024-11-12,27.2,14.0,0.0,Cairo
2024-11-13,27.6,15.8,0.0,Cairo
2024-11-14,27.4,15.9,0.0,Cairo
2024-11-15,27.4,17.0,0.0,Cairo
2024-11-16,27.9,15.1,0.0,Cairo
2024-11-17,26.9,15.8,0.0,Cairo
2024-11-18,24.1,15.2,0.0,Cairo
2024-11-19,25.2,15.0,0.0,Cairo
2024-11-20,26.2,15.3,0.0,Cairo
2024-11-21,27.0,15.1,0.0,Cairo
2024-11-22,28.9,16.9,0.0,Cairo
2024-11-23,28.6,15.6,0.0,Cairo
2024-11-24,21.9,15.7,0.3,Cairo
2024-11-25,19.8,14.4,0.0,Cairo
2024-11-26,20.6,11.8,0.0,Cairo
2024-11-27,21.1,12.7,0.0,Cairo
2024-11-28,22.1,12.0,0.0,Cairo
2024-11-29,23.1,11.7,0.0,Cairo
2024-11-30,23.2,13.7,0.0,Cairo
2024-12-01,23.1,12.4,0.0,Cairo
2024-12-02,23.2,12.7,0.0,Cairo
2024-12-03,22.9,12.1,0.0,Cairo
2024-12-04,22.9,12.6,0.0,Cairo
2024-12-05,23.0,12.4,0.0,Cairo
2024-12-06,23.8,13.8,0.0,Cairo
2024-12-07,23.4,13.3,0.0,Cairo
2024-12-08,24.0,13.2,0.0,Cairo
2024-12-09,24.2,11.8,0.0,Cairo
2024-12-10,24.4,12.9,0.0,Cairo
2024-12-11,23.7,13.6,0.0,Cairo
2024-12-12,23.8,14.8,0.0,Cairo
2024-12-13,23.0,13.6,0.0,Cairo
2024-12-14,22.3,12.9,0.0,Cairo
2024-12-15,21.4,11.2,0.0,Cairo
2024-12-16,22.2,10.1,0.0,Cairo
2024-12-17,22.8,11.1,0.0,Cairo
2024-12-18,22.3,11.8,0.0,Cairo
2024-12-19,22.3,11.6,0.0,Cairo
2024-12-20,21.9,12.5,0.8,Cairo
2024-12-21,22.2,11.9,0.0,Cairo
2024-12-22,22.2,10.9,0.0,Cairo
2024-12-23,21.1,11.4,0.0,Cairo
2024-12-24,19.9,9.7,0.0,Cairo
2024-12-25,20.8,10.7,0.0,Cairo
2024-12-26,17.3,8.3,0.0,Cairo
2024-12-27,17.7,9.6,0.0,Cairo
2024-12-28,19.1,8.6,0.0,Cairo
2024-12-29,19.2,9.4,0.4,Cairo
2024-12-30,18.5,9.6,0.0,Cairo
2024-12-31,19.7,10.3,0.0,Cairo
2025-01-01,20.5,9.5,0.0,Cairo
2025-01-02,20.5,10.4,0.0,Cairo
2025-01-03,20.7,10.4,0.0,Cairo
2025-01-04,22.3,11.9,0.0,Cairo
2025-01-05,20.3,11.1,0.0,Cairo
2025-01-06,22.8,13.3,0.0,Cairo
2025-01-07,21.2,12.0,0.0,Cairo
2025-01-08,22.8,10.5,0.0,Cairo
2025-01-09,23.2,9.5,0.0,Cairo
2025-01-10,20.8,10.5,0.2,Cairo
2025-01-11,21.0,11.8,0.6,Cairo
2025-01-12,22.0,11.3,0.0,Cairo
2025-01-13,24.2,10.9,0.0,Cairo
2025-01-14,24.1,9.8,0.0,Cairo
2025-01-15,22.1,12.5,0.0,Cairo
2025-01-16,23.2,13.6,0.0,Cairo
2025-01-17,21.8,14.2,0.0,Cairo
2025-01-18,22.1,12.5,0.0,Cairo
2025-01-19,21.1,10.9,0.0,Cairo
2025-01-20,23.2,11.0,0.0,Cairo
2025-01-21,24.2,12.9,1.9,Cairo
2025-01-22,22.3,13.2,1.0,Cairo
2025-01-23,21.2,11.9,0.0,Cairo
2025-01-24,21.8,10.7,0.0,Cairo
2025-01-25,21.6,11.4,0.0,Cairo
2025-01-26,22.5,10.4,0.0,Cairo
2025-01-27,22.1,10.4,0.0,Cairo
2025-01-28,21.9,12.7,0.0,Cairo
2025-01-29,23.1,11.8,0.0,Cairo
2025-01-30,24.3,11.4,0.0,Cairo
2025-01-31,22.6,10.5,0.0,Cairo
2025-02-01,22.4,10.6,0.0,Cairo
2025-02-02,22.4,11.6,0.0,Cairo
2025-02-03,23.6,12.2,0.0,Cairo
2025-02-04,22.4,12.4,0.0,Cairo
2025-02-05,21.1,11.7,0.0,Cairo
2025-02-06,16.0,13.0,0.0,Cairo
2025-02-07,17.6,11.8,0.0,Cairo
2025-02-08,18.7,10.0,0.0,Cairo
2025-02-09,17.5,9.4,0.4,Cairo
2025-02-10,18.8,10.1,0.0,Cairo
2025-02-11,19.0,8.5,0.0,Cairo
2025-02-12,19.3,8.7,0.0,Cairo
2025-02-13,19.4,9.0,0.0,Cairo
2025-02-14,20.0,7.6,0.0,Cairo
2025-02-15,21.8,8.9,0.0,Cairo
2025-02-16,22.2,10.3,0.0,Cairo
2025-02-17,22.9,10.8,0.0,Cairo
2025-02-18,23.8,10.8,0.0,Cairo
2025-02-19,22.8,13.3,0.0,Cairo
2025-02-20,20.6,12.8,0.3,Cairo
2025-02-21,17.9,10.2,0.0,Cairo
2025-02-22,17.7,9.3,0.0,Cairo
2025-02-23,17.2,9.1,0.0,Cairo
2025-02-24,16.2,8.6,0.1,Cairo
2025-02-25,17.0,6.9,0.0,Cairo
2025-02-26,19.5,8.9,0.1,Cairo
2025-02-27,21.2,9.8,0.0,Cairo
2025-02-28,22.4,9.8,0.0,Cairo
2025-03-01,22.3,10.8,0.0,Cairo
2025-03-02,23.1,10.9,0.0,Cairo
2025-03-03,24.0,11.3,0.0,Cairo
2025-03-04,22.1,11.8,0.0,Cairo
2025-03-05,22.5,11.5,1.6,Cairo
2025-03-06,22.8,11.5,0.3,Cairo
2025-03-07,24.4,11.9,0.0,Cairo
2025-03-08,24.9,13.1,0.0,Cairo
2025-03-09,26.0,12.8,0.0,Cairo
2025-03-10,27.3,14.2,0.0,Cairo
2025-03-11,27.4,14.2,0.0,Cairo
2025-03-12,29.0,13.8,0.0,Cairo
2025-03-13,32.2,15.8,0.0,Cairo
2025-03-14,33.4,17.1,0.0,Cairo
2025-03-15,32.0,16.6,0.0,Cairo
2025-03-16,35.4,16.7,0.0,Cairo
2025-03-17,36.1,18.1,0.0,Cairo
2025-03-18,30.2,17.3,0.0,Cairo
2025-03-19,26.5,14.5,0.0,Cairo
2025-03-20,19.8,13.9,0.0,Cairo
2025-03-21,19.8,12.5,0.0,Cairo
2025-03-22,20.9,11.6,0.0,Cairo
2025-03-23,23.2,9.7,0.0,Cairo
2025-03-24,26.6,12.4,0.0,Cairo
2025-03-25,30.5,13.8,0.0,Cairo
2025-03-26,33.4,15.9,0.0,Cairo
2025-03-27,36.2,16.4,0.0,Cairo
2025-03-28,32.3,18.8,0.0,Cairo
2025-03-29,26.3,14.3,0.0,Cairo
2025-03-30,28.3,14.2,0.0,Cairo
2025-03-31,31.7,17.8,0.0,Cairo
2025-04-01,28.5,20.5,0.6,Cairo
2025-04-02,28.7,17.3,0.0,Cairo
2025-04-03,29.2,16.0,0.0,Cairo
2025-04-04,26.5,15.3,0.0,Cairo
2025-04-05,29.9,15.1,0.0,Cairo
2025-04-06,32.6,15.9,0.0,Cairo
2025-04-07,29.9,15.8,0.0,Cairo
2025-04-08,37.3,15.9,0.0,Cairo
2025-04-09,27.1,16.8,0.0,Cairo
2025-04-10,24.0,14.4,0.0,Cairo
2025-04-11,22.0,12.0,0.0,Cairo
2025-04-12,24.2,12.1,0.0,Cairo
2025-04-13,23.2,13.9,0.2,Cairo
2025-04-14,25.9,13.5,0.0,Cairo
2025-04-15,26.4,13.3,0.0,Cairo
2025-04-16,27.6,14.2,0.0,Cairo
2025-04-17,30.8,14.8,0.0,Cairo
2025-04-18,32.2,15.4,0.0,Cairo
2025-04-19,33.3,15.5,0.0,Cairo
2025-04-20,33.6,16.7,0.0,Cairo
2025-04-21,36.7,18.7,0.0,Cairo
2025-04-22,41.7,26.6,0.0,Cairo
2025-04-23,36.0,23.4,0.0,Cairo
2025-04-24,29.2,19.9,0.0,Cairo
2025-04-25,28.6,16.6,0.0,Cairo
2025-04-26,28.8,18.0,0.0,Cairo
2025-04-27,30.3,17.2,0.0,Cairo
2025-04-28,30.4,17.3,0.0,Cairo
2025-04-29,31.5,17.6,0.0,Cairo
2025-04-30,33.2,17.8,0.0,Cairo
2025-05-01,27.7,17.4,0.0,Cairo
2025-05-02,27.9,16.4,0.0,Cairo
2025-05-03,26.6,16.8,1.0,Cairo
2025-05-04,26.8,16.0,1.0,Cairo
2025-05-05,29.4,16.1,0.0,Cairo
2025-05-06,33.3,18.6,0.0,Cairo
2025-05-07,34.2,19.0,0.0,Cairo
2025-05-08,35.5,19.2,0.0,Cairo
2025-05-09,37.8,20.1,0.0,Cairo
2025-05-10,38.7,22.7,0.0,Cairo
2025-05-11,41.1,24.8,0.0,Cairo
2025-05-12,33.1,20.7,0.0,Cairo
2025-05-13,36.6,23.7,0.1,Cairo
2025-05-14,31.0,19.1,0.0,Cairo
2025-05-15,32.0,19.0,0.0,Cairo
2025-05-16,39.7,20.7,0.0,Cairo
2025-05-17,43.5,25.0,0.0,Cairo
2025-05-18,37.4,21.7,0.0,Cairo
2025-05-19,33.4,19.4,0.0,Cairo
2025-05-20,32.2,17.5,0.0,Cairo
2025-05-21,33.5,17.5,0.0,Cairo
2025-05-22,34.5,18.1,0.0,Cairo
2025-05-23,37.1,18.8,0.0,Cairo
2025-05-24,39.1,21.0,0.0,Cairo
2025-05-25,40.7,22.5,0.0,Cairo
2025-05-26,42.7,22.7,0.0,Cairo
2025-05-27,32.3,20.8,0.0,Cairo
2025-05-28,32.7,18.5,0.0,Cairo
2025-05-29,33.1,19.0,0.0,Cairo
2025-05-30,33.4,20.4,0.0,Cairo
2025-05-31,32.9,21.4,0.0,Cairo
2025-06-01,34.0,20.7,0.0,Cairo
2025-06-02,33.0,20.0,0.0,Cairo
2025-06-03,33.0,19.1,0.0,Cairo
2025-06-04,35.3,19.3,0.0,Cairo
2025-06-05,36.9,20.2,0.0,Cairo
2025-06-06,38.3,20.5,0.0,Cairo
2025-06-07,38.4,20.9,0.0,Cairo
2025-06-08,38.0,21.3,0.0,Cairo
2025-06-09,38.3,21.0,0.0,Cairo
2025-06-10,39.4,22.0,0.0,Cairo
2025-06-11,39.0,22.1,0.0,Cairo
2025-06-12,38.9,23.2,0.0,Cairo
2025-06-13,40.1,22.3,0.0,Cairo
2025-06-14,39.6,22.7,0.0,Cairo
2025-06-15,36.8,21.6,0.0,Cairo
2025-06-16,35.6,20.8,0.0,Cairo
2025-06-17,36.3,21.0,0.0,Cairo
2025-06-18,37.5,22.2,0.0,Cairo
2025-06-19,37.4,22.4,0.0,Cairo
2025-06-20,38.3,21.6,0.0,Cairo
2025-06-21,38.4,22.2,0.0,Cairo
2025-06-22,38.5,23.2,0.0,Cairo
2025-06-23,36.7,22.1,0.0,Cairo
2025-06-24,37.6,20.9,0.0,Cairo
2025-06-25,37.6,22.4,0.0,Cairo
2025-06-26,36.9,22.0,0.0,Cairo
2025-06-27,39.0,22.2,0.0,Cairo
2025-06-28,40.2,22.7,0.0,Cairo
2025-06-29,39.5,23.5,0.0,Cairo
2025-06-30,38.7,23.2,0.0,Cairo
2025-07-01,38.8,26.4,0.0,Cairo
2025-07-02,37.3,23.9,0.0,Cairo
2025-07-03,39.2,23.6,0.0,Cairo
2025-07-04,39.6,24.0,0.0,Cairo
2025-07-05,38.9,23.4,0.0,Cairo
2025-07-06,39.2,23.3,0.0,Cairo
2025-07-07,40.3,22.7,0.0,Cairo
2025-07-08,39.2,23.1,0.0,Cairo
2025-07-09,38.8,22.3,0.0,Cairo
2025-07-10,40.5,23.7,0.0,Cairo
2025-07-11,38.8,23.8,0.0,Cairo
2025-07-12,39.6,24.6,0.0,Cairo
2025-07-13,38.2,23.8,0.0,Cairo
2025-07-14,37.4,23.5,0.0,Cairo
2025-07-15,37.5,23.5,0.0,Cairo
2025-07-16,40.2,25.0,0.0,Cairo
2025-07-17,41.1,26.0,0.0,Cairo
2025-07-18,40.3,26.1,0.0,Cairo
2025-07-19,39.1,25.1,0.0,Cairo
2025-07-20,38.0,24.1,0.0,Cairo
2025-07-21,39.7,24.6,0.0,Cairo
2025-07-22,40.1,24.8,0.0,Cairo
2025-07-23,41.7,26.2,0.0,Cairo
2025-07-24,41.1,27.0,0.0,Cairo
2025-07-25,41.5,24.0,0.0,Cairo
2025-07-26,43.4,25.8,0.0,Cairo
2025-07-27,43.0,27.4,0.0,Cairo
2025-07-28,40.7,26.1,0.0,Cairo
2025-07-29,40.0,25.9,0.0,Cairo
2025-07-30,37.6,24.7,0.0,Cairo
2025-07-31,36.6,25.7,0.0,Cairo
2025-08-01,36.8,25.0,0.0,Cairo
2025-08-02,37.5,24.8,0.0,Cairo
2025-08-03,37.2,25.4,0.0,Cairo
2025-08-04,37.1,24.8,0.0,Cairo
2025-08-05,37.2,25.0,0.0,Cairo
2025-08-06,38.8,24.0,0.0,Cairo
2025-08-07,37.4,24.9,0.0,Cairo
2025-08-08,38.0,24.6,0.0,Cairo
2025-08-09,39.3,25.8,0.0,Cairo
2025-08-10,41.4,26.9,0.0,Cairo
2025-08-11,42.0,26.9,0.0,Cairo
2025-08-12,42.5,26.9,0.0,Cairo
2025-08-13,43.7,27.0,0.0,Cairo
2025-08-14,44.4,26.9,0.0,Cairo
2025-08-15,42.6,26.6,0.0,Cairo
2025-08-16,38.5,25.9,0.0,Cairo
2025-08-17,37.6,24.9,0.0,Cairo
2025-08-18,39.2,23.7,0.0,Cairo
2025-08-19,42.1,26.5,0.0,Cairo
2025-08-20,38.3,25.8,0.0,Cairo
2025-08-21,38.2,24.5,0.0,Cairo
2025-08-22,38.7,23.6,0.0,Cairo
2025-08-23,41.2,24.3,0.0,Cairo
2025-08-24,41.0,24.8,0.0,Cairo
2025-08-25,37.3,24.7,0.0,Cairo
2025-08-26,36.1,23.4,0.0,Cairo
2025-08-27,37.7,23.3,0.0,Cairo
2025-08-28,35.2,22.5,0.0,Cairo
2025-08-29,36.5,24.7,0.0,Cairo
2025-08-30,36.7,24.2,0.0,Cairo
2025-08-31,39.2,23.4,0.0,Cairo
2025-09-01,39.4,23.9,0.0,Cairo
2025-09-02,38.6,24.3,0.0,Cairo
2025-09-03,36.2,23.4,0.0,Cairo
2025-09-04,36.6,23.3,0.0,Cairo
2025-09-05,38.7,23.9,0.0,Cairo
2025-09-06,36.3,24.1,0.0,Cairo
2025-09-07,35.5,23.4,0.0,Cairo
2025-09-08,34.6,23.3,0.0,Cairo
2025-09-09,34.2,22.2,0.0,Cairo
2025-09-10,34.6,22.7,0.0,Cairo
2025-09-11,35.9,22.6,0.0,Cairo
2025-09-12,36.9,22.0,0.0,Cairo
2025-09-13,37.9,22.9,0.0,Cairo
2025-09-14,38.8,23.1,0.0,Cairo
2025-09-15,36.6,22.6,0.0,Cairo
2025-09-16,34.4,22.5,0.0,Cairo
2025-09-17,34.9,22.9,0.0,Cairo
2025-09-18,36.9,23.0,0.0,Cairo
2025-09-19,35.5,22.5,0.0,Cairo
2025-09-20,34.9,23.0,0.0,Cairo
2025-09-21,33.7,22.2,0.0,Cairo
2025-09-22,33.1,21.6,0.0,Cairo
2025-09-23,33.8,21.8,0.0,Cairo
2025-09-24,33.1,21.6,0.0,Cairo
2025-09-25,31.6,20.3,0.0,Cairo
2025-09-26,33.7,21.0,0.0,Cairo
2025-09-27,34.9,21.4,0.0,Cairo
2025-09-28,34.8,21.3,0.0,Cairo
2025-09-29,35.2,21.3,0.0,Cairo
2025-09-30,36.0,21.6,0.0,Cairo
2025-10-01,34.1,21.1,0.0,Cairo
2025-10-02,36.7,21.8,0.0,Cairo
2025-10-03,33.8,22.3,0.0,Cairo
2025-10-04,34.2,22.7,0.0,Cairo
2025-10-05,31.9,22.3,0.0,Cairo
2025-10-06,31.4,19.7,0.0,Cairo
2025-10-07,32.2,20.2,0.0,Cairo
2025-10-08,33.4,20.8,0.0,Cairo
2025-10-09,29.3,20.1,0.0,Cairo
2025-10-10,29.6,19.2,0.0,Cairo
2025-10-11,29.7,18.4,0.0,Cairo
2025-10-12,29.9,18.6,0.0,Cairo
2025-10-13,29.7,17.4,0.0,Cairo
2025-10-14,29.9,18.3,0.0,Cairo
2025-10-15,29.0,19.9,0.0,Cairo
2025-10-16,29.4,17.5,0.0,Cairo
2025-10-17,30.1,17.9,0.0,Cairo
2025-10-18,30.3,17.5,0.0,Cairo
2025-10-19,31.2,17.6,0.0,Cairo
2025-10-20,33.1,18.9,0.0,Cairo
2025-10-21,33.1,20.2,0.0,Cairo
2025-10-22,34.1,21.6,0.0,Cairo
2025-10-23,33.5,20.0,0.0,Cairo
2025-10-24,32.3,19.4,0.0,Cairo
2025-10-25,33.4,19.6,0.0,Cairo
2025-10-26,30.8,20.8,0.0,Cairo
2025-10-27,30.3,19.7,0.0,Cairo
2025-10-28,31.5,19.3,0.0,Cairo
2025-10-29,31.3,18.3,0.0,Cairo
2025-10-30,30.3,19.9,0.0,Cairo
2025-10-31,31.1,19.9,0.0,Cairo
2025-11-01,31.7,20.6,0.0,Cairo
2025-11-02,30.7,20.4,0.2,Cairo
2025-11-03,28.5,20.9,2.8,Cairo
2025-11-04,33.9,21.2,0.0,Cairo
2025-11-05,30.8,19.4,0.0,Cairo
2025-11-06,27.9,19.8,0.0,Cairo
2025-11-07,28.8,17.7,0.0,Cairo
2025-11-08,29.1,17.9,0.0,Cairo
2025-11-09,29.7,19.4,0.0,Cairo
2025-11-10,30.2,19.4,0.0,Cairo
2025-11-11,28.2,21.1,0.0,Cairo
2025-11-12,26.8,16.2,0.0,Cairo
2025-11-13,25.7,16.5,0.2,Cairo
2025-11-14,25.3,16.3,0.0,Cairo
2025-11-15,25.3,16.1,0.0,Cairo
2025-11-16,26.0,16.8,0.0,Cairo
2025-11-17,26.1,17.2,0.0,Cairo
2025-11-18,27.1,14.3,0.0,Cairo
2025-11-19,29.5,15.4,0.0,Cairo
2025-11-20,30.0,15.6,0.0,Cairo
2025-11-21,32.8,15.8,0.0,Cairo
2025-11-22,34.3,17.8,0.0,Cairo
2025-11-23,33.3,17.6,0.0,Cairo
2025-11-24,27.6,18.6,0.7,Cairo
2025-11-25,24.6,15.8,0.0,Cairo
2025-11-26,24.1,14.4,0.0,Cairo
2025-11-27,25.6,14.2,0.0,Cairo
2025-11-28,26.1,14.2,0.0,Cairo
2025-11-29,25.4,13.7,0.0,Cairo
2025-11-30,22.0,13.7,0.0,Cairo
2025-12-01,24.5,13.0,0.0,Cairo
2025-12-02,24.6,13.3,0.0,Cairo
2025-12-03,24.4,14.1,0.0,Cairo
2025-12-04,26.9,14.5,0.0,Cairo
2025-12-05,26.4,16.7,0.0,Cairo
2025-12-06,23.1,13.3,0.0,Cairo
2025-12-07,20.6,11.2,0.0,Cairo
2025-12-08,20.1,11.4,0.6,Cairo
2025-12-09,21.1,12.1,0.0,Cairo
2025-12-10,21.2,12.7,0.0,Cairo
2025-12-11,21.4,12.8,0.0,Cairo
2025-12-12,21.6,13.0,0.0,Cairo
2025-12-13,22.9,11.6,0.0,Cairo
2025-12-14,22.5,15.2,0.0,Cairo
2025-12-15,22.0,12.9,0.2,Cairo
2025-12-16,22.0,13.6,0.0,Cairo
2025-12-17,20.9,14.3,0.1,Cairo
2025-12-18,20.9,9.4,0.0,Cairo
2025-12-19,21.3,9.7,0.0,Cairo
2025-12-20,23.4,11.3,0.0,Cairo
2025-12-21,22.7,11.7,0.0,Cairo
2025-12-22,21.9,10.6,0.0,Cairo
2025-12-23,21.4,10.2,0.0,Cairo
2025-12-24,22.4,10.3,0.0,Cairo
2025-12-25,23.3,11.5,0.0,Cairo
2025-12-26,22.6,10.7,0.0,Cairo
2025-12-27,21.3,11.1,0.0,Cairo
2025-12-28,20.4,12.2,0.0,Cairo
2025-12-29,21.6,11.8,0.0,Cairo
2025-12-30,21.3,13.3,0.0,Cairo
2025-12-31,21.3,10.5,0.0,Cairo
2026-01-01,21.1,12.5,0.0,Cairo
2026-01-02,18.8,11.5,0.0,Cairo
2026-01-03,18.9,7.6,0.0,Cairo
2026-01-04,20.7,9.8,0.0,Cairo
2026-01-05,22.6,6.8,0.0,Cairo
2026-01-06,23.3,8.4,0.0,Cairo
2026-01-07,25.6,10.8,0.0,Cairo
2026-01-08,26.0,11.9,0.0,Cairo
2026-01-09,20.7,13.9,1.5,Cairo
2026-01-10,20.8,10.1,0.0,Cairo
2026-01-11,21.5,10.1,0.0,Cairo
2026-01-12,19.1,11.4,0.0,Cairo
2026-01-13,17.8,10.5,0.0,Cairo
2026-01-14,18.6,11.9,0.0,Cairo
2026-01-15,19.3,9.8,0.0,Cairo
2026-01-16,20.3,9.5,0.0,Cairo
2026-01-17,21.0,9.8,0.0,Cairo
2026-01-18,21.2,9.3,0.0,Cairo
2026-01-19,19.7,10.0,0.0,Cairo
2026-01-20,19.2,9.7,0.7,Cairo
2026-01-21,24.9,11.4,0.0,Cairo
2026-01-22,23.6,16.8,0.0,Cairo
2026-01-23,21.6,11.1,0.0,Cairo
2026-01-24,22.8,10.2,0.0,Cairo
2026-01-25,23.2,10.5,0.0,Cairo
2026-01-26,24.2,12.1,0.0,Cairo
2026-01-27,20.2,9.0,0.0,Cairo
2026-01-28,21.0,12.2,0.0,Cairo
2026-01-29,21.0,10.1,0.0,Cairo
2026-01-30,25.8,13.3,0.0,Cairo
2026-01-31,27.5,14.5,0.0,Cairo
2026-02-01,26.4,15.8,0.0,Cairo
2026-02-02,22.9,15.1,0.0,Cairo
2026-02-03,22.1,11.6,0.0,Cairo
2026-02-04,21.7,10.7,0.0,Cairo
2026-02-05,24.7,9.8,0.0,Cairo
2026-02-06,27.2,16.2,0.0,Cairo
2026-02-07,28.8,15.3,0.0,Cairo
2026-02-08,30.6,15.4,0.0,Cairo
2026-02-09,27.7,14.6,0.0,Cairo
2026-02-10,25.6,14.2,0.0,Cairo
2026-02-11,23.6,12.9,0.0,Cairo
2026-02-12,25.6,13.7,0.0,Cairo
2026-02-13,28.4,18.4,0.0,Cairo
2026-02-14,24.4,14.5,0.0,Cairo
2026-02-15,30.8,11.6,0.0,Cairo
2026-02-16,30.5,15.1,0.0,Cairo
2026-02-17,22.6,15.2,4.0,Cairo
2026-02-18,22.1,12.4,0.0,Cairo
2026-02-19,21.2,10.5,0.0,Cairo
2026-02-20,22.2,10.7,0.0,Cairo
2026-02-21,22.7,10.1,0.0,Cairo
2026-02-22,22.7,11.1,0.0,Cairo
2026-02-23,20.4,11.9,3.1,Cairo
2026-02-24,21.2,11.3,0.1,Cairo
2026-02-25,22.2,10.4,0.0,Cairo
2026-02-26,22.6,11.6,0.1,Cairo
2026-02-27,20.2,11.6,0.0,Cairo
2026-02-28,19.7,10.2,0.0,Cairo
2026-03-01,17.9,8.3,0.0,Cairo
2026-03-02,19.2,9.0,0.2,Cairo
2026-03-03,22.7,9.3,0.0,Cairo
2026-03-04,22.3,9.3,0.0,Cairo
2026-03-05,22.2,10.7,0.0,Cairo
2026-03-06,23.2,11.2,0.0,Cairo
2026-03-07,23.4,10.7,0.0,Cairo
2026-03-08,23.1,11.5,0.0,Cairo
2026-03-09,22.3,11.3,0.0,Cairo
2026-03-10,23.3,10.9,0.0,Cairo
2026-03-11,23.5,11.1,0.0,Cairo
2026-03-12,25.7,11.9,0.0,Cairo
2026-03-13,25.4,13.9,0.7,Cairo
2026-03-14,25.1,16.0,0.0,Cairo
2026-03-15,21.7,12.8,0.0,Cairo
2026-03-16,24.9,11.3,0.0,Cairo
2026-03-17,26.8,12.6,0.0,Cairo
2026-03-18,29.1,14.1,0.0,Cairo
2026-03-19,24.1,15.3,0.1,Cairo
2026-03-20,25.2,13.6,0.0,Cairo
2026-03-21,19.3,13.8,0.0,Cairo
2026-03-22,21.6,9.2,0.0,Cairo
2026-03-23,23.2,12.7,0.5,Cairo
2026-03-24,23.8,13.6,0.3,Cairo
2026-03-25,18.9,12.3,11.0,Cairo
2026-03-26,21.4,11.0,1.8,Cairo
2026-03-27,24.4,12.4,0.0,Cairo
2026-03-28,29.0,14.1,0.2,Cairo
2026-03-29,24.4,16.2,6.6,Cairo
2026-03-30,24.2,12.1,0.0,Cairo
2026-03-31,27.6,14.0,0.0,Cairo
2026-04-01,29.1,19.3,2.1,Cairo
2026-04-02,24.0,16.9,2.2,Cairo
2026-04-03,26.5,13.8,0.0,Cairo
2026-04-04,25.8,14.5,0.0,Cairo
2026-04-05,28.7,14.5,0.0,Cairo
2026-04-06,25.6,13.8,0.0,Cairo
2026-04-07,25.3,15.4,0.0,Cairo
2026-04-08,25.2,13.8,0.1,Cairo
2026-04-09,27.5,13.8,0.0,Cairo
2026-04-10,27.5,14.9,0.0,Cairo
2026-04-11,26.8,14.5,0.0,Cairo
2026-04-12,28.5,14.8,0.0,Cairo
2026-04-13,28.8,15.3,0.0,Cairo
2026-04-14,30.5,15.3,0.0,Cairo
2026-04-15,34.8,17.1,0.0,Cairo
2026-04-16,37.8,18.3,0.0,Cairo
2026-04-17,30.1,22.9,0.0,Cairo
2026-04-18,27.5,20.2,0.0,Cairo
2026-04-19,28.2,16.3,0.0,Cairo
2026-04-20,26.6,15.1,0.0,Cairo
2026-04-21,27.0,15.0,0.0,Cairo
2026-04-22,29.4,15.0,0.0,Cairo
2026-04-23,31.3,15.9,0.0,Cairo
2026-04-24,30.5,17.0,0.0,Cairo
2026-04-25,34.9,17.1,0.0,Cairo
2026-04-26,27.0,17.7,0.0,Cairo
2026-04-27,27.1,16.9,0.3,Cairo
2026-04-28,30.5,16.9,0.0,Cairo
2026-04-29,30.2,17.0,0.0,Cairo
2026-04-30,30.8,16.6,0.0,Cairo
2026-05-01,31.9,16.8,0.0,Cairo
2026-05-02,35.9,19.6,0.0,Cairo
2026-05-03,28.1,18.1,0.1,Cairo
2026-05-04,24.7,13.8,0.0,Cairo
2026-05-05,24.7,14.1,0.0,Cairo
2026-05-06,26.7,13.9,0.0,Cairo
2026-05-07,29.0,15.4,0.0,Cairo
2026-05-08,30.6,15.7,0.0,Cairo
2026-05-09,33.3,16.6,0.0,Cairo
2026-05-10,35.6,18.2,0.0,Cairo
2026-05-11,36.7,20.0,0.0,Cairo
2026-05-12,40.6,21.4,0.0,Cairo
2026-05-13,36.5,18.7,0.0,Cairo
2026-05-14,39.0,22.7,0.0,Cairo
2026-05-15,33.0,21.2,0.0,Cairo
2026-05-16,32.8,17.9,0.0,Cairo
2026-05-17,41.3,22.9,0.0,Cairo
2026-05-18,39.7,25.3,0.0,Cairo
2026-05-19,37.1,22.4,0.0,Cairo
2026-05-20,30.5,21.1,0.0,Cairo
2026-05-21,29.2,17.8,0.0,Cairo
2026-05-22,30.3,17.9,0.0,Cairo
2026-05-23,31.6,19.9,0.0,Cairo
2026-05-24,31.4,19.5,0.0,Cairo
2026-05-25,31.6,19.0,0.0,Cairo
2026-05-26,31.2,19.0,0.0,Cairo
2026-05-27,32.0,18.6,0.0,Cairo
2026-05-28,32.7,20.1,0.0,Cairo
2026-05-29,33.9,20.9,0.0,Cairo
2026-05-30,34.3,20.3,0.0,Cairo
2026-05-31,34.8,21.3,0.0,Cairo
2026-06-01,36.1,21.8,0.0,Cairo
2026-06-02,38.3,21.7,0.0,Cairo
2026-06-03,39.5,23.1,0.6,Cairo
2026-06-04,37.0,22.7,0.0,Cairo
2026-06-05,37.2,22.3,0.0,Cairo
2026-06-06,38.7,23.6,0.0,Cairo
2026-06-07,35.2,21.6,0.0,Cairo
2026-06-08,38.4,21.9,0.0,Cairo
2026-06-09,39.0,23.6,0.0,Cairo
2026-06-10,37.6,22.8,0.0,Cairo
2026-06-11,36.8,22.1,0.0,Cairo
2026-06-12,36.7,22.9,0.0,Cairo
2026-06-13,37.4,22.5,0.0,Cairo
2026-06-14,35.7,23.7,0.0,Cairo
2026-06-15,35.3,21.1,0.0,Cairo
2026-06-16,35.6,21.8,0.0,Cairo
2026-06-17,36.6,22.6,0.0,Cairo
2026-06-18,35.5,22.2,0.0,Cairo
2026-06-19,35.2,22.3,0.0,Cairo
2026-06-20,36.2,23.1,0.0,Cairo
2026-06-21,35.6,22.3,0.0,Cairo
2026-06-22,34.8,21.5,0.0,Cairo
2026-06-23,36.9,21.6,0.0,Cairo
2026-06-24,37.0,22.9,0.0,Cairo
2026-06-25,37.6,22.5,0.0,Cairo
2026-06-26,37.7,23.2,0.0,Cairo
2026-06-27,37.8,23.2,0.0,Cairo
2026-06-28,39.4,24.2,0.0,Cairo
2026-06-29,39.6,24.3,0.0,Cairo
2026-06-30,38.7,24.5,0.0,Cairo
2026-07-01,38.9,23.3,0.0,Cairo
2026-07-02,38.4,23.2,0.0,Cairo
2026-07-03,37.1,23.6,0.0,Cairo
2026-07-04,38.8,24.1,0.0,Cairo
2026-07-05,38.4,24.3,0.0,Cairo
2026-07-06,38.6,26.8,0.0,Cairo
2026-07-07,37.0,23.9,0.0,Cairo
2026-07-08,35.3,22.0,0.0,Cairo
2026-07-09,35.7,22.1,0.0,Cairo
2026-07-10,37.7,24.1,0.0,Cairo
2026-07-11,38.1,24.3,0.0,Cairo
2026-07-12,38.8,23.3,0.0,Cairo
2026-07-13,38.0,22.3,0.0,Cairo
2026-07-14,39.3,22.6,0.0,Cairo
2026-07-15,36.7,23.3,0.0,Cairo
2026-07-16,36.5,22.7,0.0,Cairo
2026-07-17,37.4,22.9,0.0,Cairo
2026-07-18,38.2,24.6,0.0,Cairo
2026-07-19,39.8,25.9,0.0,Cairo
2026-07-20,40.9,26.3,0.0,Cairo
2026-07-21,39.9,25.0,0.0,Cairo
2026-07-22,41.1,24.2,0.0,Cairo
2026-07-23,43.1,24.8,0.0,Cairo
2026-07-24,38.1,25.4,0.0,Cairo
2026-07-25,42.0,24.2,0.0,Cairo
2026-07-26,36.0,24.8,0.0,Cairo
2026-07-27,37.2,23.4,0.0,Cairo
2026-07-28,38.7,23.0,0.0,Cairo
2026-07-29,39.1,24.0,0.0,Cairo
2026-07-30,40.0,24.8,0.0,Cairo
2026-07-31,38.7,24.9,0.0,Cairo
2026-08-01,39.4,25.2,0.0,Cairo
2026-08-02,40.3,25.9,0.0,Cairo
2026-08-03,39.8,25.5,0.0,Cairo
2026-08-04,38.9,23.6,0.0,Cairo
2026-08-05,38.9,24.4,0.0,Cairo
2026-08-06,37.6,23.2,0.0,Cairo
2026-08-07,37.7,23.5,0.0,Cairo
2026-08-08,37.3,24.1,0.0,Cairo
2026-08-09,38.3,24.4,0.0,Cairo
2026-08-10,39.0,25.6,0.0,Cairo
2026-08-11,40.9,26.7,0.0,Cairo
2026-08-12,41.0,27.1,0.0,Cairo
2026-08-13,38.7,26.4,0.0,Cairo
2026-08-14,38.1,25.3,0.0,Cairo
2026-08-15,37.9,24.7,0.0,Cairo
2026-08-16,37.9,25.2,0.0,Cairo
2026-08-17,35.4,24.9,0.0,Cairo
2026-08-18,36.3,24.1,0.0,Cairo
2026-08-19,36.5,24.5,0.0,Cairo
2026-08-20,36.8,23.0,0.0,Cairo
2026-08-21,37.5,22.6,0.0,Cairo
2026-08-22,36.9,22.6,0.0,Cairo
2026-08-23,38.4,23.0,0.0,Cairo
2026-08-24,38.6,24.4,0.0,Cairo
2026-08-25,39.8,25.2,0.0,Cairo
2026-08-26,41.1,25.0,0.0,Cairo
2026-08-27,39.9,24.5,0.0,Cairo
2026-08-28,38.6,24.4,0.0,Cairo
2026-08-29,37.2,24.6,0.0,Cairo
2026-08-30,36.6,23.5,0.0,Cairo
2026-08-31,35.2,23.2,0.0,Cairo
2016-01-01,23.4,12.5,0.0,Riyadh
2016-01-02,18.3,9.5,0.0,Riyadh
2016-01-03,13.6,5.3,0.0,Riyadh
2016-01-04,13.3,1.8,0.0,Riyadh
2016-01-05,18.4,8.8,0.0,Riyadh
2016-01-06,23.1,8.6,0.0,Riyadh
2016-01-07,22.0,7.6,0.0,Riyadh
2016-01-08,25.5,11.0,0.0,Riyadh
2016-01-09,24.4,14.6,0.0,Riyadh
2016-01-10,18.7,8.5,0.0,Riyadh
2016-01-11,17.3,4.9,0.0,Riyadh
2016-01-12,17.7,7.5,0.8,Riyadh
2016-01-13,19.0,7.8,0.0,Riyadh
2016-01-14,19.9,6.7,0.0,Riyadh
2016-01-15,23.2,9.1,0.0,Riyadh
2016-01-16,23.8,11.1,0.0,Riyadh
2016-01-17,22.6,11.1,0.0,Riyadh
2016-01-18,24.3,8.8,0.0,Riyadh
2016-01-19,25.1,10.3,0.0,Riyadh
2016-01-20,22.7,9.6,0.0,Riyadh
2016-01-21,22.3,8.0,0.0,Riyadh
2016-01-22,22.2,9.2,0.0,Riyadh
2016-01-23,24.4,10.4,0.0,Riyadh
2016-01-24,27.7,12.3,0.0,Riyadh
2016-01-25,20.8,13.6,0.0,Riyadh
2016-01-26,16.5,11.3,0.0,Riyadh
2016-01-27,17.5,9.5,0.0,Riyadh
2016-01-28,17.5,4.5,0.0,Riyadh
2016-01-29,10.1,0.7,0.0,Riyadh
2016-01-30,12.7,0.1,0.0,Riyadh
2016-01-31,15.0,-0.8,0.0,Riyadh
2016-02-01,17.8,6.2,0.0,Riyadh
2016-02-02,19.8,5.6,0.0,Riyadh
2016-02-03,20.6,11.0,1.1,Riyadh
2016-02-04,18.0,9.1,0.0,Riyadh
2016-02-05,18.6,4.7,0.0,Riyadh
2016-02-06,22.2,3.9,0.0,Riyadh
2016-02-07,26.9,10.8,0.0,Riyadh
2016-02-08,21.5,11.5,0.0,Riyadh
2016-02-09,18.6,7.4,0.0,Riyadh
2016-02-10,19.6,6.2,0.0,Riyadh
2016-02-11,22.2,11.1,0.0,Riyadh
2016-02-12,17.6,5.7,0.0,Riyadh
2016-02-13,19.4,4.6,0.0,Riyadh
2016-02-14,21.3,6.1,0.0,Riyadh
2016-02-15,23.1,10.5,0.0,Riyadh
2016-02-16,24.1,8.2,0.0,Riyadh
2016-02-17,22.5,9.6,0.0,Riyadh
2016-02-18,22.6,7.9,0.0,Riyadh
2016-02-19,24.8,12.3,0.0,Riyadh
2016-02-20,27.6,10.4,0.0,Riyadh
2016-02-21,28.7,10.1,0.0,Riyadh
2016-02-22,27.7,14.1,0.0,Riyadh
2016-02-23,28.1,15.9,0.0,Riyadh
2016-02-24,25.0,14.1,0.0,Riyadh
2016-02-25,25.1,11.1,0.0,Riyadh
2016-02-26,25.7,13.4,0.2,Riyadh
2016-02-27,27.1,15.9,0.4,Riyadh
2016-02-28,29.2,17.4,0.0,Riyadh
2016-02-29,23.8,15.5,0.0,Riyadh
2016-03-01,23.6,11.0,0.0,Riyadh
2016-03-02,23.9,9.2,0.0,Riyadh
2016-03-03,26.8,12.2,0.0,Riyadh
2016-03-04,27.5,17.1,0.0,Riyadh
2016-03-05,31.3,18.0,0.0,Riyadh
2016-03-06,30.1,17.2,4.8,Riyadh
2016-03-07,23.2,15.5,2.9,Riyadh
2016-03-08,24.3,13.0,0.0,Riyadh
2016-03-09,26.8,12.9,0.0,Riyadh
2016-03-10,28.9,12.1,0.0,Riyadh
2016-03-11,34.0,16.7,0.0,Riyadh
2016-03-12,32.3,18.9,0.0,Riyadh
2016-03-13,31.9,16.4,0.0,Riyadh
2016-03-14,31.8,20.4,0.0,Riyadh
2016-03-15,30.5,19.8,0.0,Riyadh
2016-03-16,26.4,18.5,0.9,Riyadh
2016-03-17,28.9,19.1,0.4,Riyadh
2016-03-18,26.5,14.2,0.0,Riyadh
2016-03-19,26.4,13.5,0.0,Riyadh
2016-03-20,29.3,13.9,0.0,Riyadh
2016-03-21,32.7,19.1,0.0,Riyadh
2016-03-22,27.3,18.3,0.5,Riyadh
2016-03-23,25.6,13.1,0.0,Riyadh
2016-03-24,25.7,10.0,0.0,Riyadh
2016-03-25,29.6,12.1,0.0,Riyadh
2016-03-26,32.8,16.2,0.0,Riyadh
2016-03-27,35.9,21.8,0.0,Riyadh
2016-03-28,37.4,18.7,0.9,Riyadh
2016-03-29,28.7,19.3,0.0,Riyadh
2016-03-30,24.9,16.6,0.0,Riyadh
2016-03-31,23.8,15.9,0.7,Riyadh
2016-04-01,21.9,13.9,0.0,Riyadh
2016-04-02,24.7,9.2,0.0,Riyadh
2016-04-03,27.4,12.6,0.0,Riyadh
2016-04-04,26.7,17.0,9.1,Riyadh
2016-04-05,27.6,16.9,0.0,Riyadh
2016-04-06,31.3,17.7,0.0,Riyadh
2016-04-07,33.5,17.4,0.0,Riyadh
2016-04-08,34.1,16.4,0.0,Riyadh
2016-04-09,31.3,17.9,0.0,Riyadh
2016-04-10,33.3,18.3,0.0,Riyadh
2016-04-11,36.0,21.6,0.0,Riyadh
2016-04-12,29.4,20.5,2.9,Riyadh
2016-04-13,30.2,19.4,3.0,Riyadh
2016-04-14,29.5,18.8,0.0,Riyadh
2016-04-15,28.3,14.3,0.0,Riyadh
2016-04-16,29.5,14.5,0.0,Riyadh
2016-04-17,30.5,14.6,0.0,Riyadh
2016-04-18,32.4,17.9,0.0,Riyadh
2016-04-19,31.8,21.5,0.1,Riyadh
2016-04-20,27.9,20.3,1.5,Riyadh
2016-04-21,32.1,19.2,0.0,Riyadh
2016-04-22,32.6,22.5,0.9,Riyadh
2016-04-23,33.0,19.0,0.2,Riyadh
2016-04-24,32.4,19.1,0.0,Riyadh
2016-04-25,34.8,19.0,0.0,Riyadh
2016-04-26,36.6,21.6,0.0,Riyadh
2016-04-27,36.9,21.6,0.0,Riyadh
2016-04-28,35.9,21.2,0.0,Riyadh
2016-04-29,31.8,25.0,0.0,Riyadh
2016-04-30,32.1,22.1,0.0,Riyadh
2016-05-01,35.0,19.0,0.0,Riyadh
2016-05-02,36.6,21.6,1.1,Riyadh
2016-05-03,38.5,23.9,0.0,Riyadh
2016-05-04,39.0,22.2,0.0,Riyadh
2016-05-05,40.2,23.5,0.0,Riyadh
2016-05-06,39.8,24.5,0.0,Riyadh
2016-05-07,38.0,26.0,0.0,Riyadh
2016-05-08,39.0,27.1,0.2,Riyadh
2016-05-09,37.8,26.8,2.3,Riyadh
2016-05-10,35.6,26.0,2.4,Riyadh
2016-05-11,37.4,21.7,0.0,Riyadh
2016-05-12,39.6,26.6,0.0,Riyadh
2016-05-13,38.8,26.7,0.0,Riyadh
2016-05-14,38.4,23.1,0.0,Riyadh
2016-05-15,38.9,22.7,0.0,Riyadh
2016-05-16,39.6,24.9,0.0,Riyadh
2016-05-17,40.8,27.1,0.0,Riyadh
2016-05-18,40.5,24.2,0.0,Riyadh
2016-05-19,40.9,27.6,0.0,Riyadh
2016-05-20,38.1,24.6,0.0,Riyadh
2016-05-21,37.0,23.4,0.0,Riyadh
2016-05-22,39.2,21.5,0.0,Riyadh
2016-05-23,42.7,23.8,0.0,Riyadh
2016-05-24,43.2,25.8,0.0,Riyadh
2016-05-25,35.4,25.3,0.0,Riyadh
2016-05-26,37.2,21.7,0.0,Riyadh
2016-05-27,40.9,24.6,0.0,Riyadh
2016-05-28,41.7,25.9,0.0,Riyadh
2016-05-29,41.5,27.1,0.0,Riyadh
2016-05-30,42.5,28.0,0.0,Riyadh
2016-05-31,37.4,26.4,0.0,Riyadh
2016-06-01,36.9,22.3,0.0,Riyadh
2016-06-02,38.2,22.7,0.0,Riyadh
2016-06-03,40.7,24.7,0.0,Riyadh
2016-06-04,39.4,25.3,0.0,Riyadh
2016-06-05,40.0,24.6,0.0,Riyadh
2016-06-06,40.9,24.6,0.0,Riyadh
2016-06-07,41.9,28.8,0.0,Riyadh
2016-06-08,41.2,25.4,0.0,Riyadh
2016-06-09,40.8,24.7,0.0,Riyadh
2016-06-10,44.3,28.2,0.0,Riyadh
2016-06-11,43.9,30.1,0.0,Riyadh
2016-06-12,39.7,26.6,0.0,Riyadh
2016-06-13,38.4,25.5,0.0,Riyadh
2016-06-14,39.6,23.3,0.0,Riyadh
2016-06-15,41.2,24.4,0.0,Riyadh
2016-06-16,42.1,25.9,0.0,Riyadh
2016-06-17,40.5,25.0,0.0,Riyadh
2016-06-18,40.5,24.6,0.0,Riyadh
2016-06-19,41.9,26.5,0.0,Riyadh
2016-06-20,42.0,25.9,0.0,Riyadh
2016-06-21,41.5,25.6,0.0,Riyadh
2016-06-22,41.7,26.6,0.0,Riyadh
2016-06-23,42.5,25.8,0.0,Riyadh
2016-06-24,42.6,26.4,0.0,Riyadh
2016-06-25,43.7,30.7,0.0,Riyadh
2016-06-26,43.4,29.1,0.0,Riyadh
2016-06-27,42.6,28.0,0.0,Riyadh
2016-06-28,43.1,27.6,0.0,Riyadh
2016-06-29,44.6,28.2,0.0,Riyadh
2016-06-30,45.1,29.2,0.0,Riyadh
2016-07-01,43.2,29.4,0.0,Riyadh
2016-07-02,41.8,28.3,0.0,Riyadh
2016-07-03,42.0,26.2,0.0,Riyadh
2016-07-04,41.6,25.4,0.0,Riyadh
2016-07-05,41.7,25.8,0.0,Riyadh
2016-07-06,42.3,26.0,0.0,Riyadh
2016-07-07,41.9,28.5,0.0,Riyadh
2016-07-08,43.0,28.1,0.0,Riyadh
2016-07-09,44.3,26.5,0.0,Riyadh
2016-07-10,42.3,28.7,0.0,Riyadh
2016-07-11,42.1,30.7,0.0,Riyadh
2016-07-12,41.9,29.3,0.0,Riyadh
2016-07-13,42.1,26.8,0.0,Riyadh
2016-07-14,42.6,28.0,0.0,Riyadh
2016-07-15,43.3,28.6,0.0,Riyadh
2016-07-16,43.5,29.8,0.0,Riyadh
2016-07-17,44.0,28.8,0.0,Riyadh
2016-07-18,44.2,27.3,0.0,Riyadh
2016-07-19,43.1,30.7,0.0,Riyadh
2016-07-20,44.0,29.6,0.0,Riyadh
2016-07-21,45.8,28.3,0.0,Riyadh
2016-07-22,46.4,29.1,0.0,Riyadh
2016-07-23,45.2,32.5,0.0,Riyadh
2016-07-24,43.5,27.8,0.0,Riyadh
2016-07-25,43.0,29.5,0.0,Riyadh
2016-07-26,43.3,28.0,0.0,Riyadh
2016-07-27,44.0,29.0,0.0,Riyadh
2016-07-28,43.5,28.5,0.0,Riyadh
2016-07-29,42.8,30.5,0.0,Riyadh
2016-07-30,42.6,30.7,0.0,Riyadh
2016-07-31,43.3,28.7,0.0,Riyadh
2016-08-01,43.8,29.3,0.0,Riyadh
2016-08-02,45.7,28.2,0.0,Riyadh
2016-08-03,45.2,30.8,0.0,Riyadh
2016-08-04,44.2,31.2,0.0,Riyadh
2016-08-05,44.5,27.3,0.0,Riyadh
2016-08-06,43.7,27.8,0.0,Riyadh
2016-08-07,44.0,28.3,0.0,Riyadh
2016-08-08,43.2,28.9,0.0,Riyadh
2016-08-09,42.5,26.4,0.0,Riyadh
2016-08-10,42.3,25.5,0.0,Riyadh
2016-08-11,43.1,27.2,0.0,Riyadh
2016-08-12,43.7,27.4,0.0,Riyadh
2016-08-13,43.7,27.3,0.0,Riyadh
2016-08-14,43.5,26.3,0.0,Riyadh
2016-08-15,44.1,30.3,0.0,Riyadh
2016-08-16,44.6,28.2,0.0,Riyadh
2016-08-17,42.2,31.5,0.0,Riyadh
2016-08-18,41.8,29.5,0.0,Riyadh
2016-08-19,41.7,29.1,0.0,Riyadh
2016-08-20,41.8,27.4,0.0,Riyadh
2016-08-21,41.9,28.1,0.0,Riyadh
2016-08-22,42.3,28.0,0.0,Riyadh
2016-08-23,42.6,27.7,0.0,Riyadh
2016-08-24,42.4,28.6,0.0,Riyadh
2016-08-25,42.0,27.8,0.0,Riyadh
2016-08-26,41.4,26.9,0.0,Riyadh
2016-08-27,42.1,27.5,0.0,Riyadh
2016-08-28,43.4,26.0,0.0,Riyadh
2016-08-29,42.1,25.4,0.0,Riyadh
2016-08-30,41.6,28.2,0.0,Riyadh
2016-08-31,42.9,25.2,0.0,Riyadh
2016-09-01,43.6,25.7,0.0,Riyadh
2016-09-02,43.6,27.9,0.0,Riyadh
2016-09-03,43.5,27.8,0.0,Riyadh
2016-09-04,44.4,29.8,0.0,Riyadh
2016-09-05,42.9,26.4,0.0,Riyadh
2016-09-06,42.5,27.0,0.0,Riyadh
2016-09-07,41.4,26.0,0.0,Riyadh
2016-09-08,39.3,25.6,0.0,Riyadh
2016-09-09,40.8,25.7,0.0,Riyadh
2016-09-10,41.8,27.1,0.0,Riyadh
2016-09-11,39.4,25.5,0.0,Riyadh
2016-09-12,39.8,24.7,0.0,Riyadh
2016-09-13,39.0,24.6,0.0,Riyadh
2016-09-14,38.4,24.0,0.0,Riyadh
2016-09-15,38.8,23.2,0.0,Riyadh
2016-09-16,39.8,27.2,0.0,Riyadh
2016-09-17,41.0,29.0,0.0,Riyadh
2016-09-18,41.1,25.5,0.0,Riyadh
2016-09-19,39.2,23.0,0.0,Riyadh
2016-09-20,37.3,23.9,0.0,Riyadh
2016-09-21,37.9,24.5,0.0,Riyadh
2016-09-22,38.1,22.1,0.0,Riyadh
2016-09-23,37.4,20.4,0.0,Riyadh
2016-09-24,37.5,22.9,0.0,Riyadh
2016-09-25,37.3,23.1,0.0,Riyadh
2016-09-26,38.7,21.7,0.0,Riyadh
2016-09-27,39.0,22.6,0.0,Riyadh
2016-09-28,37.6,24.4,0.0,Riyadh
2016-09-29,38.2,21.3,0.0,Riyadh
2016-09-30,35.1,20.0,0.0,Riyadh
2016-10-01,33.9,18.2,0.0,Riyadh
2016-10-02,32.8,17.6,0.0,Riyadh
2016-10-03,33.0,16.9,0.0,Riyadh
2016-10-04,33.6,18.7,0.0,Riyadh
2016-10-05,34.0,21.4,0.0,Riyadh
2016-10-06,33.7,16.4,0.0,Riyadh
2016-10-07,34.0,16.8,0.0,Riyadh
2016-10-08,33.8,17.4,0.0,Riyadh
2016-10-09,33.5,16.4,0.0,Riyadh
2016-10-10,33.9,16.7,0.0,Riyadh
2016-10-11,34.3,17.1,0.0,Riyadh
2016-10-12,34.4,16.6,0.0,Riyadh
2016-10-13,33.8,18.2,0.0,Riyadh
2016-10-14,33.4,20.6,0.0,Riyadh
2016-10-15,34.1,20.5,0.0,Riyadh
2016-10-16,33.6,20.3,0.0,Riyadh
2016-10-17,32.8,21.2,0.0,Riyadh
2016-10-18,32.2,20.4,0.0,Riyadh
2016-10-19,30.7,19.9,0.0,Riyadh
2016-10-20,32.0,20.4,0.0,Riyadh
2016-10-21,32.6,18.2,0.0,Riyadh
2016-10-22,32.2,18.2,0.0,Riyadh
2016-10-23,32.6,17.5,0.0,Riyadh
2016-10-24,33.2,21.5,0.0,Riyadh
2016-10-25,32.6,18.6,0.0,Riyadh
2016-10-26,31.6,16.9,0.0,Riyadh
2016-10-27,31.4,17.4,0.0,Riyadh
2016-10-28,31.0,18.0,0.0,Riyadh
2016-10-29,31.4,18.0,0.0,Riyadh
2016-10-30,32.4,15.6,0.0,Riyadh
2016-10-31,33.4,18.7,0.0,Riyadh
2016-11-01,33.2,18.9,0.0,Riyadh
2016-11-02,32.7,17.6,0.0,Riyadh
2016-11-03,29.3,15.8,0.0,Riyadh
2016-11-04,29.7,15.6,0.0,Riyadh
2016-11-05,30.9,15.1,0.0,Riyadh
2016-11-06,31.0,16.1,0.0,Riyadh
2016-11-07,26.3,16.6,0.0,Riyadh
2016-11-08,25.7,13.6,0.0,Riyadh
2016-11-09,26.1,10.4,0.0,Riyadh
2016-11-10,26.4,9.6,0.0,Riyadh
2016-11-11,27.0,10.2,0.0,Riyadh
2016-11-12,27.2,10.3,0.0,Riyadh
2016-11-13,27.1,11.7,0.0,Riyadh
2016-11-14,27.5,14.4,0.0,Riyadh
2016-11-15,28.1,14.5,0.0,Riyadh
2016-11-16,29.1,15.2,0.0,Riyadh
2016-11-17,29.2,13.1,0.0,Riyadh
2016-11-18,27.7,12.6,0.0,Riyadh
2016-11-19,28.3,11.3,0.0,Riyadh
2016-11-20,26.6,11.0,0.0,Riyadh
2016-11-21,26.4,14.4,0.0,Riyadh
2016-11-22,26.5,11.4,0.0,Riyadh
2016-11-23,26.2,11.3,0.0,Riyadh
2016-11-24,21.9,10.7,0.0,Riyadh
2016-11-25,16.6,11.2,3.3,Riyadh
2016-11-26,16.7,9.7,5.7,Riyadh
2016-11-27,19.5,14.4,7.8,Riyadh
2016-11-28,18.5,15.7,13.2,Riyadh
2016-11-29,20.0,14.8,0.1,Riyadh
2016-11-30,22.1,13.6,0.0,Riyadh
2016-12-01,25.1,14.8,0.0,Riyadh
2016-12-02,26.6,16.1,0.0,Riyadh
2016-12-03,21.9,13.1,0.0,Riyadh
2016-12-04,21.1,9.9,0.0,Riyadh
2016-12-05,24.4,10.9,0.0,Riyadh
2016-12-06,27.5,12.3,0.0,Riyadh
2016-12-07,21.1,10.1,0.0,Riyadh
2016-12-08,20.5,6.7,0.0,Riyadh
2016-12-09,20.4,7.9,0.0,Riyadh
2016-12-10,17.1,7.9,0.0,Riyadh
2016-12-11,19.1,6.4,0.0,Riyadh
2016-12-12,18.4,6.1,0.0,Riyadh
2016-12-13,22.3,6.8,0.0,Riyadh
2016-12-14,25.1,10.2,0.0,Riyadh
2016-12-15,21.4,12.2,0.0,Riyadh
2016-12-16,17.1,7.0,0.0,Riyadh
2016-12-17,20.6,7.2,0.0,Riyadh
2016-12-18,19.5,6.9,0.0,Riyadh
2016-12-19,22.4,8.2,0.0,Riyadh
2016-12-20,25.4,11.2,0.0,Riyadh
2016-12-21,16.2,5.9,0.0,Riyadh
2016-12-22,20.4,8.9,0.0,Riyadh
2016-12-23,23.8,10.4,0.0,Riyadh
2016-12-24,27.0,10.4,0.0,Riyadh
2016-12-25,28.7,11.9,0.0,Riyadh
2016-12-26,28.7,12.8,0.0,Riyadh
2016-12-27,27.4,11.8,0.0,Riyadh
2016-12-28,23.2,13.2,0.0,Riyadh
2016-12-29,22.3,8.0,0.0,Riyadh
2016-12-30,27.5,9.6,0.0,Riyadh
2016-12-31,28.1,9.6,0.0,Riyadh
2017-01-01,28.1,13.1,0.0,Riyadh
2017-01-02,25.7,10.6,0.0,Riyadh
2017-01-03,26.1,13.7,0.0,Riyadh
2017-01-04,20.9,9.3,0.0,Riyadh
2017-01-05,17.9,8.9,0.0,Riyadh
2017-01-06,18.9,6.7,0.0,Riyadh
2017-01-07,22.4,8.2,0.0,Riyadh
2017-01-08,27.6,11.4,0.0,Riyadh
2017-01-09,28.1,13.6,0.0,Riyadh
2017-01-10,24.9,11.3,0.0,Riyadh
2017-01-11,28.5,10.5,0.0,Riyadh
2017-01-12,24.5,10.6,0.0,Riyadh
2017-01-13,25.0,10.7,0.0,Riyadh
2017-01-14,18.7,9.8,0.0,Riyadh
2017-01-15,23.1,9.9,0.0,Riyadh
2017-01-16,24.3,11.8,0.0,Riyadh
2017-01-17,20.9,10.9,0.0,Riyadh
2017-01-18,24.2,10.7,0.0,Riyadh
2017-01-19,27.4,13.3,0.0,Riyadh
2017-01-20,22.0,12.4,0.0,Riyadh
2017-01-21,17.4,10.0,1.3,Riyadh
2017-01-22,26.1,11.6,0.3,Riyadh
2017-01-23,17.3,7.7,0.0,Riyadh
2017-01-24,17.4,6.4,0.0,Riyadh
2017-01-25,18.2,4.7,0.0,Riyadh
2017-01-26,23.3,6.5,0.0,Riyadh
2017-01-27,27.3,11.5,0.0,Riyadh
2017-01-28,27.0,13.4,0.5,Riyadh
2017-01-29,19.5,10.6,0.0,Riyadh
2017-01-30,17.5,5.5,0.0,Riyadh
2017-01-31,25.6,9.2,0.0,Riyadh
2017-02-01,19.3,11.9,0.0,Riyadh
2017-02-02,15.5,5.7,0.0,Riyadh
2017-02-03,11.7,2.0,0.0,Riyadh
2017-02-04,13.7,-0.6,0.0,Riyadh
2017-02-05,16.6,3.4,0.0,Riyadh
2017-02-06,15.3,7.7,2.8,Riyadh
2017-02-07,18.1,4.9,0.0,Riyadh
2017-02-08,19.0,7.6,0.0,Riyadh
2017-02-09,22.3,11.1,0.8,Riyadh
2017-02-10,24.7,12.2,0.0,Riyadh
2017-02-11,23.1,12.6,0.2,Riyadh
2017-02-12,27.1,13.3,2.4,Riyadh
2017-02-13,22.5,11.8,3.6,Riyadh
2017-02-14,16.1,10.2,12.0,Riyadh
2017-02-15,20.0,10.6,1.4,Riyadh
2017-02-16,20.6,14.5,26.1,Riyadh
2017-02-17,18.9,9.7,0.0,Riyadh
2017-02-18,12.9,5.0,0.0,Riyadh
2017-02-19,11.8,3.8,0.0,Riyadh
2017-02-20,11.2,7.1,4.7,Riyadh
2017-02-21,17.2,8.6,6.3,Riyadh
2017-02-22,19.1,9.7,0.1,Riyadh
2017-02-23,23.0,11.7,0.4,Riyadh
2017-02-24,17.6,9.3,0.0,Riyadh
2017-02-25,17.5,8.6,0.0,Riyadh
2017-02-26,19.5,9.8,0.7,Riyadh
2017-02-27,20.1,7.8,0.0,Riyadh
2017-02-28,21.6,9.7,0.0,Riyadh
2017-03-01,22.3,9.9,0.4,Riyadh
2017-03-02,22.7,13.1,1.0,Riyadh
2017-03-03,24.4,12.7,0.0,Riyadh
2017-03-04,25.6,13.8,0.0,Riyadh
2017-03-05,25.4,13.8,0.0,Riyadh
2017-03-06,24.0,13.6,0.0,Riyadh
2017-03-07,25.4,13.5,0.0,Riyadh
2017-03-08,31.0,14.9,0.0,Riyadh
2017-03-09,27.0,12.5,0.0,Riyadh
2017-03-10,26.8,13.1,0.2,Riyadh
2017-03-11,26.4,18.0,2.3,Riyadh
2017-03-12,32.2,18.2,0.0,Riyadh
2017-03-13,27.2,19.7,2.2,Riyadh
2017-03-14,24.6,15.7,0.1,Riyadh
2017-03-15,24.4,14.0,0.0,Riyadh
2017-03-16,26.9,16.2,2.7,Riyadh
2017-03-17,24.4,16.6,1.8,Riyadh
2017-03-18,28.2,13.8,0.0,Riyadh
2017-03-19,34.3,19.2,2.2,Riyadh
2017-03-20,24.2,15.2,0.0,Riyadh
2017-03-21,25.6,13.4,0.0,Riyadh
2017-03-22,27.1,15.4,0.2,Riyadh
2017-03-23,28.5,18.3,0.5,Riyadh
2017-03-24,31.0,15.4,1.0,Riyadh
2017-03-25,27.1,17.7,0.7,Riyadh
2017-03-26,26.2,15.3,0.0,Riyadh
2017-03-27,26.5,15.0,0.0,Riyadh
2017-03-28,27.6,15.7,5.6,Riyadh
2017-03-29,30.4,18.3,1.6,Riyadh
2017-03-30,31.4,20.0,3.6,Riyadh
2017-03-31,33.2,20.2,0.3,Riyadh
2017-04-01,34.4,19.4,0.0,Riyadh
2017-04-02,34.9,19.0,0.0,Riyadh
2017-04-03,29.9,20.6,0.0,Riyadh
2017-04-04,27.8,16.6,0.0,Riyadh
2017-04-05,28.4,15.9,0.0,Riyadh
2017-04-06,31.8,17.2,0.0,Riyadh
2017-04-07,36.2,20.2,0.0,Riyadh
2017-04-08,37.9,21.5,0.1,Riyadh
2017-04-09,37.6,21.4,0.0,Riyadh
2017-04-10,38.7,23.1,0.0,Riyadh
2017-04-11,38.3,23.9,0.0,Riyadh
2017-04-12,38.1,24.0,0.0,Riyadh
2017-04-13,38.1,23.4,0.0,Riyadh
2017-04-14,39.5,24.9,0.0,Riyadh
2017-04-15,39.1,25.6,0.0,Riyadh
2017-04-16,32.7,22.0,0.0,Riyadh
2017-04-17,33.9,20.1,0.0,Riyadh
2017-04-18,34.6,20.0,0.0,Riyadh
2017-04-19,35.0,23.3,0.3,Riyadh
2017-04-20,32.6,22.2,0.0,Riyadh
2017-04-21,33.6,20.4,0.0,Riyadh
2017-04-22,33.8,19.5,0.0,Riyadh
2017-04-23,35.7,19.9,0.0,Riyadh
2017-04-24,37.6,20.7,0.0,Riyadh
2017-04-25,38.4,24.7,0.0,Riyadh
2017-04-26,36.5,21.3,0.0,Riyadh
2017-04-27,37.7,22.1,0.0,Riyadh
2017-04-28,38.2,24.3,0.1,Riyadh
2017-04-29,38.2,25.2,0.0,Riyadh
2017-04-30,34.5,25.4,0.0,Riyadh
2017-05-01,35.8,25.0,0.4,Riyadh
2017-05-02,38.6,24.3,0.1,Riyadh
2017-05-03,39.7,25.9,0.0,Riyadh
2017-05-04,40.3,25.9,0.2,Riyadh
2017-05-05,39.6,27.0,0.0,Riyadh
2017-05-06,39.7,25.3,0.6,Riyadh
2017-05-07,37.1,24.4,0.9,Riyadh
2017-05-08,37.2,24.6,0.0,Riyadh
2017-05-09,38.2,24.7,0.0,Riyadh
2017-05-10,37.9,25.2,0.2,Riyadh
2017-05-11,38.0,25.2,0.0,Riyadh
2017-05-12,37.8,27.8,1.4,Riyadh
2017-05-13,37.0,26.4,0.0,Riyadh
2017-05-14,38.7,25.7,0.0,Riyadh
2017-05-15,40.1,24.9,0.0,Riyadh
2017-05-16,40.7,26.9,0.0,Riyadh
2017-05-17,40.7,26.0,0.0,Riyadh
2017-05-18,39.7,27.1,0.0,Riyadh
2017-05-19,41.7,26.7,0.0,Riyadh
2017-05-20,41.3,29.4,0.1,Riyadh
2017-05-21,39.8,29.0,0.0,Riyadh
2017-05-22,36.7,27.3,0.0,Riyadh
2017-05-23,39.3,25.6,0.0,Riyadh
2017-05-24,40.0,27.8,0.0,Riyadh
2017-05-25,39.5,27.4,0.0,Riyadh
2017-05-26,40.3,25.9,0.0,Riyadh
2017-05-27,43.4,27.7,0.0,Riyadh
2017-05-28,41.8,28.5,0.0,Riyadh
2017-05-29,42.3,27.8,0.0,Riyadh
2017-05-30,43.3,28.2,0.0,Riyadh
2017-05-31,41.8,29.2,0.0,Riyadh
2017-06-01,40.6,28.3,0.0,Riyadh
2017-06-02,40.8,26.2,0.0,Riyadh
2017-06-03,37.5,25.9,0.0,Riyadh
2017-06-04,38.0,24.4,0.0,Riyadh
2017-06-05,39.4,25.2,0.0,Riyadh
2017-06-06,40.7,25.8,0.0,Riyadh
2017-06-07,41.0,26.2,0.0,Riyadh
2017-06-08,41.7,27.2,0.0,Riyadh
2017-06-09,42.0,27.0,0.0,Riyadh
2017-06-10,42.9,26.3,0.0,Riyadh
2017-06-11,43.9,28.6,0.0,Riyadh
2017-06-12,43.7,29.1,0.0,Riyadh
2017-06-13,44.7,28.8,0.0,Riyadh
2017-06-14,45.7,30.1,0.0,Riyadh
2017-06-15,45.0,29.9,0.0,Riyadh
2017-06-16,44.1,28.9,0.0,Riyadh
2017-06-17,44.1,28.6,0.0,Riyadh
2017-06-18,44.9,28.8,0.0,Riyadh
2017-06-19,44.4,30.2,0.0,Riyadh
2017-06-20,43.4,28.9,0.0,Riyadh
2017-06-21,41.8,30.0,0.0,Riyadh
2017-06-22,41.4,28.7,0.0,Riyadh
2017-06-23,40.3,28.0,0.0,Riyadh
2017-06-24,39.8,27.0,0.0,Riyadh
2017-06-25,40.4,27.0,0.0,Riyadh
2017-06-26,40.9,26.4,0.0,Riyadh
2017-06-27,42.1,27.2,0.0,Riyadh
2017-06-28,43.6,29.1,0.0,Riyadh
2017-06-29,44.9,32.1,0.0,Riyadh
2017-06-30,44.2,31.4,0.0,Riyadh
2017-07-01,44.2,28.3,0.0,Riyadh
2017-07-02,45.3,29.3,0.0,Riyadh
2017-07-03,45.1,30.2,0.0,Riyadh
2017-07-04,45.2,31.6,0.0,Riyadh
2017-07-05,45.3,31.2,0.0,Riyadh
2017-07-06,45.4,30.4,0.0,Riyadh
2017-07-07,45.3,33.4,0.0,Riyadh
2017-07-08,44.7,32.9,0.0,Riyadh
2017-07-09,42.7,31.6,0.0,Riyadh
2017-07-10,43.4,31.2,0.0,Riyadh
2017-07-11,45.0,30.7,0.0,Riyadh
2017-07-12,44.7,32.4,0.0,Riyadh
2017-07-13,44.6,30.6,0.0,Riyadh
2017-07-14,45.1,35.3,0.0,Riyadh
2017-07-15,44.5,34.1,0.0,Riyadh
2017-07-16,44.2,32.0,0.0,Riyadh
2017-07-17,44.0,30.5,0.0,Riyadh
2017-07-18,44.7,30.9,0.0,Riyadh
2017-07-19,44.5,32.8,0.0,Riyadh
2017-07-20,43.9,31.8,0.0,Riyadh
2017-07-21,43.3,31.2,0.0,Riyadh
2017-07-22,44.1,28.9,0.0,Riyadh
2017-07-23,44.6,29.5,0.0,Riyadh
2017-07-24,44.6,29.1,0.0,Riyadh
2017-07-25,44.5,30.6,0.0,Riyadh
2017-07-26,45.1,30.3,0.0,Riyadh
2017-07-27,44.5,31.2,0.0,Riyadh
2017-07-28,43.7,30.6,0.0,Riyadh
2017-07-29,44.3,27.9,0.0,Riyadh
2017-07-30,44.8,28.5,0.0,Riyadh
2017-07-31,44.2,29.6,0.0,Riyadh
2017-08-01,45.5,30.0,0.0,Riyadh
2017-08-02,44.7,31.0,0.0,Riyadh
2017-08-03,43.9,30.4,0.0,Riyadh
2017-08-04,44.2,29.6,0.0,Riyadh
2017-08-05,44.5,31.1,0.0,Riyadh
2017-08-06,44.5,31.5,0.0,Riyadh
2017-08-07,44.2,30.4,0.0,Riyadh
2017-08-08,44.0,30.0,0.0,Riyadh
2017-08-09,44.8,29.5,0.0,Riyadh
2017-08-10,44.8,29.5,0.0,Riyadh
2017-08-11,43.8,29.8,0.0,Riyadh
2017-08-12,43.0,30.3,0.0,Riyadh
2017-08-13,44.0,32.0,0.0,Riyadh
2017-08-14,44.4,30.6,0.0,Riyadh
2017-08-15,44.6,32.2,0.0,Riyadh
2017-08-16,43.4,33.6,0.0,Riyadh
2017-08-17,42.9,30.5,0.0,Riyadh
2017-08-18,44.6,28.5,0.0,Riyadh
2017-08-19,43.7,29.5,0.0,Riyadh
2017-08-20,43.6,31.0,0.0,Riyadh
2017-08-21,43.2,30.6,0.0,Riyadh
2017-08-22,43.7,30.2,0.0,Riyadh
2017-08-23,43.6,31.0,0.0,Riyadh
2017-08-24,42.3,30.0,0.0,Riyadh
2017-08-25,42.2,31.0,0.0,Riyadh
2017-08-26,42.0,29.7,0.0,Riyadh
2017-08-27,43.0,28.1,0.0,Riyadh
2017-08-28,43.5,28.5,0.0,Riyadh
2017-08-29,41.7,28.4,0.0,Riyadh
2017-08-30,41.3,29.3,0.0,Riyadh
2017-08-31,41.2,26.7,0.0,Riyadh
2017-09-01,41.4,26.6,0.0,Riyadh
2017-09-02,41.1,26.6,0.0,Riyadh
2017-09-03,41.9,26.4,0.0,Riyadh
2017-09-04,42.6,27.6,0.0,Riyadh
2017-09-05,41.6,27.9,0.0,Riyadh
2017-09-06,41.8,28.9,0.0,Riyadh
2017-09-07,40.2,24.6,0.0,Riyadh
2017-09-08,41.0,25.8,0.0,Riyadh
2017-09-09,40.0,26.8,0.0,Riyadh
2017-09-10,39.8,26.1,0.0,Riyadh
2017-09-11,40.9,26.0,0.0,Riyadh
2017-09-12,39.7,26.0,0.0,Riyadh
2017-09-13,41.1,27.8,0.0,Riyadh
2017-09-14,41.0,26.4,0.0,Riyadh
2017-09-15,40.5,25.4,0.0,Riyadh
2017-09-16,39.5,24.7,0.0,Riyadh
2017-09-17,41.1,25.8,0.0,Riyadh
2017-09-18,41.2,25.3,0.0,Riyadh
2017-09-19,40.6,26.9,0.0,Riyadh
2017-09-20,40.9,26.5,0.0,Riyadh
2017-09-21,39.9,25.8,0.0,Riyadh
2017-09-22,39.0,24.1,0.0,Riyadh
2017-09-23,39.0,24.1,0.0,Riyadh
2017-09-24,37.7,23.7,0.0,Riyadh
2017-09-25,37.3,23.6,0.0,Riyadh
2017-09-26,37.4,25.0,0.0,Riyadh
2017-09-27,38.3,23.1,0.0,Riyadh
2017-09-28,38.2,23.4,0.0,Riyadh
2017-09-29,37.2,22.3,0.0,Riyadh
2017-09-30,37.9,24.4,0.0,Riyadh
2017-10-01,38.0,23.3,0.0,Riyadh
2017-10-02,37.8,23.0,0.0,Riyadh
2017-10-03,36.6,21.8,0.0,Riyadh
2017-10-04,36.8,22.3,0.0,Riyadh
2017-10-05,37.6,23.8,0.0,Riyadh
2017-10-06,35.8,20.8,0.0,Riyadh
2017-10-07,37.5,23.3,0.0,Riyadh
2017-10-08,36.7,22.1,0.0,Riyadh
2017-10-09,36.1,23.9,0.0,Riyadh
2017-10-10,36.0,21.9,0.0,Riyadh
2017-10-11,36.9,22.1,0.0,Riyadh
2017-10-12,35.1,23.2,0.0,Riyadh
2017-10-13,35.3,20.2,0.0,Riyadh
2017-10-14,36.6,20.2,0.0,Riyadh
2017-10-15,37.0,21.4,0.0,Riyadh
2017-10-16,36.4,21.9,0.0,Riyadh
2017-10-17,36.7,21.4,0.0,Riyadh
2017-10-18,36.0,21.4,0.0,Riyadh
2017-10-19,34.6,20.9,0.0,Riyadh
2017-10-20,34.0,19.9,0.0,Riyadh
2017-10-21,34.7,21.3,0.0,Riyadh
2017-10-22,35.4,23.0,0.0,Riyadh
2017-10-23,35.4,21.4,0.0,Riyadh
2017-10-24,34.5,18.3,0.0,Riyadh
2017-10-25,33.8,19.6,0.0,Riyadh
2017-10-26,33.3,19.3,0.0,Riyadh
2017-10-27,31.8,17.6,0.0,Riyadh
2017-10-28,31.7,17.3,0.0,Riyadh
2017-10-29,32.7,17.7,0.0,Riyadh
2017-10-30,33.1,20.0,0.0,Riyadh
2017-10-31,32.4,17.1,0.0,Riyadh
2017-11-01,31.8,18.3,0.0,Riyadh
2017-11-02,31.2,16.5,0.0,Riyadh
2017-11-03,29.7,17.2,0.0,Riyadh
2017-11-04,31.1,18.0,0.0,Riyadh
2017-11-05,29.7,17.0,0.0,Riyadh
2017-11-06,28.9,15.5,0.0,Riyadh
2017-11-07,28.8,16.4,0.0,Riyadh
2017-11-08,28.5,15.9,0.0,Riyadh
2017-11-09,29.9,14.7,0.0,Riyadh
2017-11-10,30.8,16.1,0.0,Riyadh
2017-11-11,31.9,16.2,0.0,Riyadh
2017-11-12,26.6,17.2,0.0,Riyadh
2017-11-13,26.9,14.0,0.0,Riyadh
2017-11-14,28.2,14.0,0.0,Riyadh
2017-11-15,29.7,14.4,0.0,Riyadh
2017-11-16,29.0,14.6,0.0,Riyadh
2017-11-17,26.4,15.3,0.0,Riyadh
2017-11-18,25.6,12.4,0.0,Riyadh
2017-11-19,25.4,13.7,0.0,Riyadh
2017-11-20,27.2,14.2,0.0,Riyadh
2017-11-21,28.0,16.4,0.0,Riyadh
2017-11-22,22.8,17.2,0.0,Riyadh
2017-11-23,20.3,12.6,2.0,Riyadh
2017-11-24,16.7,11.4,1.5,Riyadh
2017-11-25,19.6,10.4,0.0,Riyadh
2017-11-26,21.7,11.5,0.0,Riyadh
2017-11-27,27.5,14.2,0.0,Riyadh
2017-11-28,24.3,15.5,0.0,Riyadh
2017-11-29,23.5,12.4,0.0,Riyadh
2017-11-30,26.7,14.2,0.0,Riyadh
2017-12-01,24.9,14.5,0.0,Riyadh
2017-12-02,19.7,12.5,0.1,Riyadh
2017-12-03,20.9,10.8,0.0,Riyadh
2017-12-04,20.5,7.9,0.0,Riyadh
2017-12-05,20.6,4.5,0.0,Riyadh
2017-12-06,23.1,5.9,0.0,Riyadh
2017-12-07,25.1,9.6,0.0,Riyadh
2017-12-08,15.2,6.9,0.0,Riyadh
2017-12-09,16.1,3.1,0.0,Riyadh
2017-12-10,17.4,2.4,0.0,Riyadh
2017-12-11,21.6,4.7,0.0,Riyadh
2017-12-12,21.0,7.4,0.0,Riyadh
2017-12-13,20.8,6.4,0.0,Riyadh
2017-12-14,24.1,8.7,0.0,Riyadh
2017-12-15,20.5,6.9,0.0,Riyadh
2017-12-16,17.9,6.9,0.0,Riyadh
2017-12-17,17.7,8.6,0.0,Riyadh
2017-12-18,18.8,6.4,0.0,Riyadh
2017-12-19,20.2,7.5,0.0,Riyadh
2017-12-20,22.4,8.6,0.0,Riyadh
2017-12-21,23.2,9.6,0.0,Riyadh
2017-12-22,23.8,9.1,0.0,Riyadh
2017-12-23,24.2,10.9,0.0,Riyadh
2017-12-24,28.1,10.4,0.0,Riyadh
2017-12-25,26.8,15.3,0.0,Riyadh
2017-12-26,21.3,11.0,0.0,Riyadh
2017-12-27,19.3,7.9,0.0,Riyadh
2017-12-28,20.7,6.5,0.0,Riyadh
2017-12-29,21.8,7.5,0.0,Riyadh
2017-12-30,22.4,8.9,0.0,Riyadh
2017-12-31,23.9,8.8,0.0,Riyadh
2018-01-01,25.6,8.7,0.0,Riyadh
2018-01-02,18.9,10.9,0.0,Riyadh
2018-01-03,18.3,6.5,0.0,Riyadh
2018-01-04,20.6,8.3,0.0,Riyadh
2018-01-05,22.5,10.3,0.0,Riyadh
2018-01-06,22.0,11.9,0.0,Riyadh
2018-01-07,19.4,8.5,0.0,Riyadh
2018-01-08,17.1,8.6,0.0,Riyadh
2018-01-09,16.5,6.1,0.0,Riyadh
2018-01-10,16.7,5.0,0.0,Riyadh
2018-01-11,18.1,4.6,0.0,Riyadh
2018-01-12,21.4,4.0,0.0,Riyadh
2018-01-13,21.8,7.1,0.0,Riyadh
2018-01-14,23.6,4.4,0.0,Riyadh
2018-01-15,24.1,8.6,0.0,Riyadh
2018-01-16,19.4,8.4,0.0,Riyadh
2018-01-17,19.5,6.6,0.0,Riyadh
2018-01-18,23.6,7.7,0.0,Riyadh
2018-01-19,24.3,10.3,0.0,Riyadh
2018-01-20,18.8,9.4,0.0,Riyadh
2018-01-21,16.5,5.8,0.0,Riyadh
2018-01-22,19.5,4.0,0.0,Riyadh
2018-01-23,25.8,8.0,0.0,Riyadh
2018-01-24,25.8,11.9,0.0,Riyadh
2018-01-25,26.8,11.6,0.0,Riyadh
2018-01-26,25.6,12.9,0.0,Riyadh
2018-01-27,23.5,12.5,0.0,Riyadh
2018-01-28,17.1,6.5,0.0,Riyadh
2018-01-29,15.7,4.1,0.0,Riyadh
2018-01-30,16.3,6.4,0.0,Riyadh
2018-01-31,18.0,4.8,0.0,Riyadh
2018-02-01,18.6,7.3,0.0,Riyadh
2018-02-02,19.8,6.9,0.0,Riyadh
2018-02-03,18.5,5.1,0.0,Riyadh
2018-02-04,19.9,4.9,0.0,Riyadh
2018-02-05,22.4,6.7,0.0,Riyadh
2018-02-06,24.8,9.1,0.0,Riyadh
2018-02-07,27.3,12.3,0.0,Riyadh
2018-02-08,26.1,10.5,0.0,Riyadh
2018-02-09,24.4,10.5,0.0,Riyadh
2018-02-10,27.1,10.0,0.0,Riyadh
2018-02-11,30.7,16.4,0.0,Riyadh
2018-02-12,32.7,15.7,0.0,Riyadh
2018-02-13,35.0,18.2,0.0,Riyadh
2018-02-14,24.5,16.7,0.0,Riyadh
2018-02-15,25.7,12.9,0.0,Riyadh
2018-02-16,28.5,14.5,0.0,Riyadh
2018-02-17,30.4,16.6,0.0,Riyadh
2018-02-18,26.2,16.1,0.0,Riyadh
2018-02-19,23.0,10.3,0.0,Riyadh
2018-02-20,23.0,10.5,0.0,Riyadh
2018-02-21,26.9,13.3,0.0,Riyadh
2018-02-22,28.8,16.6,0.1,Riyadh
2018-02-23,27.2,15.0,0.0,Riyadh
2018-02-24,25.3,17.1,5.4,Riyadh
2018-02-25,22.3,14.5,13.9,Riyadh
2018-02-26,23.3,12.8,0.7,Riyadh
2018-02-27,27.7,15.8,0.0,Riyadh
2018-02-28,27.7,13.7,0.0,Riyadh
2018-03-01,24.1,15.2,5.1,Riyadh
2018-03-02,21.7,14.1,0.0,Riyadh
2018-03-03,23.5,12.4,0.0,Riyadh
2018-03-04,26.9,12.4,0.0,Riyadh
2018-03-05,27.4,14.1,0.0,Riyadh
2018-03-06,31.2,15.1,0.0,Riyadh
2018-03-07,31.9,18.0,0.0,Riyadh
2018-03-08,33.4,16.4,0.0,Riyadh
2018-03-09,34.5,18.7,0.0,Riyadh
2018-03-10,34.1,23.0,0.0,Riyadh
2018-03-11,32.2,17.4,0.0,Riyadh
2018-03-12,27.6,17.0,0.0,Riyadh
2018-03-13,27.6,15.0,0.0,Riyadh
2018-03-14,29.9,15.0,0.0,Riyadh
2018-03-15,33.1,18.4,0.0,Riyadh
2018-03-16,28.3,21.1,1.1,Riyadh
2018-03-17,30.5,18.2,0.0,Riyadh
2018-03-18,27.1,15.2,0.0,Riyadh
2018-03-19,28.7,14.5,0.0,Riyadh
2018-03-20,34.0,18.7,0.0,Riyadh
2018-03-21,35.8,19.4,0.0,Riyadh
2018-03-22,33.5,18.7,0.0,Riyadh
2018-03-23,31.5,17.2,0.0,Riyadh
2018-03-24,31.6,18.2,0.0,Riyadh
2018-03-25,31.1,14.2,0.0,Riyadh
2018-03-26,33.0,15.7,0.0,Riyadh
2018-03-27,33.7,17.4,0.0,Riyadh
2018-03-28,35.5,19.8,0.0,Riyadh
2018-03-29,36.6,20.4,0.0,Riyadh
2018-03-30,37.2,24.9,0.0,Riyadh
2018-03-31,27.9,20.5,0.8,Riyadh
2018-04-01,27.8,17.9,0.1,Riyadh
2018-04-02,30.8,17.6,0.0,Riyadh
2018-04-03,32.1,20.9,0.2,Riyadh
2018-04-04,34.5,20.8,0.6,Riyadh
2018-04-05,33.1,19.6,0.3,Riyadh
2018-04-06,28.9,19.3,2.1,Riyadh
2018-04-07,32.2,19.6,0.2,Riyadh
2018-04-08,32.7,19.2,0.0,Riyadh
2018-04-09,33.5,19.8,0.5,Riyadh
2018-04-10,33.1,20.1,0.1,Riyadh
2018-04-11,30.2,18.9,2.4,Riyadh
2018-04-12,32.0,19.1,0.5,Riyadh
2018-04-13,34.0,19.9,0.0,Riyadh
2018-04-14,31.9,19.0,0.0,Riyadh
2018-04-15,30.7,19.7,3.4,Riyadh
2018-04-16,33.2,19.7,0.0,Riyadh
2018-04-17,31.2,17.9,0.0,Riyadh
2018-04-18,31.4,17.7,0.0,Riyadh
2018-04-19,32.4,18.2,0.0,Riyadh
2018-04-20,35.1,20.3,0.0,Riyadh
2018-04-21,38.1,23.7,0.0,Riyadh
2018-04-22,36.3,25.5,0.5,Riyadh
2018-04-23,35.7,23.1,0.0,Riyadh
2018-04-24,31.9,20.7,0.4,Riyadh
2018-04-25,29.5,20.6,0.6,Riyadh
2018-04-26,31.9,19.4,1.5,Riyadh
2018-04-27,31.2,17.2,1.2,Riyadh
2018-04-28,34.3,19.8,0.0,Riyadh
2018-04-29,32.3,19.9,0.0,Riyadh
2018-04-30,34.5,20.0,0.0,Riyadh
2018-05-01,34.6,22.2,0.3,Riyadh
2018-05-02,34.9,22.2,0.0,Riyadh
2018-05-03,36.9,25.2,0.1,Riyadh
2018-05-04,37.0,22.9,0.0,Riyadh
2018-05-05,37.1,22.2,0.0,Riyadh
2018-05-06,39.2,24.8,0.0,Riyadh
2018-05-07,40.2,24.8,0.0,Riyadh
2018-05-08,42.2,27.1,0.0,Riyadh
2018-05-09,37.1,28.0,1.4,Riyadh
2018-05-10,34.1,20.8,0.0,Riyadh
2018-05-11,38.7,21.2,0.0,Riyadh
2018-05-12,41.1,29.3,0.0,Riyadh
2018-05-13,35.5,25.7,0.0,Riyadh
2018-05-14,35.3,22.2,0.0,Riyadh
2018-05-15,34.9,21.8,0.0,Riyadh
2018-05-16,34.9,22.6,0.0,Riyadh
2018-05-17,35.2,22.5,0.2,Riyadh
2018-05-18,35.4,24.0,0.0,Riyadh
2018-05-19,34.4,24.5,0.1,Riyadh
2018-05-20,36.2,25.1,0.0,Riyadh
2018-05-21,38.2,25.5,0.0,Riyadh
2018-05-22,39.0,23.8,0.0,Riyadh
2018-05-23,39.4,25.3,0.0,Riyadh
2018-05-24,38.7,26.3,0.0,Riyadh
2018-05-25,38.8,26.0,0.0,Riyadh
2018-05-26,38.8,26.8,0.0,Riyadh
2018-05-27,39.2,25.4,0.0,Riyadh
2018-05-28,39.4,25.5,0.0,Riyadh
2018-05-29,40.0,25.0,0.0,Riyadh
2018-05-30,40.6,28.1,0.0,Riyadh
2018-05-31,40.3,28.7,0.0,Riyadh
2018-06-01,41.4,29.5,0.0,Riyadh
2018-06-02,42.1,29.2,0.0,Riyadh
2018-06-03,43.3,30.7,0.0,Riyadh
2018-06-04,43.7,30.3,0.0,Riyadh
2018-06-05,44.0,30.7,0.0,Riyadh
2018-06-06,44.9,29.0,0.0,Riyadh
2018-06-07,45.2,29.3,0.0,Riyadh
2018-06-08,44.5,30.9,0.0,Riyadh
2018-06-09,45.2,29.3,0.0,Riyadh
2018-06-10,43.5,31.8,0.0,Riyadh
2018-06-11,41.1,27.9,0.0,Riyadh
2018-06-12,42.0,27.7,0.0,Riyadh
2018-06-13,40.7,28.3,0.0,Riyadh
2018-06-14,40.0,27.2,0.0,Riyadh
2018-06-15,40.1,28.8,0.0,Riyadh
2018-06-16,40.3,27.2,0.0,Riyadh
2018-06-17,39.5,27.5,0.0,Riyadh
2018-06-18,41.8,29.6,0.0,Riyadh
2018-06-19,42.6,28.3,0.0,Riyadh
2018-06-20,42.7,28.7,0.0,Riyadh
2018-06-21,41.5,29.3,0.0,Riyadh
2018-06-22,39.9,27.2,0.0,Riyadh
2018-06-23,39.4,26.3,0.0,Riyadh
2018-06-24,39.3,25.8,0.0,Riyadh
2018-06-25,40.0,26.3,0.0,Riyadh
2018-06-26,41.6,28.8,0.0,Riyadh
2018-06-27,42.9,30.1,0.0,Riyadh
2018-06-28,43.6,30.1,0.0,Riyadh
2018-06-29,42.8,28.6,0.0,Riyadh
2018-06-30,41.8,29.0,0.0,Riyadh
2018-07-01,42.2,28.7,0.0,Riyadh
2018-07-02,42.0,27.6,0.0,Riyadh
2018-07-03,43.2,30.0,0.0,Riyadh
2018-07-04,44.7,31.7,0.0,Riyadh
2018-07-05,44.7,32.3,0.0,Riyadh
2018-07-06,44.3,29.9,0.0,Riyadh
2018-07-07,43.7,31.0,0.0,Riyadh
2018-07-08,43.6,28.7,0.0,Riyadh
2018-07-09,44.3,29.2,0.0,Riyadh
2018-07-10,43.8,29.5,0.0,Riyadh
2018-07-11,44.1,31.1,0.0,Riyadh
2018-07-12,44.4,32.5,0.0,Riyadh
2018-07-13,44.0,31.8,0.0,Riyadh
2018-07-14,42.7,29.8,0.0,Riyadh
2018-07-15,43.7,30.9,0.0,Riyadh
2018-07-16,42.2,31.6,0.0,Riyadh
2018-07-17,41.0,28.9,0.0,Riyadh
2018-07-18,40.6,27.9,0.0,Riyadh
2018-07-19,41.6,27.3,0.0,Riyadh
2018-07-20,40.9,29.6,0.0,Riyadh
2018-07-21,41.5,29.3,0.0,Riyadh
2018-07-22,41.2,28.7,0.0,Riyadh
2018-07-23,42.1,30.3,0.0,Riyadh
2018-07-24,40.7,29.1,0.0,Riyadh
2018-07-25,41.6,29.2,0.0,Riyadh
2018-07-26,41.3,28.5,0.0,Riyadh
2018-07-27,42.1,32.0,0.0,Riyadh
2018-07-28,42.3,32.0,0.0,Riyadh
2018-07-29,41.6,28.9,0.0,Riyadh
2018-07-30,42.1,30.2,0.0,Riyadh
2018-07-31,42.0,29.4,0.0,Riyadh
2018-08-01,42.4,29.5,0.0,Riyadh
2018-08-02,40.7,28.9,0.0,Riyadh
2018-08-03,41.0,28.0,0.0,Riyadh
2018-08-04,41.9,29.8,0.0,Riyadh
2018-08-05,42.5,30.4,0.0,Riyadh
2018-08-06,42.3,30.0,0.0,Riyadh
2018-08-07,41.4,32.2,0.0,Riyadh
2018-08-08,42.4,29.9,0.0,Riyadh
2018-08-09,42.2,30.0,0.0,Riyadh
2018-08-10,41.8,29.9,0.0,Riyadh
2018-08-11,41.9,29.0,0.0,Riyadh
2018-08-12,42.7,28.4,0.0,Riyadh
2018-08-13,41.3,28.8,0.0,Riyadh
2018-08-14,40.5,27.8,0.0,Riyadh
2018-08-15,40.4,27.6,0.0,Riyadh
2018-08-16,41.3,27.4,0.0,Riyadh
2018-08-17,41.2,27.0,0.0,Riyadh
2018-08-18,41.4,28.5,0.0,Riyadh
2018-08-19,41.7,27.4,0.0,Riyadh
2018-08-20,41.7,27.4,0.0,Riyadh
2018-08-21,41.0,27.7,0.0,Riyadh
2018-08-22,41.9,28.1,0.0,Riyadh
2018-08-23,42.6,28.3,0.0,Riyadh
2018-08-24,42.9,28.0,0.0,Riyadh
2018-08-25,42.5,28.6,0.0,Riyadh
2018-08-26,42.9,28.9,0.0,Riyadh
2018-08-27,41.3,28.5,0.0,Riyadh
2018-08-28,42.5,27.1,0.0,Riyadh
2018-08-29,42.8,29.8,0.0,Riyadh
2018-08-30,41.8,28.3,0.0,Riyadh
2018-08-31,42.9,28.4,0.0,Riyadh
2018-09-01,43.3,28.4,0.0,Riyadh
2018-09-02,43.1,28.5,0.0,Riyadh
2018-09-03,43.3,27.1,0.0,Riyadh
2018-09-04,43.7,28.6,0.0,Riyadh
2018-09-05,44.2,31.1,0.0,Riyadh
2018-09-06,42.3,29.1,0.0,Riyadh
2018-09-07,41.4,27.2,0.0,Riyadh
2018-09-08,41.6,27.2,0.0,Riyadh
2018-09-09,42.4,28.0,0.0,Riyadh
2018-09-10,42.6,28.2,0.0,Riyadh
2018-09-11,41.4,26.0,0.0,Riyadh
2018-09-12,40.5,26.6,0.0,Riyadh
2018-09-13,42.3,26.9,0.0,Riyadh
2018-09-14,42.1,27.1,0.0,Riyadh
2018-09-15,42.0,28.7,0.0,Riyadh
2018-09-16,42.2,26.5,0.0,Riyadh
2018-09-17,41.6,27.3,0.0,Riyadh
2018-09-18,41.7,27.7,0.0,Riyadh
2018-09-19,41.8,27.5,0.0,Riyadh
2018-09-20,41.6,26.9,0.0,Riyadh
2018-09-21,40.8,26.9,0.0,Riyadh
2018-09-22,40.6,27.9,0.0,Riyadh
2018-09-23,41.4,27.3,0.0,Riyadh
2018-09-24,40.8,26.1,0.0,Riyadh
2018-09-25,40.1,26.0,0.0,Riyadh
2018-09-26,40.6,25.7,0.0,Riyadh
2018-09-27,39.5,27.8,0.0,Riyadh
2018-09-28,39.5,24.6,0.0,Riyadh
2018-09-29,38.7,24.4,0.0,Riyadh
2018-09-30,37.1,22.7,0.0,Riyadh
2018-10-01,36.3,22.8,0.0,Riyadh
2018-10-02,36.2,23.5,0.0,Riyadh
2018-10-03,36.3,22.0,0.0,Riyadh
2018-10-04,37.5,22.6,0.0,Riyadh
2018-10-05,37.7,22.8,0.0,Riyadh
2018-10-06,37.6,23.3,0.0,Riyadh
2018-10-07,37.5,25.1,0.0,Riyadh
2018-10-08,35.4,24.3,0.0,Riyadh
2018-10-09,36.2,24.8,0.0,Riyadh
2018-10-10,36.7,23.3,0.0,Riyadh
2018-10-11,36.8,24.2,0.0,Riyadh
2018-10-12,35.6,24.3,0.0,Riyadh
2018-10-13,35.5,23.0,0.0,Riyadh
2018-10-14,33.8,21.7,0.0,Riyadh
2018-10-15,33.3,21.1,0.0,Riyadh
2018-10-16,33.0,21.0,0.0,Riyadh
2018-10-17,33.1,20.3,0.0,Riyadh
2018-10-18,31.6,20.3,0.0,Riyadh
2018-10-19,30.1,20.5,0.0,Riyadh
2018-10-20,31.4,20.1,0.0,Riyadh
2018-10-21,31.6,20.1,0.0,Riyadh
2018-10-22,32.9,20.4,0.0,Riyadh
2018-10-23,32.8,21.7,0.0,Riyadh
2018-10-24,32.5,21.7,0.0,Riyadh
2018-10-25,34.0,23.3,0.0,Riyadh
2018-10-26,34.2,22.7,0.0,Riyadh
2018-10-27,35.5,21.7,0.0,Riyadh
2018-10-28,25.5,18.8,3.2,Riyadh
2018-10-29,22.2,16.6,3.2,Riyadh
2018-10-30,24.9,14.6,0.0,Riyadh
2018-10-31,26.2,13.8,0.0,Riyadh
2018-11-01,26.3,14.3,0.0,Riyadh
2018-11-02,27.3,15.6,0.0,Riyadh
2018-11-03,27.4,16.2,0.2,Riyadh
2018-11-04,28.0,18.3,2.4,Riyadh
2018-11-05,29.2,16.0,0.0,Riyadh
2018-11-06,29.9,17.9,0.0,Riyadh
2018-11-07,28.9,16.2,0.0,Riyadh
2018-11-08,29.7,16.6,0.0,Riyadh
2018-11-09,25.9,17.5,7.9,Riyadh
2018-11-10,26.1,16.7,0.6,Riyadh
2018-11-11,27.6,18.3,0.4,Riyadh
2018-11-12,26.3,17.8,3.6,Riyadh
2018-11-13,25.7,17.3,0.1,Riyadh
2018-11-14,27.4,15.9,0.0,Riyadh
2018-11-15,31.3,16.3,0.0,Riyadh
2018-11-16,26.3,17.4,0.8,Riyadh
2018-11-17,24.3,16.1,0.0,Riyadh
2018-11-18,23.6,13.6,0.0,Riyadh
2018-11-19,25.3,12.4,0.0,Riyadh
2018-11-20,20.7,13.1,1.4,Riyadh
2018-11-21,23.0,13.1,0.0,Riyadh
2018-11-22,26.0,13.9,0.0,Riyadh
2018-11-23,24.0,17.2,3.0,Riyadh
2018-11-24,27.5,16.0,3.5,Riyadh
2018-11-25,25.6,15.3,11.8,Riyadh
2018-11-26,20.2,10.5,0.0,Riyadh
2018-11-27,19.1,9.7,0.0,Riyadh
2018-11-28,21.1,11.2,0.0,Riyadh
2018-11-29,23.8,11.5,0.0,Riyadh
2018-11-30,25.9,12.1,0.0,Riyadh
2018-12-01,25.4,12.5,0.0,Riyadh
2018-12-02,26.2,13.1,0.0,Riyadh
2018-12-03,24.8,10.8,0.0,Riyadh
2018-12-04,23.6,10.1,0.0,Riyadh
2018-12-05,25.7,14.4,0.0,Riyadh
2018-12-06,26.0,15.0,0.1,Riyadh
2018-12-07,23.3,13.1,0.0,Riyadh
2018-12-08,23.4,11.3,0.0,Riyadh
2018-12-09,25.8,14.0,0.0,Riyadh
2018-12-10,27.0,15.4,0.0,Riyadh
2018-12-11,22.6,15.4,0.2,Riyadh
2018-12-12,22.7,13.2,0.0,Riyadh
2018-12-13,23.9,14.3,0.0,Riyadh
2018-12-14,23.0,14.5,0.0,Riyadh
2018-12-15,19.5,14.1,3.6,Riyadh
2018-12-16,20.9,11.5,0.0,Riyadh
2018-12-17,21.7,10.3,0.0,Riyadh
2018-12-18,24.3,11.0,0.0,Riyadh
2018-12-19,21.0,11.9,0.0,Riyadh
2018-12-20,25.6,10.9,0.0,Riyadh
2018-12-21,21.8,12.1,0.0,Riyadh
2018-12-22,18.9,11.3,0.0,Riyadh
2018-12-23,18.9,7.6,0.0,Riyadh
2018-12-24,19.9,7.2,0.0,Riyadh
2018-12-25,20.3,7.9,0.0,Riyadh
2018-12-26,21.5,7.7,0.0,Riyadh
2018-12-27,24.2,8.3,0.0,Riyadh
2018-12-28,25.2,11.4,0.0,Riyadh
2018-12-29,19.8,10.8,0.1,Riyadh
2018-12-30,20.4,9.5,1.1,Riyadh
2018-12-31,21.8,11.2,0.0,Riyadh
2019-01-01,19.7,10.5,0.0,Riyadh
2019-01-02,27.0,13.1,0.0,Riyadh
2019-01-03,27.5,14.2,0.0,Riyadh
2019-01-04,19.8,11.7,0.0,Riyadh
2019-01-05,21.6,9.0,0.0,Riyadh
2019-01-06,26.4,10.3,0.0,Riyadh
2019-01-07,27.0,13.7,0.0,Riyadh
2019-01-08,21.5,9.5,0.0,Riyadh
2019-01-09,24.4,11.8,0.0,Riyadh
2019-01-10,17.7,8.2,0.0,Riyadh
2019-01-11,17.7,5.9,0.0,Riyadh
2019-01-12,20.0,8.4,0.0,Riyadh
2019-01-13,25.3,8.9,0.0,Riyadh
2019-01-14,27.7,11.6,0.0,Riyadh
2019-01-15,26.4,12.5,0.0,Riyadh
2019-01-16,29.9,15.2,0.0,Riyadh
2019-01-17,21.9,10.6,0.0,Riyadh
2019-01-18,16.6,5.0,0.0,Riyadh
2019-01-19,16.2,5.1,0.0,Riyadh
2019-01-20,16.6,5.8,0.0,Riyadh
2019-01-21,18.8,5.3,0.0,Riyadh
2019-01-22,24.2,8.5,0.0,Riyadh
2019-01-23,26.3,10.4,0.0,Riyadh
2019-01-24,27.7,11.4,0.0,Riyadh
2019-01-25,28.8,13.2,0.0,Riyadh
2019-01-26,28.8,13.0,0.0,Riyadh
2019-01-27,26.8,16.6,0.0,Riyadh
2019-01-28,27.0,16.9,0.3,Riyadh
2019-01-29,20.5,12.8,0.0,Riyadh
2019-01-30,21.2,9.4,0.1,Riyadh
2019-01-31,27.8,15.4,0.0,Riyadh
2019-02-01,29.4,15.9,0.0,Riyadh
2019-02-02,28.5,16.0,2.5,Riyadh
2019-02-03,20.2,12.5,3.7,Riyadh
2019-02-04,18.9,7.2,0.0,Riyadh
2019-02-05,19.5,7.1,0.0,Riyadh
2019-02-06,19.7,6.9,0.0,Riyadh
2019-02-07,20.2,5.9,0.0,Riyadh
2019-02-08,23.6,9.9,0.0,Riyadh
2019-02-09,25.9,12.5,0.9,Riyadh
2019-02-10,24.0,14.2,0.2,Riyadh
2019-02-11,21.2,10.7,2.5,Riyadh
2019-02-12,17.4,7.6,0.0,Riyadh
2019-02-13,18.8,4.9,0.0,Riyadh
2019-02-14,23.2,9.8,0.0,Riyadh
2019-02-15,28.8,15.7,0.1,Riyadh
2019-02-16,23.9,12.6,0.7,Riyadh
2019-02-17,19.4,8.4,0.0,Riyadh
2019-02-18,19.6,8.7,0.0,Riyadh
2019-02-19,18.8,8.6,0.0,Riyadh
2019-02-20,17.5,5.7,0.0,Riyadh
2019-02-21,19.5,7.7,0.0,Riyadh
2019-02-22,18.9,12.6,2.3,Riyadh
2019-02-23,26.6,11.6,0.4,Riyadh
2019-02-24,28.2,12.8,0.0,Riyadh
2019-02-25,23.6,13.3,0.0,Riyadh
2019-02-26,24.1,11.0,0.5,Riyadh
2019-02-27,30.3,17.0,0.1,Riyadh
2019-02-28,29.0,19.8,0.2,Riyadh
2019-03-01,20.0,12.5,0.0,Riyadh
2019-03-02,18.9,7.0,0.0,Riyadh
2019-03-03,20.6,8.2,0.0,Riyadh
2019-03-04,23.0,9.1,0.0,Riyadh
2019-03-05,24.2,10.8,0.0,Riyadh
2019-03-06,22.7,14.9,0.0,Riyadh
2019-03-07,21.3,9.9,0.0,Riyadh
2019-03-08,24.2,9.1,0.0,Riyadh
2019-03-09,20.8,10.5,0.0,Riyadh
2019-03-10,21.7,8.1,0.0,Riyadh
2019-03-11,25.2,9.7,0.0,Riyadh
2019-03-12,24.0,11.4,0.0,Riyadh
2019-03-13,26.2,11.0,0.0,Riyadh
2019-03-14,31.4,16.4,0.9,Riyadh
2019-03-15,25.4,14.5,0.0,Riyadh
2019-03-16,26.9,11.6,0.0,Riyadh
2019-03-17,23.6,14.6,0.4,Riyadh
2019-03-18,23.9,9.4,0.0,Riyadh
2019-03-19,25.5,9.9,0.0,Riyadh
2019-03-20,25.4,13.4,0.3,Riyadh
2019-03-21,28.0,15.0,0.0,Riyadh
2019-03-22,29.0,14.6,0.0,Riyadh
2019-03-23,28.6,15.5,0.0,Riyadh
2019-03-24,32.8,17.2,0.0,Riyadh
2019-03-25,34.6,23.3,0.2,Riyadh
2019-03-26,24.6,14.4,0.9,Riyadh
2019-03-27,25.8,11.6,0.0,Riyadh
2019-03-28,28.4,15.0,0.0,Riyadh
2019-03-29,27.7,13.9,0.0,Riyadh
2019-03-30,30.9,17.4,0.0,Riyadh
2019-03-31,36.5,20.6,0.0,Riyadh
2019-04-01,27.2,18.3,0.0,Riyadh
2019-04-02,25.4,13.2,0.0,Riyadh
2019-04-03,31.9,15.2,0.0,Riyadh
2019-04-04,32.5,17.7,0.0,Riyadh
2019-04-05,32.0,20.0,0.1,Riyadh
2019-04-06,35.4,19.6,0.0,Riyadh
2019-04-07,35.7,22.4,0.0,Riyadh
2019-04-08,33.4,21.1,0.0,Riyadh
2019-04-09,33.9,19.6,0.8,Riyadh
2019-04-10,27.9,17.5,1.0,Riyadh
2019-04-11,30.4,19.3,0.5,Riyadh
2019-04-12,28.9,18.5,7.5,Riyadh
2019-04-13,25.9,16.4,3.0,Riyadh
2019-04-14,27.2,15.2,0.0,Riyadh
2019-04-15,31.7,13.8,0.0,Riyadh
2019-04-16,34.5,20.3,0.0,Riyadh
2019-04-17,36.4,22.2,0.0,Riyadh
2019-04-18,37.4,21.9,0.0,Riyadh
2019-04-19,34.8,23.3,0.0,Riyadh
2019-04-20,35.9,22.2,0.0,Riyadh
2019-04-21,31.8,21.0,0.0,Riyadh
2019-04-22,27.8,18.3,0.0,Riyadh
2019-04-23,26.7,13.3,0.0,Riyadh
2019-04-24,27.1,13.6,0.0,Riyadh
2019-04-25,27.8,14.5,0.0,Riyadh
2019-04-26,24.9,16.9,0.4,Riyadh
2019-04-27,31.1,17.9,0.3,Riyadh
2019-04-28,32.6,20.7,0.0,Riyadh
2019-04-29,32.0,19.1,0.0,Riyadh
2019-04-30,33.5,20.7,0.0,Riyadh
2019-05-01,35.5,21.3,0.0,Riyadh
2019-05-02,37.8,23.9,0.0,Riyadh
2019-05-03,39.0,25.7,0.1,Riyadh
2019-05-04,37.9,22.8,0.1,Riyadh
2019-05-05,36.9,23.9,0.0,Riyadh
2019-05-06,37.8,23.1,0.0,Riyadh
2019-05-07,39.5,22.6,0.0,Riyadh
2019-05-08,39.7,27.0,0.0,Riyadh
2019-05-09,40.1,27.4,0.0,Riyadh
2019-05-10,38.2,25.9,0.0,Riyadh
2019-05-11,37.3,27.0,0.0,Riyadh
2019-05-12,30.8,24.5,1.1,Riyadh
2019-05-13,36.7,20.4,0.0,Riyadh
2019-05-14,36.5,25.4,0.0,Riyadh
2019-05-15,37.7,24.3,0.0,Riyadh
2019-05-16,38.8,26.0,0.0,Riyadh
2019-05-17,35.4,28.2,0.1,Riyadh
2019-05-18,34.0,25.0,0.0,Riyadh
2019-05-19,36.2,20.8,0.0,Riyadh
2019-05-20,36.6,25.0,6.9,Riyadh
2019-05-21,35.6,22.5,0.0,Riyadh
2019-05-22,37.4,24.3,0.0,Riyadh
2019-05-23,38.5,25.4,0.0,Riyadh
2019-05-24,38.0,24.7,0.0,Riyadh
2019-05-25,39.5,24.6,0.0,Riyadh
2019-05-26,39.3,25.3,0.0,Riyadh
2019-05-27,40.2,25.8,0.0,Riyadh
2019-05-28,40.4,27.1,0.0,Riyadh
2019-05-29,41.1,26.3,0.0,Riyadh
2019-05-30,41.7,27.5,0.0,Riyadh
2019-05-31,41.3,28.1,0.0,Riyadh
2019-06-01,41.5,28.5,0.0,Riyadh
2019-06-02,41.5,27.0,0.0,Riyadh
2019-06-03,42.1,28.2,0.0,Riyadh
2019-06-04,41.5,29.4,0.0,Riyadh
2019-06-05,40.6,25.8,0.0,Riyadh
2019-06-06,40.0,26.9,0.0,Riyadh
2019-06-07,41.8,28.9,0.0,Riyadh
2019-06-08,42.5,27.9,0.0,Riyadh
2019-06-09,43.0,29.4,0.0,Riyadh
2019-06-10,43.4,30.5,0.0,Riyadh
2019-06-11,43.8,30.2,0.0,Riyadh
2019-06-12,43.6,30.0,0.0,Riyadh
2019-06-13,42.9,28.3,0.0,Riyadh
2019-06-14,43.8,28.7,0.0,Riyadh
2019-06-15,44.5,32.6,0.0,Riyadh
2019-06-16,44.4,34.6,0.0,Riyadh
2019-06-17,44.4,31.3,0.0,Riyadh
2019-06-18,43.4,29.6,0.0,Riyadh
2019-06-19,41.6,29.3,0.0,Riyadh
2019-06-20,40.5,28.6,0.0,Riyadh
2019-06-21,39.0,27.5,0.0,Riyadh
2019-06-22,39.6,26.7,0.0,Riyadh
2019-06-23,40.6,25.0,0.0,Riyadh
2019-06-24,41.4,26.5,0.0,Riyadh
2019-06-25,44.0,28.6,0.0,Riyadh
2019-06-26,45.3,30.0,0.0,Riyadh
2019-06-27,45.2,29.2,0.0,Riyadh
2019-06-28,44.7,29.4,0.0,Riyadh
2019-06-29,45.7,31.5,0.0,Riyadh
2019-06-30,44.9,29.2,0.0,Riyadh
2019-07-01,43.4,29.6,0.0,Riyadh
2019-07-02,42.2,28.8,0.0,Riyadh
2019-07-03,42.6,29.7,0.0,Riyadh
2019-07-04,43.4,29.4,0.0,Riyadh
2019-07-05,43.3,30.8,0.0,Riyadh
2019-07-06,44.4,29.1,0.0,Riyadh
2019-07-07,45.3,30.8,0.0,Riyadh
2019-07-08,44.4,32.4,0.0,Riyadh
2019-07-09,42.7,31.0,0.0,Riyadh
2019-07-10,41.6,29.5,0.0,Riyadh
2019-07-11,42.5,28.8,0.0,Riyadh
2019-07-12,42.6,29.3,0.0,Riyadh
2019-07-13,42.2,28.6,0.0,Riyadh
2019-07-14,41.5,28.3,0.0,Riyadh
2019-07-15,41.8,27.4,0.0,Riyadh
2019-07-16,42.5,28.2,0.0,Riyadh
2019-07-17,41.1,28.4,0.0,Riyadh
2019-07-18,40.9,28.6,0.0,Riyadh
2019-07-19,42.7,30.9,0.0,Riyadh
2019-07-20,40.4,29.7,0.0,Riyadh
2019-07-21,41.9,28.3,0.0,Riyadh
2019-07-22,42.9,28.5,0.0,Riyadh
2019-07-23,43.4,32.2,0.0,Riyadh
2019-07-24,44.3,28.9,0.0,Riyadh
2019-07-25,45.0,29.6,0.0,Riyadh
2019-07-26,43.9,29.3,0.0,Riyadh
2019-07-27,43.3,28.8,0.0,Riyadh
2019-07-28,43.3,28.9,0.0,Riyadh
2019-07-29,42.4,29.8,0.0,Riyadh
2019-07-30,43.7,27.9,0.0,Riyadh
2019-07-31,44.7,30.4,0.0,Riyadh
2019-08-01,44.9,31.7,0.0,Riyadh
2019-08-02,44.8,30.8,0.0,Riyadh
2019-08-03,42.8,32.4,0.0,Riyadh
2019-08-04,42.0,28.8,0.0,Riyadh
2019-08-05,42.4,28.7,0.0,Riyadh
2019-08-06,42.0,29.0,0.0,Riyadh
2019-08-07,41.7,29.4,0.0,Riyadh
2019-08-08,41.4,29.8,0.0,Riyadh
2019-08-09,41.8,29.3,0.0,Riyadh
2019-08-10,41.6,28.6,0.0,Riyadh
2019-08-11,40.8,28.4,0.0,Riyadh
2019-08-12,40.9,28.7,0.0,Riyadh
2019-08-13,42.3,31.5,0.0,Riyadh
2019-08-14,42.5,30.2,0.0,Riyadh
2019-08-15,43.0,31.2,0.0,Riyadh
2019-08-16,42.9,30.2,0.0,Riyadh
2019-08-17,40.9,28.3,0.0,Riyadh
2019-08-18,40.7,26.3,0.0,Riyadh
2019-08-19,41.1,27.1,0.0,Riyadh
2019-08-20,41.8,29.2,0.0,Riyadh
2019-08-21,42.0,27.8,0.0,Riyadh
2019-08-22,42.6,26.2,0.0,Riyadh
2019-08-23,41.6,30.4,0.0,Riyadh
2019-08-24,41.4,27.4,0.0,Riyadh
2019-08-25,42.6,28.6,0.0,Riyadh
2019-08-26,42.2,27.4,0.0,Riyadh
2019-08-27,43.0,27.9,0.0,Riyadh
2019-08-28,43.1,27.8,0.0,Riyadh
2019-08-29,42.1,29.7,0.0,Riyadh
2019-08-30,42.5,28.1,0.0,Riyadh
2019-08-31,43.5,29.3,0.0,Riyadh
2019-09-01,44.0,28.7,0.0,Riyadh
2019-09-02,43.9,28.9,0.0,Riyadh
2019-09-03,43.9,28.9,0.0,Riyadh
2019-09-04,43.0,30.2,0.0,Riyadh
2019-09-05,43.3,29.2,0.0,Riyadh
2019-09-06,43.3,30.4,0.0,Riyadh
2019-09-07,42.8,28.7,0.0,Riyadh
2019-09-08,41.8,29.5,0.0,Riyadh
2019-09-09,40.2,27.1,0.0,Riyadh
2019-09-10,39.3,26.1,0.0,Riyadh
2019-09-11,39.1,26.2,0.0,Riyadh
2019-09-12,38.7,24.6,0.0,Riyadh
2019-09-13,39.3,24.1,0.0,Riyadh
2019-09-14,40.4,25.2,0.0,Riyadh
2019-09-15,40.1,25.5,0.0,Riyadh
2019-09-16,40.6,24.8,0.0,Riyadh
2019-09-17,41.2,27.8,0.0,Riyadh
2019-09-18,40.9,25.6,0.0,Riyadh
2019-09-19,41.0,26.4,0.0,Riyadh
2019-09-20,39.9,24.7,0.0,Riyadh
2019-09-21,40.3,25.7,0.0,Riyadh
2019-09-22,39.7,25.6,0.0,Riyadh
2019-09-23,40.6,22.8,0.0,Riyadh
2019-09-24,40.1,27.3,0.0,Riyadh
2019-09-25,40.1,25.1,0.0,Riyadh
2019-09-26,38.5,26.7,0.0,Riyadh
2019-09-27,37.1,25.8,0.0,Riyadh
2019-09-28,38.6,26.9,0.0,Riyadh
2019-09-29,39.2,27.1,0.0,Riyadh
2019-09-30,39.5,25.4,0.0,Riyadh
2019-10-01,39.3,25.9,0.0,Riyadh
2019-10-02,39.3,25.3,0.0,Riyadh
2019-10-03,39.7,26.4,0.0,Riyadh
2019-10-04,40.1,27.4,0.0,Riyadh
2019-10-05,38.2,25.9,0.0,Riyadh
2019-10-06,37.9,24.7,0.0,Riyadh
2019-10-07,37.7,26.4,0.0,Riyadh
2019-10-08,35.6,24.6,0.0,Riyadh
2019-10-09,35.5,24.1,0.0,Riyadh
2019-10-10,35.6,24.1,0.0,Riyadh
2019-10-11,36.2,24.7,0.0,Riyadh
2019-10-12,36.2,22.5,0.0,Riyadh
2019-10-13,36.3,21.1,0.0,Riyadh
2019-10-14,34.8,24.3,0.0,Riyadh
2019-10-15,34.7,23.3,0.0,Riyadh
2019-10-16,33.7,23.3,0.0,Riyadh
2019-10-17,33.7,22.6,0.0,Riyadh
2019-10-18,34.4,20.5,0.0,Riyadh
2019-10-19,34.1,20.5,0.0,Riyadh
2019-10-20,33.8,21.5,0.0,Riyadh
2019-10-21,34.9,21.5,0.0,Riyadh
2019-10-22,34.9,20.6,0.0,Riyadh
2019-10-23,34.6,20.3,0.0,Riyadh
2019-10-24,34.7,22.1,0.0,Riyadh
2019-10-25,34.6,21.5,0.0,Riyadh
2019-10-26,35.5,20.5,0.0,Riyadh
2019-10-27,35.2,22.1,0.0,Riyadh
2019-10-28,35.6,20.2,0.0,Riyadh
2019-10-29,35.8,20.5,0.0,Riyadh
2019-10-30,35.5,20.3,0.0,Riyadh
2019-10-31,31.2,19.8,0.0,Riyadh
2019-11-01,28.9,18.5,0.0,Riyadh
2019-11-02,30.4,17.7,0.0,Riyadh
2019-11-03,34.7,21.3,0.0,Riyadh
2019-11-04,34.4,20.2,0.0,Riyadh
2019-11-05,33.3,20.0,0.0,Riyadh
2019-11-06,29.7,19.1,0.0,Riyadh
2019-11-07,32.1,18.2,0.0,Riyadh
2019-11-08,32.9,19.5,0.0,Riyadh
2019-11-09,32.7,19.4,0.0,Riyadh
2019-11-10,29.8,19.3,0.0,Riyadh
2019-11-11,26.2,18.7,0.3,Riyadh
2019-11-12,24.8,15.8,0.0,Riyadh
2019-11-13,23.8,15.5,0.5,Riyadh
2019-11-14,25.4,15.4,0.0,Riyadh
2019-11-15,23.3,14.8,0.0,Riyadh
2019-11-16,22.1,15.0,3.2,Riyadh
2019-11-17,24.0,14.2,0.9,Riyadh
2019-11-18,23.3,14.9,4.7,Riyadh
2019-11-19,20.1,12.4,6.6,Riyadh
2019-11-20,16.1,7.8,0.8,Riyadh
2019-11-21,15.8,5.9,0.0,Riyadh
2019-11-22,16.9,5.5,0.0,Riyadh
2019-11-23,20.7,7.8,0.0,Riyadh
2019-11-24,22.0,11.8,0.0,Riyadh
2019-11-25,22.2,13.2,0.4,Riyadh
2019-11-26,25.1,13.2,0.0,Riyadh
2019-11-27,25.3,12.7,0.0,Riyadh
2019-11-28,26.1,14.4,0.0,Riyadh
2019-11-29,26.2,16.4,0.1,Riyadh
2019-11-30,27.3,15.1,0.0,Riyadh
2019-12-01,26.3,15.6,0.0,Riyadh
2019-12-02,26.5,15.4,0.0,Riyadh
2019-12-03,23.2,14.7,0.0,Riyadh
2019-12-04,22.0,10.2,0.0,Riyadh
2019-12-05,22.3,11.3,0.0,Riyadh
2019-12-06,25.4,12.8,0.0,Riyadh
2019-12-07,26.5,14.3,0.9,Riyadh
2019-12-08,20.8,13.2,1.0,Riyadh
2019-12-09,21.6,9.7,0.3,Riyadh
2019-12-10,21.7,15.0,6.8,Riyadh
2019-12-11,21.6,13.2,0.2,Riyadh
2019-12-12,21.2,10.3,0.0,Riyadh
2019-12-13,26.7,14.4,0.0,Riyadh
2019-12-14,23.0,12.3,0.1,Riyadh
2019-12-15,21.7,13.4,5.6,Riyadh
2019-12-16,23.1,16.0,4.7,Riyadh
2019-12-17,16.2,10.7,0.9,Riyadh
2019-12-18,16.4,9.9,0.0,Riyadh
2019-12-19,16.3,7.9,0.0,Riyadh
2019-12-20,16.9,6.4,0.0,Riyadh
2019-12-21,17.1,3.9,0.0,Riyadh
2019-12-22,17.9,6.0,0.0,Riyadh
2019-12-23,19.4,6.6,0.0,Riyadh
2019-12-24,22.0,7.0,0.0,Riyadh
2019-12-25,22.8,8.0,0.0,Riyadh
2019-12-26,24.2,9.4,0.0,Riyadh
2019-12-27,26.0,9.5,0.0,Riyadh
2019-12-28,23.0,12.1,0.0,Riyadh
2019-12-29,22.7,9.5,0.0,Riyadh
2019-12-30,23.7,10.2,0.0,Riyadh
2019-12-31,26.3,11.2,0.0,Riyadh
2020-01-01,21.1,12.2,0.0,Riyadh
2020-01-02,23.3,11.0,0.0,Riyadh
2020-01-03,30.0,14.8,0.0,Riyadh
2020-01-04,28.5,16.8,0.0,Riyadh
2020-01-05,18.2,10.2,13.5,Riyadh
2020-01-06,15.4,6.9,0.0,Riyadh
2020-01-07,16.3,6.0,0.0,Riyadh
2020-01-08,20.1,7.5,0.0,Riyadh
2020-01-09,20.4,10.7,0.7,Riyadh
2020-01-10,18.7,6.9,0.0,Riyadh
2020-01-11,15.1,6.2,0.0,Riyadh
2020-01-12,14.7,5.2,0.0,Riyadh
2020-01-13,17.1,2.7,0.0,Riyadh
2020-01-14,17.2,5.0,0.0,Riyadh
2020-01-15,15.1,2.8,0.0,Riyadh
2020-01-16,18.4,4.5,0.0,Riyadh
2020-01-17,21.6,7.7,0.0,Riyadh
2020-01-18,24.7,9.6,0.0,Riyadh
2020-01-19,22.8,12.3,0.0,Riyadh
2020-01-20,21.0,8.8,0.0,Riyadh
2020-01-21,20.5,7.9,0.0,Riyadh
2020-01-22,21.8,12.5,0.0,Riyadh
2020-01-23,15.3,7.7,1.9,Riyadh
2020-01-24,16.1,3.8,0.0,Riyadh
2020-01-25,16.6,5.9,0.0,Riyadh
2020-01-26,13.7,4.2,0.0,Riyadh
2020-01-27,16.0,3.0,0.0,Riyadh
2020-01-28,18.5,3.0,0.0,Riyadh
2020-01-29,23.3,6.2,0.0,Riyadh
2020-01-30,19.9,9.0,0.0,Riyadh
2020-01-31,21.4,6.9,0.0,Riyadh
2020-02-01,22.3,12.5,1.2,Riyadh
2020-02-02,19.5,6.2,0.0,Riyadh
2020-02-03,18.7,5.9,0.0,Riyadh
2020-02-04,20.5,6.6,0.0,Riyadh
2020-02-05,21.4,12.0,0.3,Riyadh
2020-02-06,25.3,12.2,0.0,Riyadh
2020-02-07,29.4,15.4,0.0,Riyadh
2020-02-08,28.7,16.1,0.0,Riyadh
2020-02-09,23.1,14.6,0.0,Riyadh
2020-02-10,18.9,8.3,0.0,Riyadh
2020-02-11,14.7,4.8,0.0,Riyadh
2020-02-12,13.8,0.6,0.0,Riyadh
2020-02-13,17.7,2.8,0.0,Riyadh
2020-02-14,23.1,5.6,0.0,Riyadh
2020-02-15,24.7,11.4,0.0,Riyadh
2020-02-16,25.4,10.6,0.0,Riyadh
2020-02-17,28.9,14.8,0.0,Riyadh
2020-02-18,28.5,15.6,0.0,Riyadh
2020-02-19,31.7,16.5,0.0,Riyadh
2020-02-20,23.4,14.8,0.0,Riyadh
2020-02-21,22.0,9.6,0.0,Riyadh
2020-02-22,26.2,12.0,0.0,Riyadh
2020-02-23,28.6,14.5,0.0,Riyadh
2020-02-24,31.2,18.7,0.0,Riyadh
2020-02-25,34.0,16.9,0.0,Riyadh
2020-02-26,22.6,13.3,0.0,Riyadh
2020-02-27,23.5,10.9,0.0,Riyadh
2020-02-28,26.4,10.1,0.0,Riyadh
2020-02-29,29.8,12.5,0.0,Riyadh
2020-03-01,30.4,16.1,0.0,Riyadh
2020-03-02,23.7,13.9,0.0,Riyadh
2020-03-03,23.0,8.4,0.0,Riyadh
2020-03-04,24.6,10.0,0.0,Riyadh
2020-03-05,26.9,11.6,0.0,Riyadh
2020-03-06,30.2,12.1,0.0,Riyadh
2020-03-07,30.2,16.4,0.0,Riyadh
2020-03-08,26.5,13.9,0.0,Riyadh
2020-03-09,23.8,12.5,0.0,Riyadh
2020-03-10,26.1,11.3,0.0,Riyadh
2020-03-11,27.3,13.1,0.0,Riyadh
2020-03-12,27.9,13.5,0.0,Riyadh
2020-03-13,28.8,15.0,0.0,Riyadh
2020-03-14,26.8,19.8,0.8,Riyadh
2020-03-15,27.8,15.7,0.0,Riyadh
2020-03-16,26.8,15.2,0.0,Riyadh
2020-03-17,29.1,16.5,0.0,Riyadh
2020-03-18,31.8,21.7,0.1,Riyadh
2020-03-19,28.5,15.7,0.0,Riyadh
2020-03-20,27.4,15.0,0.0,Riyadh
2020-03-21,29.0,17.2,0.0,Riyadh
2020-03-22,23.3,15.4,0.0,Riyadh
2020-03-23,24.2,10.7,0.0,Riyadh
2020-03-24,26.9,12.9,0.0,Riyadh
2020-03-25,29.5,14.8,0.1,Riyadh
2020-03-26,32.3,19.5,0.0,Riyadh
2020-03-27,33.9,19.0,0.0,Riyadh
2020-03-28,35.0,21.8,0.0,Riyadh
2020-03-29,28.9,19.9,0.0,Riyadh
2020-03-30,27.3,15.9,0.0,Riyadh
2020-03-31,28.3,17.2,0.0,Riyadh
2020-04-01,32.0,18.6,0.0,Riyadh
2020-04-02,34.0,19.3,0.0,Riyadh
2020-04-03,34.5,20.4,0.0,Riyadh
2020-04-04,31.7,17.4,0.0,Riyadh
2020-04-05,32.6,20.2,0.0,Riyadh
2020-04-06,33.8,20.6,0.0,Riyadh
2020-04-07,36.5,22.1,0.0,Riyadh
2020-04-08,38.6,22.4,0.0,Riyadh
2020-04-09,39.6,24.9,0.0,Riyadh
2020-04-10,39.3,28.0,0.0,Riyadh
2020-04-11,35.6,23.7,0.0,Riyadh
2020-04-12,31.6,21.4,0.0,Riyadh
2020-04-13,26.8,18.7,0.0,Riyadh
2020-04-14,29.1,16.2,0.0,Riyadh
2020-04-15,25.3,17.3,0.6,Riyadh
2020-04-16,25.4,15.7,0.7,Riyadh
2020-04-17,29.4,17.3,0.1,Riyadh
2020-04-18,30.4,20.0,3.7,Riyadh
2020-04-19,30.9,19.5,0.0,Riyadh
2020-04-20,27.4,21.9,0.9,Riyadh
2020-04-21,26.8,18.5,3.7,Riyadh
2020-04-22,31.6,17.4,0.0,Riyadh
2020-04-23,34.7,19.8,0.0,Riyadh
2020-04-24,37.2,22.4,0.0,Riyadh
2020-04-25,38.7,26.2,0.0,Riyadh
2020-04-26,36.7,25.6,0.0,Riyadh
2020-04-27,32.3,21.3,0.0,Riyadh
2020-04-28,34.6,19.7,0.0,Riyadh
2020-04-29,37.8,24.8,0.0,Riyadh
2020-04-30,35.2,26.7,0.0,Riyadh
2020-05-01,35.2,22.3,0.0,Riyadh
2020-05-02,38.2,24.9,0.0,Riyadh
2020-05-03,35.2,23.4,0.0,Riyadh
2020-05-04,36.6,20.6,0.0,Riyadh
2020-05-05,39.2,24.8,0.0,Riyadh
2020-05-06,36.7,26.1,0.4,Riyadh
2020-05-07,34.5,23.7,0.0,Riyadh
2020-05-08,33.9,21.4,0.0,Riyadh
2020-05-09,40.3,23.2,0.0,Riyadh
2020-05-10,38.9,26.9,0.0,Riyadh
2020-05-11,35.1,27.5,0.0,Riyadh
2020-05-12,36.3,23.8,0.0,Riyadh
2020-05-13,35.6,23.9,0.0,Riyadh
2020-05-14,36.4,22.4,0.0,Riyadh
2020-05-15,36.8,23.2,0.0,Riyadh
2020-05-16,37.9,24.9,0.0,Riyadh
2020-05-17,38.6,26.1,0.0,Riyadh
2020-05-18,40.0,25.0,0.0,Riyadh
2020-05-19,38.1,27.0,0.0,Riyadh
2020-05-20,38.9,28.7,0.0,Riyadh
2020-05-21,39.5,26.3,0.0,Riyadh
2020-05-22,39.7,24.4,0.0,Riyadh
2020-05-23,39.2,25.1,0.0,Riyadh
2020-05-24,40.3,26.1,0.0,Riyadh
2020-05-25,41.1,26.3,0.0,Riyadh
2020-05-26,38.1,25.8,0.0,Riyadh
2020-05-27,40.2,23.9,0.0,Riyadh
2020-05-28,41.2,25.8,0.0,Riyadh
2020-05-29,42.1,26.8,0.0,Riyadh
2020-05-30,42.3,27.5,0.0,Riyadh
2020-05-31,41.9,27.0,0.0,Riyadh
2020-06-01,41.5,27.8,0.0,Riyadh
2020-06-02,42.8,27.8,0.0,Riyadh
2020-06-03,42.2,29.4,0.0,Riyadh
2020-06-04,41.9,29.5,0.0,Riyadh
2020-06-05,42.5,30.2,0.0,Riyadh
2020-06-06,42.3,29.1,0.0,Riyadh
2020-06-07,41.5,28.2,0.0,Riyadh
2020-06-08,41.7,28.5,0.0,Riyadh
2020-06-09,42.5,29.4,0.0,Riyadh
2020-06-10,42.4,29.0,0.0,Riyadh
2020-06-11,42.8,28.1,0.0,Riyadh
2020-06-12,43.2,28.7,0.0,Riyadh
2020-06-13,41.8,27.8,0.0,Riyadh
2020-06-14,41.1,27.0,0.0,Riyadh
2020-06-15,42.1,27.6,0.0,Riyadh
2020-06-16,44.7,29.2,0.0,Riyadh
2020-06-17,43.6,31.6,0.0,Riyadh
2020-06-18,41.5,28.3,0.0,Riyadh
2020-06-19,40.9,27.4,0.0,Riyadh
2020-06-20,40.8,26.6,0.0,Riyadh
2020-06-21,39.9,28.7,0.0,Riyadh
2020-06-22,38.0,27.4,0.0,Riyadh
2020-06-23,39.8,26.9,0.0,Riyadh
2020-06-24,39.2,27.4,0.0,Riyadh
2020-06-25,40.3,28.4,0.0,Riyadh
2020-06-26,41.8,28.1,0.0,Riyadh
2020-06-27,43.4,28.5,0.0,Riyadh
2020-06-28,43.0,27.4,0.0,Riyadh
2020-06-29,44.6,29.0,0.0,Riyadh
2020-06-30,44.4,29.6,0.0,Riyadh
2020-07-01,43.6,29.2,0.0,Riyadh
2020-07-02,42.9,29.8,0.0,Riyadh
2020-07-03,43.0,29.0,0.0,Riyadh
2020-07-04,43.3,29.4,0.0,Riyadh
2020-07-05,44.4,30.1,0.0,Riyadh
2020-07-06,44.0,31.9,0.0,Riyadh
2020-07-07,45.6,30.6,0.0,Riyadh
2020-07-08,44.1,31.3,0.0,Riyadh
2020-07-09,43.1,30.4,0.0,Riyadh
2020-07-10,44.0,30.6,0.0,Riyadh
2020-07-11,44.8,32.5,0.0,Riyadh
2020-07-12,44.1,30.2,0.0,Riyadh
2020-07-13,43.6,31.8,0.0,Riyadh
2020-07-14,43.0,31.1,0.0,Riyadh
2020-07-15,44.3,31.4,0.0,Riyadh
2020-07-16,43.3,33.1,0.0,Riyadh
2020-07-17,43.0,31.5,0.0,Riyadh
2020-07-18,43.4,30.5,0.0,Riyadh
2020-07-19,43.0,28.6,0.0,Riyadh
2020-07-20,45.1,32.4,0.0,Riyadh
2020-07-21,44.2,34.0,0.0,Riyadh
2020-07-22,43.9,31.0,0.0,Riyadh
2020-07-23,42.0,32.0,0.0,Riyadh
2020-07-24,40.9,31.8,0.0,Riyadh
2020-07-25,41.5,30.9,0.0,Riyadh
2020-07-26,40.8,31.1,0.0,Riyadh
2020-07-27,42.7,31.1,0.0,Riyadh
2020-07-28,44.5,31.6,0.0,Riyadh
2020-07-29,44.1,32.7,0.0,Riyadh
2020-07-30,45.7,33.2,0.0,Riyadh
2020-07-31,46.3,32.1,0.0,Riyadh
2020-08-01,46.1,32.7,0.0,Riyadh
2020-08-02,44.5,34.1,0.0,Riyadh
2020-08-03,45.2,32.6,0.0,Riyadh
2020-08-04,43.5,30.9,0.0,Riyadh
2020-08-05,42.3,30.3,0.0,Riyadh
2020-08-06,40.7,29.9,0.0,Riyadh
2020-08-07,41.2,30.2,0.0,Riyadh
2020-08-08,42.0,29.6,0.0,Riyadh
2020-08-09,41.7,30.3,0.0,Riyadh
2020-08-10,40.9,29.6,0.0,Riyadh
2020-08-11,39.3,28.6,0.0,Riyadh
2020-08-12,39.3,27.6,0.0,Riyadh
2020-08-13,40.6,26.9,0.0,Riyadh
2020-08-14,41.3,28.5,0.0,Riyadh
2020-08-15,41.9,28.7,0.0,Riyadh
2020-08-16,42.1,28.1,0.0,Riyadh
2020-08-17,41.5,28.9,0.0,Riyadh
2020-08-18,40.9,27.6,0.0,Riyadh
2020-08-19,40.5,26.4,0.0,Riyadh
2020-08-20,41.5,25.7,0.0,Riyadh
2020-08-21,43.0,27.2,0.0,Riyadh
2020-08-22,43.5,29.0,0.0,Riyadh
2020-08-23,45.4,29.8,0.0,Riyadh
2020-08-24,44.4,30.9,0.0,Riyadh
2020-08-25,41.3,29.6,0.0,Riyadh
2020-08-26,40.5,28.8,0.0,Riyadh
2020-08-27,40.4,29.6,0.0,Riyadh
2020-08-28,40.7,28.5,0.0,Riyadh
2020-08-29,40.6,26.2,0.0,Riyadh
2020-08-30,40.3,27.0,0.0,Riyadh
2020-08-31,40.3,24.7,0.0,Riyadh
2020-09-01,39.1,27.8,0.0,Riyadh
2020-09-02,38.6,30.7,0.0,Riyadh
2020-09-03,40.0,27.6,0.0,Riyadh
2020-09-04,41.8,26.1,0.0,Riyadh
2020-09-05,41.0,28.9,0.0,Riyadh
2020-09-06,40.1,26.8,0.0,Riyadh
2020-09-07,39.0,26.2,0.0,Riyadh
2020-09-08,39.2,25.6,0.0,Riyadh
2020-09-09,40.9,27.2,0.0,Riyadh
2020-09-10,40.9,26.7,0.0,Riyadh
2020-09-11,41.2,27.1,0.0,Riyadh
2020-09-12,41.1,27.5,0.0,Riyadh
2020-09-13,39.9,25.0,0.0,Riyadh
2020-09-14,40.1,26.9,0.0,Riyadh
2020-09-15,41.1,27.8,0.0,Riyadh
2020-09-16,40.5,27.0,0.0,Riyadh
2020-09-17,39.8,25.0,0.0,Riyadh
2020-09-18,39.6,26.1,0.0,Riyadh
2020-09-19,39.3,25.5,0.0,Riyadh
2020-09-20,40.1,24.5,0.0,Riyadh
2020-09-21,40.1,25.0,0.0,Riyadh
2020-09-22,39.5,23.7,0.0,Riyadh
2020-09-23,39.9,26.4,0.0,Riyadh
2020-09-24,39.7,23.5,0.0,Riyadh
2020-09-25,38.9,24.8,0.0,Riyadh
2020-09-26,39.0,25.2,0.0,Riyadh
2020-09-27,39.8,26.0,0.0,Riyadh
2020-09-28,38.0,24.9,0.0,Riyadh
2020-09-29,36.8,24.1,0.0,Riyadh
2020-09-30,36.7,23.3,0.0,Riyadh
2020-10-01,37.1,22.2,0.0,Riyadh
2020-10-02,38.3,25.8,0.0,Riyadh
2020-10-03,36.0,23.1,0.0,Riyadh
2020-10-04,36.0,22.2,0.0,Riyadh
2020-10-05,37.7,24.6,0.0,Riyadh
2020-10-06,38.1,24.4,0.0,Riyadh
2020-10-07,36.3,23.7,0.0,Riyadh
2020-10-08,35.0,22.0,0.0,Riyadh
2020-10-09,34.6,21.3,0.0,Riyadh
2020-10-10,33.0,20.3,0.0,Riyadh
2020-10-11,30.6,17.4,0.0,Riyadh
2020-10-12,31.1,16.5,0.0,Riyadh
2020-10-13,32.0,19.0,0.0,Riyadh
2020-10-14,31.7,16.5,0.0,Riyadh
2020-10-15,33.1,18.0,0.0,Riyadh
2020-10-16,31.2,16.5,0.0,Riyadh
2020-10-17,30.9,19.5,0.0,Riyadh
2020-10-18,31.4,16.6,0.0,Riyadh
2020-10-19,31.6,16.5,0.0,Riyadh
2020-10-20,31.6,17.2,0.0,Riyadh
2020-10-21,31.5,17.5,0.0,Riyadh
2020-10-22,31.6,17.4,0.0,Riyadh
2020-10-23,31.7,18.5,0.0,Riyadh
2020-10-24,30.3,14.4,0.0,Riyadh
2020-10-25,29.6,17.4,0.0,Riyadh
2020-10-26,30.2,16.8,0.0,Riyadh
2020-10-27,30.0,17.5,0.0,Riyadh
2020-10-28,30.0,17.4,0.0,Riyadh
2020-10-29,29.8,17.6,0.0,Riyadh
2020-10-30,28.8,16.8,0.0,Riyadh
2020-10-31,29.1,16.9,0.0,Riyadh
2020-11-01,29.6,16.0,0.0,Riyadh
2020-11-02,30.2,15.7,0.0,Riyadh
2020-11-03,30.7,16.5,0.0,Riyadh
2020-11-04,30.0,16.7,0.0,Riyadh
2020-11-05,30.1,17.6,0.0,Riyadh
2020-11-06,30.8,14.7,0.0,Riyadh
2020-11-07,30.0,16.7,0.0,Riyadh
2020-11-08,30.2,18.3,0.0,Riyadh
2020-11-09,30.7,17.8,0.0,Riyadh
2020-11-10,30.7,18.1,0.0,Riyadh
2020-11-11,33.3,19.8,0.0,Riyadh
2020-11-12,32.8,18.6,0.0,Riyadh
2020-11-13,30.6,18.1,0.0,Riyadh
2020-11-14,25.3,16.0,0.0,Riyadh
2020-11-15,27.2,13.6,0.0,Riyadh
2020-11-16,30.3,17.4,0.0,Riyadh
2020-11-17,30.6,17.5,0.0,Riyadh
2020-11-18,26.2,17.4,0.0,Riyadh
2020-11-19,27.9,14.2,0.0,Riyadh
2020-11-20,28.3,15.5,0.0,Riyadh
2020-11-21,29.7,17.3,0.0,Riyadh
2020-11-22,25.4,16.5,0.0,Riyadh
2020-11-23,23.8,13.1,0.0,Riyadh
2020-11-24,23.5,11.7,0.0,Riyadh
2020-11-25,24.8,10.6,0.0,Riyadh
2020-11-26,27.1,12.9,0.0,Riyadh
2020-11-27,24.8,17.6,0.4,Riyadh
2020-11-28,25.5,16.0,2.3,Riyadh
2020-11-29,25.8,16.0,0.0,Riyadh
2020-11-30,19.0,15.6,1.9,Riyadh
2020-12-01,19.3,14.2,2.2,Riyadh
2020-12-02,21.9,14.9,0.4,Riyadh
2020-12-03,25.7,15.3,0.0,Riyadh
2020-12-04,26.6,16.0,0.0,Riyadh
2020-12-05,26.1,16.1,0.0,Riyadh
2020-12-06,22.6,12.2,1.3,Riyadh
2020-12-07,19.3,9.3,0.0,Riyadh
2020-12-08,20.7,7.8,0.0,Riyadh
2020-12-09,24.2,8.9,0.0,Riyadh
2020-12-10,22.4,12.0,0.0,Riyadh
2020-12-11,20.9,8.3,0.0,Riyadh
2020-12-12,21.1,9.4,0.0,Riyadh
2020-12-13,21.4,10.1,0.0,Riyadh
2020-12-14,22.8,10.2,0.0,Riyadh
2020-12-15,22.9,8.2,0.0,Riyadh
2020-12-16,25.0,9.9,0.0,Riyadh
2020-12-17,25.5,12.4,0.0,Riyadh
2020-12-18,21.9,9.8,0.0,Riyadh
2020-12-19,19.3,10.7,0.0,Riyadh
2020-12-20,19.7,11.2,0.0,Riyadh
2020-12-21,19.4,10.9,0.0,Riyadh
2020-12-22,21.2,10.7,0.0,Riyadh
2020-12-23,23.6,10.2,0.0,Riyadh
2020-12-24,25.3,12.1,0.0,Riyadh
2020-12-25,19.6,9.3,0.0,Riyadh
2020-12-26,16.7,7.4,0.0,Riyadh
2020-12-27,17.5,5.9,0.0,Riyadh
2020-12-28,18.3,6.0,0.0,Riyadh
2020-12-29,18.7,8.2,0.0,Riyadh
2020-12-30,19.4,8.4,0.0,Riyadh
2020-12-31,19.2,7.2,0.0,Riyadh
2021-01-01,19.9,11.5,1.0,Riyadh
2021-01-02,20.8,11.5,0.0,Riyadh
2021-01-03,21.3,10.0,0.0,Riyadh
2021-01-04,19.9,11.3,0.6,Riyadh
2021-01-05,20.6,11.3,0.0,Riyadh
2021-01-06,21.2,9.9,0.0,Riyadh
2021-01-07,19.3,10.7,0.6,Riyadh
2021-01-08,13.5,9.2,4.1,Riyadh
2021-01-09,17.8,7.0,0.0,Riyadh
2021-01-10,18.3,7.9,0.0,Riyadh
2021-01-11,18.8,7.8,0.0,Riyadh
2021-01-12,18.2,6.1,0.0,Riyadh
2021-01-13,19.9,4.1,0.0,Riyadh
2021-01-14,22.7,5.4,0.0,Riyadh
2021-01-15,24.3,9.6,0.0,Riyadh
2021-01-16,22.6,11.1,0.0,Riyadh
2021-01-17,25.8,12.5,0.0,Riyadh
2021-01-18,25.5,11.0,0.0,Riyadh
2021-01-19,21.7,9.6,0.0,Riyadh
2021-01-20,27.7,11.5,0.0,Riyadh
2021-01-21,17.2,7.9,0.0,Riyadh
2021-01-22,15.1,3.4,0.0,Riyadh
2021-01-23,17.0,4.5,0.0,Riyadh
2021-01-24,19.4,7.4,0.0,Riyadh
2021-01-25,22.1,7.5,0.0,Riyadh
2021-01-26,23.3,8.0,0.0,Riyadh
2021-01-27,24.0,10.9,0.0,Riyadh
2021-01-28,26.4,13.3,0.0,Riyadh
2021-01-29,29.3,14.2,0.0,Riyadh
2021-01-30,22.4,13.0,0.0,Riyadh
2021-01-31,21.3,7.2,0.0,Riyadh
2021-02-01,22.6,9.3,0.0,Riyadh
2021-02-02,23.3,10.9,0.0,Riyadh
2021-02-03,25.1,11.0,0.0,Riyadh
2021-02-04,27.3,12.6,0.0,Riyadh
2021-02-05,27.0,13.6,0.0,Riyadh
2021-02-06,21.2,13.5,0.6,Riyadh
2021-02-07,20.2,11.0,0.0,Riyadh
2021-02-08,19.4,10.1,0.0,Riyadh
2021-02-09,22.5,8.8,0.0,Riyadh
2021-02-10,23.4,8.9,0.0,Riyadh
2021-02-11,25.0,9.4,0.0,Riyadh
2021-02-12,24.9,10.4,0.0,Riyadh
2021-02-13,25.1,13.2,0.0,Riyadh
2021-02-14,27.2,11.3,0.0,Riyadh
2021-02-15,26.9,13.1,0.0,Riyadh
2021-02-16,29.1,13.6,0.0,Riyadh
2021-02-17,31.9,16.8,0.0,Riyadh
2021-02-18,23.8,13.2,2.2,Riyadh
2021-02-19,17.7,9.8,1.8,Riyadh
2021-02-20,15.2,9.3,7.4,Riyadh
2021-02-21,18.2,9.9,0.7,Riyadh
2021-02-22,20.2,9.8,0.4,Riyadh
2021-02-23,20.3,11.3,0.1,Riyadh
2021-02-24,20.9,9.7,0.9,Riyadh
2021-02-25,20.1,11.0,0.0,Riyadh
2021-02-26,21.0,7.8,0.0,Riyadh
2021-02-27,22.6,8.2,0.0,Riyadh
2021-02-28,25.8,10.9,0.0,Riyadh
2021-03-01,26.7,14.8,0.0,Riyadh
2021-03-02,25.9,12.8,0.0,Riyadh
2021-03-03,26.1,13.4,0.0,Riyadh
2021-03-04,32.9,14.6,0.0,Riyadh
2021-03-05,25.0,16.5,0.0,Riyadh
2021-03-06,23.2,12.0,0.0,Riyadh
2021-03-07,25.5,11.6,0.0,Riyadh
2021-03-08,31.6,13.4,0.0,Riyadh
2021-03-09,32.3,17.5,0.0,Riyadh
2021-03-10,29.7,16.4,0.0,Riyadh
2021-03-11,30.0,15.4,0.0,Riyadh
2021-03-12,36.1,20.1,0.0,Riyadh
2021-03-13,24.9,15.2,0.0,Riyadh
2021-03-14,25.2,11.6,0.0,Riyadh
2021-03-15,30.8,15.1,0.0,Riyadh
2021-03-16,34.9,18.9,0.0,Riyadh
2021-03-17,36.1,22.1,0.0,Riyadh
2021-03-18,37.2,21.1,0.0,Riyadh
2021-03-19,33.1,20.5,0.0,Riyadh
2021-03-20,29.2,17.4,0.0,Riyadh
2021-03-21,32.0,16.4,0.0,Riyadh
2021-03-22,34.9,18.6,0.0,Riyadh
2021-03-23,36.5,19.8,0.0,Riyadh
2021-03-24,38.0,22.8,0.0,Riyadh
2021-03-25,38.1,24.3,0.0,Riyadh
2021-03-26,37.2,18.2,0.0,Riyadh
2021-03-27,37.8,22.3,0.0,Riyadh
2021-03-28,24.9,15.2,0.0,Riyadh
2021-03-29,26.0,12.6,0.0,Riyadh
2021-03-30,29.4,12.2,0.0,Riyadh
2021-03-31,35.2,16.6,0.0,Riyadh
2021-04-01,37.3,22.9,0.0,Riyadh
2021-04-02,37.5,22.7,0.0,Riyadh
2021-04-03,30.8,19.9,0.0,Riyadh
2021-04-04,26.3,15.3,0.0,Riyadh
2021-04-05,27.7,15.1,0.0,Riyadh
2021-04-06,29.6,15.4,0.0,Riyadh
2021-04-07,32.6,17.3,0.0,Riyadh
2021-04-08,36.3,18.9,0.0,Riyadh
2021-04-09,37.2,20.7,0.0,Riyadh
2021-04-10,37.3,22.3,0.0,Riyadh
2021-04-11,37.0,24.8,0.0,Riyadh
2021-04-12,35.1,20.3,0.0,Riyadh
2021-04-13,38.2,23.6,0.0,Riyadh
2021-04-14,33.5,22.5,0.0,Riyadh
2021-04-15,30.9,20.9,0.0,Riyadh
2021-04-16,31.8,21.2,0.0,Riyadh
2021-04-17,28.4,19.6,0.0,Riyadh
2021-04-18,33.5,20.0,0.0,Riyadh
2021-04-19,34.9,20.4,0.0,Riyadh
2021-04-20,35.5,21.7,0.0,Riyadh
2021-04-21,36.6,22.7,0.0,Riyadh
2021-04-22,37.3,22.3,0.0,Riyadh
2021-04-23,37.1,23.0,0.0,Riyadh
2021-04-24,36.9,22.8,0.0,Riyadh
2021-04-25,36.9,22.1,0.0,Riyadh
2021-04-26,35.8,23.0,0.0,Riyadh
2021-04-27,36.4,24.7,0.0,Riyadh
2021-04-28,33.8,25.7,0.1,Riyadh
2021-04-29,34.5,24.1,0.0,Riyadh
2021-04-30,34.9,21.3,0.0,Riyadh
2021-05-01,36.0,22.9,0.0,Riyadh
2021-05-02,36.8,24.5,0.0,Riyadh
2021-05-03,34.6,23.8,0.0,Riyadh
2021-05-04,34.0,20.4,0.0,Riyadh
2021-05-05,34.8,22.1,0.0,Riyadh
2021-05-06,37.8,22.9,0.0,Riyadh
2021-05-07,39.0,25.2,0.0,Riyadh
2021-05-08,38.2,25.3,0.0,Riyadh
2021-05-09,36.8,24.3,0.0,Riyadh
2021-05-10,38.0,24.0,0.0,Riyadh
2021-05-11,38.5,27.7,0.0,Riyadh
2021-05-12,40.1,27.6,0.0,Riyadh
2021-05-13,39.4,29.0,0.0,Riyadh
2021-05-14,39.5,27.8,0.0,Riyadh
2021-05-15,39.7,27.8,0.0,Riyadh
2021-05-16,40.5,26.6,0.0,Riyadh
2021-05-17,40.1,27.5,0.0,Riyadh
2021-05-18,40.9,26.2,0.0,Riyadh
2021-05-19,41.5,26.7,0.0,Riyadh
2021-05-20,41.2,26.5,0.0,Riyadh
2021-05-21,41.5,26.5,0.0,Riyadh
2021-05-22,42.5,27.3,0.0,Riyadh
2021-05-23,43.1,29.2,0.0,Riyadh
2021-05-24,41.6,27.8,0.0,Riyadh
2021-05-25,42.8,27.8,0.0,Riyadh
2021-05-26,39.8,28.3,0.0,Riyadh
2021-05-27,40.0,26.8,0.0,Riyadh
2021-05-28,42.1,29.1,0.0,Riyadh
2021-05-29,42.7,29.2,0.0,Riyadh
2021-05-30,42.5,27.8,0.0,Riyadh
2021-05-31,43.1,30.0,0.0,Riyadh
2021-06-01,42.9,26.9,0.0,Riyadh
2021-06-02,43.4,28.7,0.0,Riyadh
2021-06-03,43.8,28.0,0.0,Riyadh
2021-06-04,43.7,29.9,0.0,Riyadh
2021-06-05,44.7,29.8,0.0,Riyadh
2021-06-06,45.1,31.7,0.0,Riyadh
2021-06-07,44.8,30.4,0.0,Riyadh
2021-06-08,41.9,28.1,0.0,Riyadh
2021-06-09,43.0,27.2,0.0,Riyadh
2021-06-10,41.5,28.8,0.0,Riyadh
2021-06-11,40.3,27.7,0.0,Riyadh
2021-06-12,39.6,27.9,0.0,Riyadh
2021-06-13,39.6,26.7,0.0,Riyadh
2021-06-14,40.6,27.8,0.0,Riyadh
2021-06-15,43.0,28.3,0.0,Riyadh
2021-06-16,42.3,29.2,0.0,Riyadh
2021-06-17,40.6,28.1,0.0,Riyadh
2021-06-18,38.6,26.7,0.0,Riyadh
2021-06-19,40.8,25.8,0.0,Riyadh
2021-06-20,41.3,26.2,0.0,Riyadh
2021-06-21,42.6,26.3,0.0,Riyadh
2021-06-22,43.2,26.2,0.0,Riyadh
2021-06-23,43.1,29.4,0.0,Riyadh
2021-06-24,42.4,27.7,0.0,Riyadh
2021-06-25,42.9,28.8,0.0,Riyadh
2021-06-26,43.4,25.9,0.0,Riyadh
2021-06-27,43.6,28.8,0.0,Riyadh
2021-06-28,44.9,28.9,0.0,Riyadh
2021-06-29,44.2,30.1,0.0,Riyadh
2021-06-30,44.2,28.9,0.0,Riyadh
2021-07-01,45.0,29.9,0.0,Riyadh
2021-07-02,45.5,30.4,0.0,Riyadh
2021-07-03,45.0,31.5,0.0,Riyadh
2021-07-04,43.8,29.8,0.0,Riyadh
2021-07-05,43.0,28.7,0.0,Riyadh
2021-07-06,42.9,28.6,0.0,Riyadh
2021-07-07,43.5,26.6,0.0,Riyadh
2021-07-08,44.4,31.3,0.0,Riyadh
2021-07-09,45.3,29.5,0.0,Riyadh
2021-07-10,44.9,29.8,0.0,Riyadh
2021-07-11,45.1,30.7,0.0,Riyadh
2021-07-12,45.9,31.0,0.0,Riyadh
2021-07-13,44.9,30.6,0.0,Riyadh
2021-07-14,43.3,29.8,0.0,Riyadh
2021-07-15,43.1,29.1,0.0,Riyadh
2021-07-16,43.1,29.6,0.0,Riyadh
2021-07-17,40.6,30.3,0.0,Riyadh
2021-07-18,37.5,29.7,0.1,Riyadh
2021-07-19,41.1,31.0,0.0,Riyadh
2021-07-20,43.9,32.6,0.0,Riyadh
2021-07-21,42.8,31.1,0.0,Riyadh
2021-07-22,43.9,34.5,0.0,Riyadh
2021-07-23,45.1,33.8,0.0,Riyadh
2021-07-24,44.2,31.1,0.0,Riyadh
2021-07-25,43.7,32.1,0.0,Riyadh
2021-07-26,45.2,29.8,0.0,Riyadh
2021-07-27,45.8,33.9,0.0,Riyadh
2021-07-28,45.6,35.5,0.0,Riyadh
2021-07-29,44.0,31.5,0.0,Riyadh
2021-07-30,44.4,31.4,0.0,Riyadh
2021-07-31,44.0,30.2,0.0,Riyadh
2021-08-01,43.7,30.5,0.0,Riyadh
2021-08-02,43.8,30.6,0.0,Riyadh
2021-08-03,43.4,30.1,0.0,Riyadh
2021-08-04,43.3,28.8,0.0,Riyadh
2021-08-05,43.3,30.8,0.0,Riyadh
2021-08-06,43.0,31.9,0.0,Riyadh
2021-08-07,43.7,29.3,0.0,Riyadh
2021-08-08,44.1,31.0,0.0,Riyadh
2021-08-09,43.4,30.5,0.0,Riyadh
2021-08-10,43.2,29.3,0.0,Riyadh
2021-08-11,43.2,28.5,0.0,Riyadh
2021-08-12,44.4,30.1,0.0,Riyadh
2021-08-13,45.4,31.9,0.0,Riyadh
2021-08-14,44.9,31.8,0.0,Riyadh
2021-08-15,42.5,30.3,0.0,Riyadh
2021-08-16,41.4,29.0,0.0,Riyadh
2021-08-17,41.6,28.0,0.0,Riyadh
2021-08-18,42.1,27.6,0.0,Riyadh
2021-08-19,39.7,26.2,0.0,Riyadh
2021-08-20,41.1,27.9,0.0,Riyadh
2021-08-21,42.1,29.1,0.0,Riyadh
2021-08-22,42.5,29.0,0.0,Riyadh
2021-08-23,42.6,30.4,0.0,Riyadh
2021-08-24,42.0,27.9,0.0,Riyadh
2021-08-25,42.4,29.9,0.0,Riyadh
2021-08-26,42.2,30.2,0.0,Riyadh
2021-08-27,43.5,29.4,0.0,Riyadh
2021-08-28,43.6,30.5,0.0,Riyadh
2021-08-29,42.8,29.5,0.0,Riyadh
2021-08-30,41.4,29.2,0.0,Riyadh
2021-08-31,41.7,28.5,0.0,Riyadh
2021-09-01,42.2,28.3,0.0,Riyadh
2021-09-02,41.9,28.1,0.0,Riyadh
2021-09-03,42.7,27.1,0.0,Riyadh
2021-09-04,42.6,29.0,0.0,Riyadh
2021-09-05,42.4,27.9,0.0,Riyadh
2021-09-06,42.1,27.4,0.0,Riyadh
2021-09-07,43.0,27.9,0.0,Riyadh
2021-09-08,42.7,28.5,0.0,Riyadh
2021-09-09,41.0,28.0,0.0,Riyadh
2021-09-10,38.9,27.0,0.0,Riyadh
2021-09-11,38.1,24.7,0.0,Riyadh
2021-09-12,38.2,24.3,0.0,Riyadh
2021-09-13,37.9,23.4,0.0,Riyadh
2021-09-14,38.1,23.9,0.0,Riyadh
2021-09-15,37.6,24.8,0.0,Riyadh
2021-09-16,36.8,23.5,0.0,Riyadh
2021-09-17,37.3,23.3,0.0,Riyadh
2021-09-18,39.7,25.3,0.0,Riyadh
2021-09-19,38.5,25.8,0.0,Riyadh
2021-09-20,38.5,24.8,0.0,Riyadh
2021-09-21,37.6,23.8,0.0,Riyadh
2021-09-22,36.9,23.6,0.0,Riyadh
2021-09-23,39.4,24.8,0.0,Riyadh
2021-09-24,39.3,24.6,0.0,Riyadh
2021-09-25,38.7,23.0,0.0,Riyadh
2021-09-26,36.5,24.1,0.0,Riyadh
2021-09-27,34.8,23.4,0.0,Riyadh
2021-09-28,34.8,20.9,0.0,Riyadh
2021-09-29,35.1,21.3,0.0,Riyadh
2021-09-30,36.8,22.5,0.0,Riyadh
2021-10-01,37.6,22.5,0.0,Riyadh
2021-10-02,38.0,25.5,0.0,Riyadh
2021-10-03,38.6,24.3,0.0,Riyadh
2021-10-04,37.8,24.2,0.0,Riyadh
2021-10-05,37.6,26.0,0.0,Riyadh
2021-10-06,37.4,24.7,0.0,Riyadh
2021-10-07,37.3,24.6,0.0,Riyadh
2021-10-08,37.1,23.6,0.0,Riyadh
2021-10-09,37.8,22.4,0.0,Riyadh
2021-10-10,37.7,22.4,0.0,Riyadh
2021-10-11,36.7,22.9,0.0,Riyadh
2021-10-12,36.2,23.6,0.0,Riyadh
2021-10-13,35.6,23.6,0.0,Riyadh
2021-10-14,36.7,21.7,0.0,Riyadh
2021-10-15,37.6,21.9,0.0,Riyadh
2021-10-16,38.3,22.4,0.0,Riyadh
2021-10-17,38.1,22.8,0.0,Riyadh
2021-10-18,36.1,21.5,0.0,Riyadh
2021-10-19,34.6,20.9,0.0,Riyadh
2021-10-20,37.6,22.2,0.0,Riyadh
2021-10-21,34.4,21.4,0.0,Riyadh
2021-10-22,32.8,18.4,0.0,Riyadh
2021-10-23,33.4,19.3,0.0,Riyadh
2021-10-24,36.1,20.5,0.0,Riyadh
2021-10-25,35.4,19.1,0.0,Riyadh
2021-10-26,32.9,19.0,0.0,Riyadh
2021-10-27,35.3,21.4,0.0,Riyadh
2021-10-28,34.7,21.0,0.0,Riyadh
2021-10-29,32.6,21.4,0.0,Riyadh
2021-10-30,30.9,19.6,0.0,Riyadh
2021-10-31,30.5,19.5,0.0,Riyadh
2021-11-01,31.0,19.3,0.0,Riyadh
2021-11-02,32.0,19.3,0.0,Riyadh
2021-11-03,32.0,20.3,0.0,Riyadh
2021-11-04,32.7,17.6,0.0,Riyadh
2021-11-05,30.0,16.7,0.0,Riyadh
2021-11-06,32.0,18.5,0.0,Riyadh
2021-11-07,29.2,17.1,0.0,Riyadh
2021-11-08,28.3,17.0,0.0,Riyadh
2021-11-09,28.1,14.9,0.0,Riyadh
2021-11-10,27.2,15.4,0.0,Riyadh
2021-11-11,31.4,16.4,0.0,Riyadh
2021-11-12,31.1,16.3,0.0,Riyadh
2021-11-13,27.2,14.5,0.0,Riyadh
2021-11-14,26.9,13.3,0.0,Riyadh
2021-11-15,27.4,14.8,0.0,Riyadh
2021-11-16,29.2,15.2,0.0,Riyadh
2021-11-17,25.7,16.4,0.0,Riyadh
2021-11-18,25.4,13.5,0.0,Riyadh
2021-11-19,25.5,15.3,0.0,Riyadh
2021-11-20,30.0,16.6,0.0,Riyadh
2021-11-21,31.4,16.7,0.0,Riyadh
2021-11-22,32.9,19.0,0.0,Riyadh
2021-11-23,26.7,16.7,0.0,Riyadh
2021-11-24,24.7,14.4,0.0,Riyadh
2021-11-25,26.4,13.2,0.0,Riyadh
2021-11-26,29.7,13.6,0.0,Riyadh
2021-11-27,29.1,16.4,0.0,Riyadh
2021-11-28,25.3,14.5,0.0,Riyadh
2021-11-29,25.1,12.7,0.0,Riyadh
2021-11-30,27.0,12.9,0.0,Riyadh
2021-12-01,27.2,14.5,0.0,Riyadh
2021-12-02,27.8,12.0,0.0,Riyadh
2021-12-03,21.6,12.3,0.0,Riyadh
2021-12-04,21.9,8.9,0.0,Riyadh
2021-12-05,25.2,9.9,0.0,Riyadh
2021-12-06,27.0,11.1,0.0,Riyadh
2021-12-07,24.1,11.8,0.0,Riyadh
2021-12-08,25.1,10.8,0.0,Riyadh
2021-12-09,26.2,10.9,0.0,Riyadh
2021-12-10,22.2,10.7,0.0,Riyadh
2021-12-11,20.9,8.5,0.0,Riyadh
2021-12-12,22.1,8.4,0.0,Riyadh
2021-12-13,21.1,7.8,0.0,Riyadh
2021-12-14,21.2,9.0,0.0,Riyadh
2021-12-15,21.5,10.1,0.0,Riyadh
2021-12-16,25.3,9.5,0.0,Riyadh
2021-12-17,25.4,13.7,0.0,Riyadh
2021-12-18,26.7,14.3,0.0,Riyadh
2021-12-19,27.6,14.3,0.0,Riyadh
2021-12-20,27.4,15.3,0.0,Riyadh
2021-12-21,24.7,15.4,0.3,Riyadh
2021-12-22,19.2,9.5,0.0,Riyadh
2021-12-23,21.0,10.0,0.0,Riyadh
2021-12-24,26.1,11.3,0.0,Riyadh
2021-12-25,19.2,11.5,1.2,Riyadh
2021-12-26,14.1,8.3,0.0,Riyadh
2021-12-27,16.5,6.7,0.0,Riyadh
2021-12-28,19.8,8.7,0.0,Riyadh
2021-12-29,17.9,11.1,3.1,Riyadh
2021-12-30,23.1,11.6,0.6,Riyadh
2021-12-31,18.3,11.9,4.4,Riyadh
2022-01-01,17.2,10.7,8.8,Riyadh
2022-01-02,21.6,13.2,0.4,Riyadh
2022-01-03,16.3,9.3,0.0,Riyadh
2022-01-04,16.3,7.6,0.0,Riyadh
2022-01-05,16.6,5.7,0.0,Riyadh
2022-01-06,16.4,6.8,0.0,Riyadh
2022-01-07,16.9,4.3,0.0,Riyadh
2022-01-08,19.3,6.6,0.0,Riyadh
2022-01-09,21.9,8.0,0.0,Riyadh
2022-01-10,24.2,9.3,0.0,Riyadh
2022-01-11,24.4,13.4,0.0,Riyadh
2022-01-12,26.4,12.4,0.0,Riyadh
2022-01-13,27.8,13.1,0.0,Riyadh
2022-01-14,27.9,15.7,1.4,Riyadh
2022-01-15,21.5,14.5,7.5,Riyadh
2022-01-16,19.6,10.5,0.0,Riyadh
2022-01-17,20.7,7.9,1.1,Riyadh
2022-01-18,13.8,8.3,0.5,Riyadh
2022-01-19,14.9,6.9,0.0,Riyadh
2022-01-20,18.6,7.9,0.0,Riyadh
2022-01-21,10.9,2.4,0.0,Riyadh
2022-01-22,13.2,0.6,0.0,Riyadh
2022-01-23,19.5,3.7,0.0,Riyadh
2022-01-24,23.9,7.1,0.0,Riyadh
2022-01-25,23.4,8.8,0.0,Riyadh
2022-01-26,27.6,11.3,0.0,Riyadh
2022-01-27,24.5,11.8,0.0,Riyadh
2022-01-28,15.5,8.6,0.0,Riyadh
2022-01-29,18.1,5.3,0.0,Riyadh
2022-01-30,18.5,6.1,0.0,Riyadh
2022-01-31,22.3,9.3,0.0,Riyadh
2022-02-01,21.0,11.9,0.0,Riyadh
2022-02-02,19.4,6.7,0.0,Riyadh
2022-02-03,24.6,8.6,0.0,Riyadh
2022-02-04,28.9,12.3,0.0,Riyadh
2022-02-05,20.5,11.1,0.0,Riyadh
2022-02-06,18.6,7.2,0.0,Riyadh
2022-02-07,19.5,6.1,0.0,Riyadh
2022-02-08,20.5,7.4,0.0,Riyadh
2022-02-09,21.9,9.7,0.0,Riyadh
2022-02-10,25.7,10.7,0.0,Riyadh
2022-02-11,27.8,12.3,0.0,Riyadh
2022-02-12,19.0,11.6,1.4,Riyadh
2022-02-13,19.3,7.8,0.0,Riyadh
2022-02-14,21.1,8.1,0.0,Riyadh
2022-02-15,23.8,7.5,0.0,Riyadh
2022-02-16,25.8,11.3,0.0,Riyadh
2022-02-17,23.1,10.6,0.0,Riyadh
2022-02-18,24.4,10.4,0.0,Riyadh
2022-02-19,28.6,13.7,0.0,Riyadh
2022-02-20,24.0,16.3,0.0,Riyadh
2022-02-21,22.3,10.9,0.0,Riyadh
2022-02-22,22.4,8.9,0.0,Riyadh
2022-02-23,25.0,11.1,0.0,Riyadh
2022-02-24,27.7,12.2,0.0,Riyadh
2022-02-25,30.3,14.6,0.0,Riyadh
2022-02-26,30.3,17.8,0.0,Riyadh
2022-02-27,24.8,15.3,0.0,Riyadh
2022-02-28,25.0,11.7,0.0,Riyadh
2022-03-01,26.1,13.5,0.0,Riyadh
2022-03-02,31.6,14.8,0.0,Riyadh
2022-03-03,33.0,18.0,0.0,Riyadh
2022-03-04,30.8,17.9,0.0,Riyadh
2022-03-05,26.4,13.8,0.1,Riyadh
2022-03-06,28.3,13.8,0.0,Riyadh
2022-03-07,34.0,19.4,0.0,Riyadh
2022-03-08,30.4,18.6,0.0,Riyadh
2022-03-09,30.7,15.8,0.0,Riyadh
2022-03-10,38.6,21.0,0.0,Riyadh
2022-03-11,35.8,25.6,0.0,Riyadh
2022-03-12,29.7,16.9,0.0,Riyadh
2022-03-13,29.5,13.2,0.0,Riyadh
2022-03-14,31.8,14.4,0.0,Riyadh
2022-03-15,35.7,19.5,0.0,Riyadh
2022-03-16,22.3,11.8,0.0,Riyadh
2022-03-17,17.5,8.1,0.0,Riyadh
2022-03-18,22.1,6.8,0.0,Riyadh
2022-03-19,27.0,9.8,0.0,Riyadh
2022-03-20,30.5,13.1,0.0,Riyadh
2022-03-21,30.7,17.3,1.8,Riyadh
2022-03-22,33.9,17.5,0.0,Riyadh
2022-03-23,35.0,19.0,0.0,Riyadh
2022-03-24,35.2,20.6,0.0,Riyadh
2022-03-25,27.6,14.8,0.0,Riyadh
2022-03-26,24.3,13.2,0.0,Riyadh
2022-03-27,23.9,11.1,0.0,Riyadh
2022-03-28,24.3,12.0,0.0,Riyadh
2022-03-29,25.3,12.0,0.0,Riyadh
2022-03-30,29.1,12.8,0.0,Riyadh
2022-03-31,34.1,16.2,0.0,Riyadh
2022-04-01,35.1,20.5,0.0,Riyadh
2022-04-02,34.7,18.9,0.0,Riyadh
2022-04-03,36.2,20.3,0.0,Riyadh
2022-04-04,37.5,20.4,0.0,Riyadh
2022-04-05,36.6,22.4,0.0,Riyadh
2022-04-06,35.3,20.6,0.0,Riyadh
2022-04-07,37.9,23.1,0.0,Riyadh
2022-04-08,35.5,21.4,0.0,Riyadh
2022-04-09,38.4,21.2,0.0,Riyadh
2022-04-10,35.3,20.6,0.0,Riyadh
2022-04-11,38.0,20.1,0.0,Riyadh
2022-04-12,39.2,23.0,0.0,Riyadh
2022-04-13,37.2,24.4,0.0,Riyadh
2022-04-14,35.7,25.0,0.0,Riyadh
2022-04-15,33.9,24.1,0.2,Riyadh
2022-04-16,34.9,23.3,1.6,Riyadh
2022-04-17,33.5,20.3,0.0,Riyadh
2022-04-18,32.6,18.6,0.0,Riyadh
2022-04-19,34.7,17.6,0.0,Riyadh
2022-04-20,38.3,23.0,0.0,Riyadh
2022-04-21,39.4,25.7,0.0,Riyadh
2022-04-22,34.5,24.0,0.0,Riyadh
2022-04-23,35.6,22.1,0.0,Riyadh
2022-04-24,35.6,23.6,0.1,Riyadh
2022-04-25,28.1,20.3,3.0,Riyadh
2022-04-26,31.8,19.9,0.9,Riyadh
2022-04-27,35.3,21.1,0.0,Riyadh
2022-04-28,28.3,20.7,6.9,Riyadh
2022-04-29,27.8,20.4,2.6,Riyadh
2022-04-30,33.9,18.6,0.0,Riyadh
2022-05-01,38.3,19.8,0.0,Riyadh
2022-05-02,35.5,22.1,0.0,Riyadh
2022-05-03,36.2,21.9,0.0,Riyadh
2022-05-04,40.1,23.2,0.0,Riyadh
2022-05-05,41.4,27.2,0.0,Riyadh
2022-05-06,40.7,28.3,0.0,Riyadh
2022-05-07,36.0,23.6,0.0,Riyadh
2022-05-08,35.1,21.3,0.0,Riyadh
2022-05-09,34.2,20.5,0.0,Riyadh
2022-05-10,34.9,23.1,0.0,Riyadh
2022-05-11,39.4,23.6,0.0,Riyadh
2022-05-12,37.5,22.9,0.0,Riyadh
2022-05-13,36.1,23.8,0.0,Riyadh
2022-05-14,33.5,21.8,0.0,Riyadh
2022-05-15,36.6,21.7,0.0,Riyadh
2022-05-16,40.2,21.2,0.0,Riyadh
2022-05-17,37.9,24.3,0.0,Riyadh
2022-05-18,40.2,24.2,0.0,Riyadh
2022-05-19,42.4,25.4,0.0,Riyadh
2022-05-20,41.4,26.1,0.0,Riyadh
2022-05-21,42.8,27.2,0.0,Riyadh
2022-05-22,41.7,25.8,0.0,Riyadh
2022-05-23,43.4,27.8,0.0,Riyadh
2022-05-24,37.1,26.3,0.0,Riyadh
2022-05-25,37.7,22.9,0.0,Riyadh
2022-05-26,38.3,24.0,0.0,Riyadh
2022-05-27,38.5,24.3,0.0,Riyadh
2022-05-28,39.4,25.2,0.0,Riyadh
2022-05-29,39.3,24.8,0.0,Riyadh
2022-05-30,39.6,25.3,0.0,Riyadh
2022-05-31,40.0,25.9,0.0,Riyadh
2022-06-01,40.7,26.7,0.0,Riyadh
2022-06-02,40.9,26.3,0.0,Riyadh
2022-06-03,40.3,25.3,0.0,Riyadh
2022-06-04,42.0,25.8,0.0,Riyadh
2022-06-05,42.8,26.8,0.0,Riyadh
2022-06-06,42.8,27.7,0.0,Riyadh
2022-06-07,44.1,27.6,0.0,Riyadh
2022-06-08,44.7,28.4,0.0,Riyadh
2022-06-09,45.0,30.4,0.0,Riyadh
2022-06-10,44.2,29.1,0.0,Riyadh
2022-06-11,42.3,27.7,0.0,Riyadh
2022-06-12,41.8,27.6,0.0,Riyadh
2022-06-13,42.2,28.2,0.0,Riyadh
2022-06-14,42.8,28.3,0.0,Riyadh
2022-06-15,42.4,27.4,0.0,Riyadh
2022-06-16,42.2,28.5,0.0,Riyadh
2022-06-17,42.1,28.7,0.0,Riyadh
2022-06-18,42.5,29.8,0.0,Riyadh
2022-06-19,44.3,27.9,0.0,Riyadh
2022-06-20,45.4,29.8,0.0,Riyadh
2022-06-21,44.8,28.8,0.0,Riyadh
2022-06-22,45.5,30.4,0.0,Riyadh
2022-06-23,43.8,29.6,0.0,Riyadh
2022-06-24,42.4,28.5,0.0,Riyadh
2022-06-25,44.6,28.8,0.0,Riyadh
2022-06-26,44.8,32.0,0.0,Riyadh
2022-06-27,41.5,29.2,0.0,Riyadh
2022-06-28,41.6,26.6,0.0,Riyadh
2022-06-29,41.0,27.1,0.0,Riyadh
2022-06-30,43.1,28.3,0.0,Riyadh
2022-07-01,43.5,29.1,0.0,Riyadh
2022-07-02,43.2,30.0,0.0,Riyadh
2022-07-03,41.2,28.3,0.0,Riyadh
2022-07-04,41.5,28.8,0.0,Riyadh
2022-07-05,41.6,29.4,0.0,Riyadh
2022-07-06,41.3,28.5,0.0,Riyadh
2022-07-07,41.4,29.1,0.0,Riyadh
2022-07-08,42.7,31.1,0.0,Riyadh
2022-07-09,42.0,29.9,0.0,Riyadh
2022-07-10,42.2,28.3,0.0,Riyadh
2022-07-11,42.0,29.4,0.0,Riyadh
2022-07-12,39.7,30.7,0.0,Riyadh
2022-07-13,41.6,29.3,0.0,Riyadh
2022-07-14,42.9,29.7,0.0,Riyadh
2022-07-15,42.9,29.6,0.0,Riyadh
2022-07-16,43.4,30.1,0.0,Riyadh
2022-07-17,43.7,29.7,0.0,Riyadh
2022-07-18,43.4,28.5,0.0,Riyadh
2022-07-19,44.3,31.1,0.0,Riyadh
2022-07-20,45.1,31.6,0.0,Riyadh
2022-07-21,45.0,31.3,0.0,Riyadh
2022-07-22,44.8,32.2,0.0,Riyadh
2022-07-23,45.2,30.6,0.0,Riyadh
2022-07-24,44.6,30.8,0.0,Riyadh
2022-07-25,43.7,31.0,0.0,Riyadh
2022-07-26,42.4,30.4,0.0,Riyadh
2022-07-27,41.5,29.0,0.0,Riyadh
2022-07-28,38.1,31.2,0.0,Riyadh
2022-07-29,41.3,28.4,0.0,Riyadh
2022-07-30,40.7,29.3,0.0,Riyadh
2022-07-31,39.9,31.2,0.5,Riyadh
2022-08-01,40.6,28.9,0.5,Riyadh
2022-08-02,40.8,30.8,0.0,Riyadh
2022-08-03,42.0,31.5,0.0,Riyadh
2022-08-04,43.5,32.1,0.0,Riyadh
2022-08-05,44.9,31.9,0.0,Riyadh
2022-08-06,46.0,31.1,0.0,Riyadh
2022-08-07,45.5,32.6,0.0,Riyadh
2022-08-08,45.5,31.3,0.0,Riyadh
2022-08-09,45.1,32.5,0.0,Riyadh
2022-08-10,45.2,32.9,0.0,Riyadh
2022-08-11,44.6,33.4,0.0,Riyadh
2022-08-12,43.3,32.0,0.0,Riyadh
2022-08-13,43.6,32.2,0.0,Riyadh
2022-08-14,42.7,30.3,0.0,Riyadh
2022-08-15,42.5,27.9,0.0,Riyadh
2022-08-16,43.2,28.9,0.0,Riyadh
2022-08-17,43.2,30.8,0.0,Riyadh
2022-08-18,43.9,30.6,0.0,Riyadh
2022-08-19,44.9,31.3,0.0,Riyadh
2022-08-20,44.6,29.9,0.0,Riyadh
2022-08-21,44.8,29.6,0.0,Riyadh
2022-08-22,44.3,29.9,0.0,Riyadh
2022-08-23,42.5,28.6,0.0,Riyadh
2022-08-24,41.3,30.4,0.0,Riyadh
2022-08-25,41.0,28.7,0.0,Riyadh
2022-08-26,40.7,28.8,0.0,Riyadh
2022-08-27,40.8,27.7,0.0,Riyadh
2022-08-28,39.8,26.5,0.0,Riyadh
2022-08-29,41.2,26.4,0.0,Riyadh
2022-08-30,41.3,26.7,0.0,Riyadh
2022-08-31,39.0,26.7,0.0,Riyadh
2022-09-01,39.9,26.9,0.0,Riyadh
2022-09-02,41.0,26.1,0.0,Riyadh
2022-09-03,41.8,26.3,0.0,Riyadh
2022-09-04,41.8,27.2,0.0,Riyadh
2022-09-05,42.2,27.3,0.0,Riyadh
2022-09-06,42.7,27.7,0.0,Riyadh
2022-09-07,42.6,27.9,0.0,Riyadh
2022-09-08,41.6,28.9,0.0,Riyadh
2022-09-09,42.0,27.1,0.0,Riyadh
2022-09-10,42.0,26.4,0.0,Riyadh
2022-09-11,42.7,27.9,0.0,Riyadh
2022-09-12,42.5,26.9,0.0,Riyadh
2022-09-13,42.5,27.7,0.0,Riyadh
2022-09-14,42.9,27.0,0.0,Riyadh
2022-09-15,41.7,28.7,0.0,Riyadh
2022-09-16,39.1,25.7,0.0,Riyadh
2022-09-17,39.4,24.3,0.0,Riyadh
2022-09-18,40.5,26.1,0.0,Riyadh
2022-09-19,39.9,26.7,0.0,Riyadh
2022-09-20,39.7,24.3,0.0,Riyadh
2022-09-21,36.9,24.4,0.0,Riyadh
2022-09-22,38.8,25.0,0.0,Riyadh
2022-09-23,39.4,26.1,0.0,Riyadh
2022-09-24,38.9,26.8,0.0,Riyadh
2022-09-25,36.3,23.6,0.0,Riyadh
2022-09-26,36.1,24.6,0.0,Riyadh
2022-09-27,36.7,22.5,0.0,Riyadh
2022-09-28,37.4,22.3,0.0,Riyadh
2022-09-29,36.2,21.9,0.0,Riyadh
2022-09-30,34.9,20.8,0.0,Riyadh
2022-10-01,35.9,20.8,0.0,Riyadh
2022-10-02,37.2,21.4,0.0,Riyadh
2022-10-03,37.3,21.4,0.0,Riyadh
2022-10-04,36.5,24.5,0.0,Riyadh
2022-10-05,36.6,23.7,0.0,Riyadh
2022-10-06,36.5,24.6,0.0,Riyadh
2022-10-07,36.7,22.0,0.0,Riyadh
2022-10-08,37.1,21.0,0.0,Riyadh
2022-10-09,35.9,22.3,0.0,Riyadh
2022-10-10,35.7,20.8,0.0,Riyadh
2022-10-11,36.1,21.4,0.0,Riyadh
2022-10-12,35.5,20.8,0.0,Riyadh
2022-10-13,34.9,20.1,0.0,Riyadh
2022-10-14,33.5,20.8,0.0,Riyadh
2022-10-15,34.2,21.7,0.0,Riyadh
2022-10-16,34.9,21.0,0.0,Riyadh
2022-10-17,34.4,21.6,0.0,Riyadh
2022-10-18,34.9,20.8,0.0,Riyadh
2022-10-19,35.1,21.1,0.0,Riyadh
2022-10-20,34.7,20.7,0.0,Riyadh
2022-10-21,34.7,19.3,0.0,Riyadh
2022-10-22,33.6,20.3,0.0,Riyadh
2022-10-23,33.9,21.3,0.0,Riyadh
2022-10-24,33.9,20.1,0.0,Riyadh
2022-10-25,33.8,21.4,0.0,Riyadh
2022-10-26,32.4,19.8,0.0,Riyadh
2022-10-27,32.4,19.2,0.0,Riyadh
2022-10-28,33.7,18.6,0.0,Riyadh
2022-10-29,33.2,19.1,0.0,Riyadh
2022-10-30,33.6,21.3,0.0,Riyadh
2022-10-31,33.7,18.2,0.0,Riyadh
2022-11-01,33.9,18.6,0.0,Riyadh
2022-11-02,32.9,20.5,0.0,Riyadh
2022-11-03,33.3,21.1,0.0,Riyadh
2022-11-04,28.1,18.3,0.0,Riyadh
2022-11-05,28.3,18.1,0.0,Riyadh
2022-11-06,33.2,19.3,0.0,Riyadh
2022-11-07,33.5,19.9,0.0,Riyadh
2022-11-08,34.0,18.6,0.0,Riyadh
2022-11-09,31.6,19.1,0.0,Riyadh
2022-11-10,32.7,20.1,0.0,Riyadh
2022-11-11,31.6,21.0,0.0,Riyadh
2022-11-12,31.2,18.8,0.0,Riyadh
2022-11-13,30.7,19.5,0.0,Riyadh
2022-11-14,31.0,17.4,0.0,Riyadh
2022-11-15,31.4,17.9,0.0,Riyadh
2022-11-16,30.9,18.7,0.0,Riyadh
2022-11-17,31.0,19.8,0.0,Riyadh
2022-11-18,29.4,18.3,0.0,Riyadh
2022-11-19,26.5,15.8,0.0,Riyadh
2022-11-20,24.3,14.8,0.0,Riyadh
2022-11-21,24.5,13.3,0.0,Riyadh
2022-11-22,25.1,12.1,0.0,Riyadh
2022-11-23,26.5,12.7,0.0,Riyadh
2022-11-24,27.7,14.1,0.0,Riyadh
2022-11-25,29.0,17.0,0.0,Riyadh
2022-11-26,29.7,16.9,0.0,Riyadh
2022-11-27,29.2,17.1,0.0,Riyadh
2022-11-28,28.4,16.5,0.0,Riyadh
2022-11-29,27.2,15.0,0.0,Riyadh
2022-11-30,27.9,14.7,0.0,Riyadh
2022-12-01,27.2,15.7,0.0,Riyadh
2022-12-02,27.6,16.1,0.0,Riyadh
2022-12-03,26.6,13.5,0.0,Riyadh
2022-12-04,28.8,13.8,0.0,Riyadh
2022-12-05,28.8,18.0,0.0,Riyadh
2022-12-06,28.3,16.8,0.0,Riyadh
2022-12-07,25.8,15.8,0.0,Riyadh
2022-12-08,24.3,14.9,0.0,Riyadh
2022-12-09,21.3,14.6,0.0,Riyadh
2022-12-10,16.6,10.4,18.0,Riyadh
2022-12-11,18.0,8.3,0.0,Riyadh
2022-12-12,20.0,9.8,0.0,Riyadh
2022-12-13,21.9,10.4,0.0,Riyadh
2022-12-14,24.5,11.4,0.0,Riyadh
2022-12-15,25.0,12.0,0.0,Riyadh
2022-12-16,23.2,11.8,0.0,Riyadh
2022-12-17,20.4,12.0,0.0,Riyadh
2022-12-18,19.5,9.6,0.0,Riyadh
2022-12-19,19.5,8.6,0.0,Riyadh
2022-12-20,21.2,8.6,0.0,Riyadh
2022-12-21,22.2,8.3,0.0,Riyadh
2022-12-22,24.3,10.4,0.0,Riyadh
2022-12-23,23.6,13.4,0.4,Riyadh
2022-12-24,21.9,13.3,0.0,Riyadh
2022-12-25,19.9,8.6,0.0,Riyadh
2022-12-26,19.3,10.3,1.7,Riyadh
2022-12-27,21.4,8.1,0.0,Riyadh
2022-12-28,16.4,7.6,0.0,Riyadh
2022-12-29,16.6,4.7,0.0,Riyadh
2022-12-30,12.3,7.5,10.4,Riyadh
2022-12-31,15.4,8.5,0.4,Riyadh
2023-01-01,17.0,8.1,0.0,Riyadh
2023-01-02,14.0,8.7,13.9,Riyadh
2023-01-03,16.9,10.7,10.5,Riyadh
2023-01-04,19.1,10.9,4.7,Riyadh
2023-01-05,15.5,13.1,27.5,Riyadh
2023-01-06,14.2,10.3,24.8,Riyadh
2023-01-07,16.3,10.0,0.0,Riyadh
2023-01-08,16.6,10.1,0.0,Riyadh
2023-01-09,18.6,11.7,0.1,Riyadh
2023-01-10,16.9,8.6,4.2,Riyadh
2023-01-11,11.2,7.0,0.0,Riyadh
2023-01-12,13.2,8.3,0.6,Riyadh
2023-01-13,15.8,7.1,3.0,Riyadh
2023-01-14,17.1,9.4,0.7,Riyadh
2023-01-15,20.7,12.6,2.7,Riyadh
2023-01-16,19.8,11.2,0.0,Riyadh
2023-01-17,20.2,10.5,0.0,Riyadh
2023-01-18,15.2,7.8,0.0,Riyadh
2023-01-19,15.8,6.4,0.0,Riyadh
2023-01-20,16.2,5.9,0.0,Riyadh
2023-01-21,17.9,7.6,0.0,Riyadh
2023-01-22,19.5,8.7,0.0,Riyadh
2023-01-23,17.8,9.2,0.9,Riyadh
2023-01-24,18.3,9.9,0.0,Riyadh
2023-01-25,15.1,9.8,4.1,Riyadh
2023-01-26,17.4,10.4,1.7,Riyadh
2023-01-27,15.6,7.7,0.0,Riyadh
2023-01-28,15.4,5.9,0.0,Riyadh
2023-01-29,20.1,7.0,0.0,Riyadh
2023-01-30,22.4,9.3,0.0,Riyadh
2023-01-31,25.6,11.0,0.0,Riyadh
2023-02-01,22.7,14.1,0.0,Riyadh
2023-02-02,23.1,12.2,0.2,Riyadh
2023-02-03,17.9,8.8,0.0,Riyadh
2023-02-04,19.8,7.5,0.0,Riyadh
2023-02-05,25.2,10.8,0.0,Riyadh
2023-02-06,29.1,14.7,0.0,Riyadh
2023-02-07,25.3,14.6,0.0,Riyadh
2023-02-08,22.1,10.2,0.0,Riyadh
2023-02-09,18.1,8.8,0.0,Riyadh
2023-02-10,18.3,7.2,0.0,Riyadh
2023-02-11,22.9,10.0,0.0,Riyadh
2023-02-12,29.5,13.4,0.0,Riyadh
2023-02-13,24.2,12.6,0.0,Riyadh
2023-02-14,23.6,9.5,0.0,Riyadh
2023-02-15,28.4,11.9,0.0,Riyadh
2023-02-16,18.9,10.1,0.0,Riyadh
2023-02-17,17.6,8.7,0.0,Riyadh
2023-02-18,18.2,7.9,0.0,Riyadh
2023-02-19,19.7,7.7,0.0,Riyadh
2023-02-20,21.9,8.4,0.0,Riyadh
2023-02-21,27.3,10.5,0.0,Riyadh
2023-02-22,29.1,14.1,0.0,Riyadh
2023-02-23,30.3,15.4,0.0,Riyadh
2023-02-24,28.3,17.0,0.0,Riyadh
2023-02-25,28.9,15.1,0.0,Riyadh
2023-02-26,30.5,16.6,0.0,Riyadh
2023-02-27,31.0,17.7,0.0,Riyadh
2023-02-28,26.4,15.1,0.0,Riyadh
2023-03-01,25.0,16.4,0.1,Riyadh
2023-03-02,27.1,14.1,0.0,Riyadh
2023-03-03,28.8,14.7,0.0,Riyadh
2023-03-04,31.9,16.9,0.0,Riyadh
2023-03-05,32.7,17.9,0.0,Riyadh
2023-03-06,32.2,19.4,0.0,Riyadh
2023-03-07,32.2,19.9,0.0,Riyadh
2023-03-08,32.2,19.8,0.0,Riyadh
2023-03-09,34.0,19.2,0.0,Riyadh
2023-03-10,27.5,16.4,0.3,Riyadh
2023-03-11,25.6,14.8,0.0,Riyadh
2023-03-12,26.6,16.7,0.3,Riyadh
2023-03-13,25.4,16.6,1.9,Riyadh
2023-03-14,27.0,16.2,0.3,Riyadh
2023-03-15,29.2,18.4,0.1,Riyadh
2023-03-16,26.4,15.8,0.0,Riyadh
2023-03-17,26.4,14.1,0.0,Riyadh
2023-03-18,29.9,15.8,0.1,Riyadh
2023-03-19,29.9,17.4,0.0,Riyadh
2023-03-20,30.1,14.1,0.0,Riyadh
2023-03-21,25.1,14.1,0.0,Riyadh
2023-03-22,25.6,12.7,0.0,Riyadh
2023-03-23,26.3,13.1,0.0,Riyadh
2023-03-24,26.9,15.3,0.0,Riyadh
2023-03-25,31.4,15.6,0.0,Riyadh
2023-03-26,25.2,17.0,2.5,Riyadh
2023-03-27,27.1,13.6,0.0,Riyadh
2023-03-28,27.6,15.7,0.0,Riyadh
2023-03-29,27.8,14.7,0.0,Riyadh
2023-03-30,31.9,16.1,0.0,Riyadh
2023-03-31,33.6,19.5,0.0,Riyadh
2023-04-01,23.4,14.1,0.0,Riyadh
2023-04-02,23.5,13.0,0.0,Riyadh
2023-04-03,25.4,11.4,0.0,Riyadh
2023-04-04,28.5,14.3,0.0,Riyadh
2023-04-05,29.8,16.2,0.0,Riyadh
2023-04-06,33.3,17.5,0.0,Riyadh
2023-04-07,32.3,20.5,0.0,Riyadh
2023-04-08,28.4,19.9,0.9,Riyadh
2023-04-09,31.6,16.3,0.0,Riyadh
2023-04-10,31.4,18.0,0.0,Riyadh
2023-04-11,32.2,19.0,7.6,Riyadh
2023-04-12,34.9,22.6,0.3,Riyadh
2023-04-13,31.0,19.5,0.1,Riyadh
2023-04-14,26.1,16.0,6.3,Riyadh
2023-04-15,26.8,16.4,0.3,Riyadh
2023-04-16,27.7,15.5,2.5,Riyadh
2023-04-17,24.9,17.7,2.3,Riyadh
2023-04-18,28.6,16.2,0.1,Riyadh
2023-04-19,26.5,18.0,0.0,Riyadh
2023-04-20,28.2,17.1,0.0,Riyadh
2023-04-21,29.5,17.0,0.0,Riyadh
2023-04-22,31.0,18.3,0.7,Riyadh
2023-04-23,32.6,20.7,0.8,Riyadh
2023-04-24,34.6,21.4,0.0,Riyadh
2023-04-25,33.3,22.3,0.0,Riyadh
2023-04-26,30.5,20.1,2.5,Riyadh
2023-04-27,31.6,17.5,0.2,Riyadh
2023-04-28,35.1,19.4,0.0,Riyadh
2023-04-29,35.3,22.2,0.0,Riyadh
2023-04-30,35.7,20.2,0.0,Riyadh
2023-05-01,34.8,21.1,0.0,Riyadh
2023-05-02,33.2,20.7,0.0,Riyadh
2023-05-03,34.3,20.3,0.0,Riyadh
2023-05-04,34.7,21.1,0.0,Riyadh
2023-05-05,34.2,21.4,0.0,Riyadh
2023-05-06,36.8,22.6,0.0,Riyadh
2023-05-07,40.3,25.1,0.0,Riyadh
2023-05-08,41.0,25.8,0.0,Riyadh
2023-05-09,40.6,28.8,0.0,Riyadh
2023-05-10,40.2,26.4,0.0,Riyadh
2023-05-11,40.0,25.3,0.0,Riyadh
2023-05-12,40.9,25.2,0.0,Riyadh
2023-05-13,41.9,26.4,0.0,Riyadh
2023-05-14,37.9,27.8,0.0,Riyadh
2023-05-15,36.6,23.1,0.0,Riyadh
2023-05-16,38.1,24.3,0.0,Riyadh
2023-05-17,39.5,26.5,0.0,Riyadh
2023-05-18,40.4,27.8,0.0,Riyadh
2023-05-19,38.9,25.9,0.1,Riyadh
2023-05-20,38.1,26.6,0.0,Riyadh
2023-05-21,37.5,27.4,0.0,Riyadh
2023-05-22,38.9,25.0,0.0,Riyadh
2023-05-23,39.5,26.4,0.0,Riyadh
2023-05-24,38.8,26.4,0.0,Riyadh
2023-05-25,38.3,26.7,0.0,Riyadh
2023-05-26,39.9,27.3,0.0,Riyadh
2023-05-27,41.0,26.0,0.0,Riyadh
2023-05-28,40.1,26.7,0.0,Riyadh
2023-05-29,39.2,29.3,0.0,Riyadh
2023-05-30,37.2,27.8,0.0,Riyadh
2023-05-31,36.8,24.9,0.0,Riyadh
2023-06-01,39.2,26.4,0.0,Riyadh
2023-06-02,39.2,27.8,0.0,Riyadh
2023-06-03,39.6,26.0,0.0,Riyadh
2023-06-04,39.9,26.5,0.0,Riyadh
2023-06-05,40.1,26.9,0.0,Riyadh
2023-06-06,40.2,28.3,0.0,Riyadh
2023-06-07,41.0,29.0,0.0,Riyadh
2023-06-08,41.6,27.7,0.0,Riyadh
2023-06-09,40.8,28.6,0.0,Riyadh
2023-06-10,42.4,26.0,0.0,Riyadh
2023-06-11,43.1,27.7,0.0,Riyadh
2023-06-12,43.4,31.5,0.0,Riyadh
2023-06-13,42.6,30.8,0.0,Riyadh
2023-06-14,40.6,29.6,0.0,Riyadh
2023-06-15,43.2,27.5,0.0,Riyadh
2023-06-16,41.1,29.3,0.0,Riyadh
2023-06-17,40.2,26.6,0.0,Riyadh
2023-06-18,40.6,27.1,0.0,Riyadh
2023-06-19,41.9,27.4,0.0,Riyadh
2023-06-20,41.8,26.9,0.0,Riyadh
2023-06-21,42.3,27.6,0.0,Riyadh
2023-06-22,41.3,28.2,0.0,Riyadh
2023-06-23,43.1,28.6,0.0,Riyadh
2023-06-24,44.7,29.6,0.0,Riyadh
2023-06-25,43.8,29.8,0.0,Riyadh
2023-06-26,42.5,28.3,0.0,Riyadh
2023-06-27,43.1,27.8,0.0,Riyadh
2023-06-28,42.7,26.9,0.0,Riyadh
2023-06-29,43.2,27.7,0.0,Riyadh
2023-06-30,43.1,29.0,0.0,Riyadh
2023-07-01,44.1,28.2,0.0,Riyadh
2023-07-02,44.0,29.6,0.0,Riyadh
2023-07-03,42.9,29.2,0.0,Riyadh
2023-07-04,42.4,29.8,0.0,Riyadh
2023-07-05,42.0,28.7,0.0,Riyadh
2023-07-06,42.7,29.0,0.0,Riyadh
2023-07-07,43.3,28.0,0.0,Riyadh
2023-07-08,44.3,27.7,0.0,Riyadh
2023-07-09,44.5,29.3,0.0,Riyadh
2023-07-10,45.2,29.1,0.0,Riyadh
2023-07-11,45.0,30.6,0.0,Riyadh
2023-07-12,43.9,29.9,0.0,Riyadh
2023-07-13,42.5,30.4,0.0,Riyadh
2023-07-14,42.3,28.9,0.0,Riyadh
2023-07-15,44.6,30.3,0.0,Riyadh
2023-07-16,44.7,30.3,0.0,Riyadh
2023-07-17,44.9,28.4,0.0,Riyadh
2023-07-18,46.0,29.7,0.0,Riyadh
2023-07-19,44.8,29.5,0.0,Riyadh
2023-07-20,45.6,30.9,0.0,Riyadh
2023-07-21,45.5,30.0,0.0,Riyadh
2023-07-22,44.0,29.2,0.0,Riyadh
2023-07-23,44.2,29.4,0.0,Riyadh
2023-07-24,44.4,29.1,0.0,Riyadh
2023-07-25,44.5,29.3,0.0,Riyadh
2023-07-26,44.7,29.7,0.0,Riyadh
2023-07-27,44.3,29.3,0.0,Riyadh
2023-07-28,44.6,29.4,0.0,Riyadh
2023-07-29,44.0,30.2,0.0,Riyadh
2023-07-30,44.3,29.6,0.0,Riyadh
2023-07-31,45.9,30.4,0.0,Riyadh
2023-08-01,45.8,31.6,0.0,Riyadh
2023-08-02,45.4,30.8,0.0,Riyadh
2023-08-03,45.6,30.6,0.0,Riyadh
2023-08-04,43.6,31.4,0.0,Riyadh
2023-08-05,43.5,29.1,0.0,Riyadh
2023-08-06,43.8,29.6,0.0,Riyadh
2023-08-07,43.4,28.8,0.0,Riyadh
2023-08-08,43.1,29.3,0.0,Riyadh
2023-08-09,43.5,28.2,0.0,Riyadh
2023-08-10,44.8,27.9,0.0,Riyadh
2023-08-11,43.4,29.9,0.0,Riyadh
2023-08-12,43.5,29.3,0.0,Riyadh
2023-08-13,43.8,31.1,0.0,Riyadh
2023-08-14,44.5,30.2,0.0,Riyadh
2023-08-15,44.3,29.9,0.0,Riyadh
2023-08-16,43.9,29.4,0.0,Riyadh
2023-08-17,43.7,29.6,0.0,Riyadh
2023-08-18,43.3,30.4,0.0,Riyadh
2023-08-19,43.5,30.5,0.0,Riyadh
2023-08-20,42.9,31.5,0.0,Riyadh
2023-08-21,42.1,30.2,0.0,Riyadh
2023-08-22,41.9,28.8,0.0,Riyadh
2023-08-23,42.7,30.0,0.0,Riyadh
2023-08-24,44.9,29.0,0.0,Riyadh
2023-08-25,44.7,31.0,0.0,Riyadh
2023-08-26,44.0,29.1,0.0,Riyadh
2023-08-27,43.3,28.8,0.0,Riyadh
2023-08-28,44.6,28.5,0.0,Riyadh
2023-08-29,44.4,29.8,0.0,Riyadh
2023-08-30,45.2,30.2,0.0,Riyadh
2023-08-31,41.0,28.3,0.0,Riyadh
2023-09-01,41.9,27.1,0.0,Riyadh
2023-09-02,41.7,28.0,0.0,Riyadh
2023-09-03,40.4,27.8,0.0,Riyadh
2023-09-04,40.1,25.4,0.0,Riyadh
2023-09-05,41.9,25.3,0.0,Riyadh
2023-09-06,43.2,27.9,0.0,Riyadh
2023-09-07,43.4,29.4,0.0,Riyadh
2023-09-08,42.8,27.6,0.0,Riyadh
2023-09-09,43.6,27.5,0.0,Riyadh
2023-09-10,43.1,29.7,0.0,Riyadh
2023-09-11,44.1,30.0,0.0,Riyadh
2023-09-12,43.7,28.8,0.0,Riyadh
2023-09-13,42.6,28.0,0.0,Riyadh
2023-09-14,42.8,28.4,0.0,Riyadh
2023-09-15,41.8,27.5,0.0,Riyadh
2023-09-16,40.8,27.7,0.0,Riyadh
2023-09-17,42.1,27.6,0.0,Riyadh
2023-09-18,41.8,26.6,0.0,Riyadh
2023-09-19,40.5,25.8,0.0,Riyadh
2023-09-20,40.4,26.6,0.0,Riyadh
2023-09-21,40.3,24.9,0.0,Riyadh
2023-09-22,41.3,25.9,0.0,Riyadh
2023-09-23,41.3,26.1,0.0,Riyadh
2023-09-24,40.8,24.7,0.0,Riyadh
2023-09-25,41.2,27.0,0.0,Riyadh
2023-09-26,42.1,26.5,0.0,Riyadh
2023-09-27,39.1,25.5,0.0,Riyadh
2023-09-28,39.8,25.2,0.0,Riyadh
2023-09-29,40.3,24.2,0.0,Riyadh
2023-09-30,39.1,23.8,0.0,Riyadh
2023-10-01,37.3,23.9,0.0,Riyadh
2023-10-02,39.0,23.2,0.0,Riyadh
2023-10-03,40.6,25.8,0.0,Riyadh
2023-10-04,40.6,25.7,0.0,Riyadh
2023-10-05,39.8,26.4,0.0,Riyadh
2023-10-06,38.2,23.4,0.0,Riyadh
2023-10-07,38.9,23.3,0.0,Riyadh
2023-10-08,39.1,25.0,0.0,Riyadh
2023-10-09,38.4,24.5,0.0,Riyadh
2023-10-10,37.0,25.4,0.0,Riyadh
2023-10-11,36.9,23.9,0.0,Riyadh
2023-10-12,38.1,22.4,0.0,Riyadh
2023-10-13,37.8,20.4,0.0,Riyadh
2023-10-14,37.3,21.7,0.0,Riyadh
2023-10-15,37.5,22.4,0.0,Riyadh
2023-10-16,37.5,23.1,0.0,Riyadh
2023-10-17,35.5,21.2,0.0,Riyadh
2023-10-18,34.7,20.4,0.0,Riyadh
2023-10-19,35.5,20.6,0.0,Riyadh
2023-10-20,34.7,22.3,0.0,Riyadh
2023-10-21,35.0,20.9,0.0,Riyadh
2023-10-22,34.5,19.9,0.0,Riyadh
2023-10-23,33.5,21.7,0.0,Riyadh
2023-10-24,33.0,21.1,0.0,Riyadh
2023-10-25,32.3,19.6,0.0,Riyadh
2023-10-26,30.4,20.1,0.0,Riyadh
2023-10-27,30.7,19.3,0.0,Riyadh
2023-10-28,30.4,18.7,0.0,Riyadh
2023-10-29,29.5,19.7,0.0,Riyadh
2023-10-30,29.7,19.5,0.3,Riyadh
2023-10-31,31.0,19.9,0.0,Riyadh
2023-11-01,31.0,20.5,0.1,Riyadh
2023-11-02,27.9,20.0,1.2,Riyadh
2023-11-03,30.1,18.1,0.3,Riyadh
2023-11-04,31.3,20.1,0.4,Riyadh
2023-11-05,29.8,19.3,0.4,Riyadh
2023-11-06,30.2,18.0,0.0,Riyadh
2023-11-07,29.6,18.3,0.0,Riyadh
2023-11-08,30.1,17.3,0.0,Riyadh
2023-11-09,28.2,17.3,0.0,Riyadh
2023-11-10,27.3,16.4,0.0,Riyadh
2023-11-11,26.9,18.4,0.0,Riyadh
2023-11-12,29.0,18.4,0.0,Riyadh
2023-11-13,28.4,18.0,0.0,Riyadh
2023-11-14,29.9,19.0,0.0,Riyadh
2023-11-15,28.9,19.8,0.1,Riyadh
2023-11-16,26.3,19.2,1.4,Riyadh
2023-11-17,26.1,15.3,0.0,Riyadh
2023-11-18,26.0,14.9,0.0,Riyadh
2023-11-19,27.9,18.4,0.0,Riyadh
2023-11-20,29.2,19.9,0.9,Riyadh
2023-11-21,27.8,17.7,0.0,Riyadh
2023-11-22,24.4,17.2,0.0,Riyadh
2023-11-23,26.0,13.2,0.0,Riyadh
2023-11-24,29.4,16.5,0.0,Riyadh
2023-11-25,23.9,15.1,6.0,Riyadh
2023-11-26,30.9,16.0,0.0,Riyadh
2023-11-27,32.6,19.5,0.0,Riyadh
2023-11-28,27.2,17.9,0.0,Riyadh
2023-11-29,24.0,13.6,0.0,Riyadh
2023-11-30,24.1,11.7,0.0,Riyadh
2023-12-01,27.3,14.1,0.0,Riyadh
2023-12-02,25.7,13.0,0.0,Riyadh
2023-12-03,25.3,14.5,0.0,Riyadh
2023-12-04,25.5,15.2,0.0,Riyadh
2023-12-05,23.9,11.1,0.0,Riyadh
2023-12-06,24.9,12.4,0.0,Riyadh
2023-12-07,26.6,11.7,0.0,Riyadh
2023-12-08,25.9,13.5,0.0,Riyadh
2023-12-09,26.3,9.6,0.0,Riyadh
2023-12-10,25.8,13.1,0.0,Riyadh
2023-12-11,26.0,14.0,0.0,Riyadh
2023-12-12,25.2,13.1,0.0,Riyadh
2023-12-13,24.1,13.6,0.0,Riyadh
2023-12-14,21.0,10.7,0.0,Riyadh
2023-12-15,18.8,9.0,0.0,Riyadh
2023-12-16,19.2,7.9,0.0,Riyadh
2023-12-17,18.6,6.8,0.0,Riyadh
2023-12-18,20.7,10.1,0.0,Riyadh
2023-12-19,21.1,10.5,0.0,Riyadh
2023-12-20,22.0,8.6,0.0,Riyadh
2023-12-21,23.3,9.6,0.0,Riyadh
2023-12-22,25.5,10.5,0.0,Riyadh
2023-12-23,26.9,14.5,0.0,Riyadh
2023-12-24,25.7,15.2,0.0,Riyadh
2023-12-25,25.1,15.0,0.0,Riyadh
2023-12-26,24.5,13.6,0.0,Riyadh
2023-12-27,23.8,13.0,0.0,Riyadh
2023-12-28,25.3,12.5,0.0,Riyadh
2023-12-29,22.2,14.9,2.9,Riyadh
2023-12-30,21.1,12.0,0.9,Riyadh
2023-12-31,21.7,13.0,0.0,Riyadh
2024-01-01,23.6,13.0,0.0,Riyadh
2024-01-02,22.4,12.5,0.0,Riyadh
2024-01-03,24.9,13.9,0.1,Riyadh
2024-01-04,19.8,10.5,0.0,Riyadh
2024-01-05,21.4,9.0,0.0,Riyadh
2024-01-06,22.8,11.5,0.0,Riyadh
2024-01-07,20.8,10.8,0.0,Riyadh
2024-01-08,19.4,7.2,0.0,Riyadh
2024-01-09,21.1,5.9,0.0,Riyadh
2024-01-10,22.0,7.6,0.0,Riyadh
2024-01-11,24.1,7.9,0.0,Riyadh
2024-01-12,26.2,11.6,0.0,Riyadh
2024-01-13,27.9,10.5,0.0,Riyadh
2024-01-14,28.6,13.9,0.0,Riyadh
2024-01-15,29.6,14.2,0.0,Riyadh
2024-01-16,23.1,13.9,0.0,Riyadh
2024-01-17,21.5,11.4,0.0,Riyadh
2024-01-18,18.6,10.9,0.4,Riyadh
2024-01-19,20.7,9.0,0.0,Riyadh
2024-01-20,21.9,9.7,0.0,Riyadh
2024-01-21,23.0,10.2,0.0,Riyadh
2024-01-22,25.9,10.6,0.0,Riyadh
2024-01-23,28.5,12.0,0.0,Riyadh
2024-01-24,29.7,15.2,0.0,Riyadh
2024-01-25,26.8,13.2,0.0,Riyadh
2024-01-26,27.3,14.8,0.0,Riyadh
2024-01-27,21.6,14.0,0.0,Riyadh
2024-01-28,22.3,11.2,0.0,Riyadh
2024-01-29,20.5,12.1,0.0,Riyadh
2024-01-30,26.0,13.9,0.0,Riyadh
2024-01-31,26.0,15.5,0.0,Riyadh
2024-02-01,24.9,12.1,0.0,Riyadh
2024-02-02,17.0,9.1,0.0,Riyadh
2024-02-03,17.6,5.8,0.0,Riyadh
2024-02-04,18.7,6.7,0.0,Riyadh
2024-02-05,21.1,9.0,0.0,Riyadh
2024-02-06,20.4,9.2,0.0,Riyadh
2024-02-07,20.2,8.3,0.0,Riyadh
2024-02-08,20.8,8.0,0.0,Riyadh
2024-02-09,22.7,11.0,0.0,Riyadh
2024-02-10,21.3,12.2,2.5,Riyadh
2024-02-11,23.6,12.3,1.6,Riyadh
2024-02-12,18.3,9.3,0.1,Riyadh
2024-02-13,21.0,9.0,0.0,Riyadh
2024-02-14,25.9,11.6,0.0,Riyadh
2024-02-15,29.7,16.0,0.0,Riyadh
2024-02-16,33.3,19.3,0.0,Riyadh
2024-02-17,25.5,16.9,0.0,Riyadh
2024-02-18,22.0,11.6,0.0,Riyadh
2024-02-19,22.6,11.7,0.0,Riyadh
2024-02-20,25.9,12.5,0.0,Riyadh
2024-02-21,23.4,11.0,0.0,Riyadh
2024-02-22,24.7,12.1,0.0,Riyadh
2024-02-23,27.7,14.3,0.0,Riyadh
2024-02-24,32.6,17.4,0.0,Riyadh
2024-02-25,25.4,15.3,0.0,Riyadh
2024-02-26,21.0,10.5,0.0,Riyadh
2024-02-27,24.8,10.7,0.0,Riyadh
2024-02-28,27.9,14.7,0.0,Riyadh
2024-02-29,18.7,10.7,0.0,Riyadh
2024-03-01,18.7,6.1,0.0,Riyadh
2024-03-02,23.9,6.6,0.0,Riyadh
2024-03-03,29.7,13.8,0.0,Riyadh
2024-03-04,26.1,15.2,0.0,Riyadh
2024-03-05,24.7,12.4,0.0,Riyadh
2024-03-06,23.4,12.8,0.0,Riyadh
2024-03-07,29.7,15.0,0.0,Riyadh
2024-03-08,26.8,16.2,0.0,Riyadh
2024-03-09,26.4,13.7,0.0,Riyadh
2024-03-10,29.9,13.1,0.0,Riyadh
2024-03-11,33.3,18.7,0.0,Riyadh
2024-03-12,25.2,13.7,0.0,Riyadh
2024-03-13,26.8,12.9,0.0,Riyadh
2024-03-14,30.9,17.8,0.0,Riyadh
2024-03-15,31.6,18.7,0.0,Riyadh
2024-03-16,35.9,18.9,0.0,Riyadh
2024-03-17,28.9,21.3,0.0,Riyadh
2024-03-18,24.3,20.7,1.9,Riyadh
2024-03-19,23.9,18.9,1.4,Riyadh
2024-03-20,24.5,16.5,0.2,Riyadh
2024-03-21,25.0,13.5,0.0,Riyadh
2024-03-22,30.7,16.3,3.4,Riyadh
2024-03-23,26.8,16.7,0.6,Riyadh
2024-03-24,26.7,17.5,1.6,Riyadh
2024-03-25,23.1,14.5,0.0,Riyadh
2024-03-26,23.8,11.0,0.0,Riyadh
2024-03-27,27.1,11.8,0.0,Riyadh
2024-03-28,29.1,14.8,0.0,Riyadh
2024-03-29,28.9,14.4,0.0,Riyadh
2024-03-30,25.0,19.0,1.2,Riyadh
2024-03-31,28.3,16.6,0.0,Riyadh
2024-04-01,24.9,16.3,0.0,Riyadh
2024-04-02,26.4,16.9,0.0,Riyadh
2024-04-03,27.9,16.0,2.3,Riyadh
2024-04-04,28.3,14.4,0.0,Riyadh
2024-04-05,30.2,15.2,0.0,Riyadh
2024-04-06,33.7,18.4,0.0,Riyadh
2024-04-07,35.1,22.9,0.5,Riyadh
2024-04-08,26.8,20.8,3.0,Riyadh
2024-04-09,28.5,19.9,2.4,Riyadh
2024-04-10,29.3,19.0,0.5,Riyadh
2024-04-11,30.9,20.8,0.0,Riyadh
2024-04-12,31.7,19.6,0.0,Riyadh
2024-04-13,30.5,19.5,0.0,Riyadh
2024-04-14,32.0,19.3,0.0,Riyadh
2024-04-15,34.1,21.7,0.4,Riyadh
2024-04-16,26.0,17.0,0.1,Riyadh
2024-04-17,30.2,16.8,0.0,Riyadh
2024-04-18,32.4,18.4,0.0,Riyadh
2024-04-19,35.6,20.1,0.0,Riyadh
2024-04-20,36.6,21.3,0.0,Riyadh
2024-04-21,37.6,23.7,0.0,Riyadh
2024-04-22,35.8,22.6,0.0,Riyadh
2024-04-23,32.1,21.0,0.0,Riyadh
2024-04-24,34.2,20.1,0.0,Riyadh
2024-04-25,34.3,21.1,0.0,Riyadh
2024-04-26,34.1,19.1,0.0,Riyadh
2024-04-27,34.7,22.8,0.0,Riyadh
2024-04-28,33.3,23.0,2.9,Riyadh
2024-04-29,34.1,19.6,0.0,Riyadh
2024-04-30,27.2,19.6,6.1,Riyadh
2024-05-01,23.8,18.4,7.4,Riyadh
2024-05-02,28.1,16.2,0.1,Riyadh
2024-05-03,31.8,19.5,0.0,Riyadh
2024-05-04,31.9,18.9,0.0,Riyadh
2024-05-05,34.2,19.6,0.0,Riyadh
2024-05-06,37.0,23.3,0.0,Riyadh
2024-05-07,37.7,23.3,0.0,Riyadh
2024-05-08,34.9,22.8,0.0,Riyadh
2024-05-09,34.3,21.8,0.0,Riyadh
2024-05-10,35.6,21.4,0.0,Riyadh
2024-05-11,38.9,23.9,0.0,Riyadh
2024-05-12,40.9,26.0,0.0,Riyadh
2024-05-13,42.5,27.2,0.0,Riyadh
2024-05-14,39.1,27.8,0.0,Riyadh
2024-05-15,41.0,24.8,0.0,Riyadh
2024-05-16,40.7,30.1,0.0,Riyadh
2024-05-17,36.9,26.0,0.0,Riyadh
2024-05-18,35.8,24.2,0.0,Riyadh
2024-05-19,37.1,22.9,0.0,Riyadh
2024-05-20,39.7,25.0,0.0,Riyadh
2024-05-21,40.8,28.3,0.0,Riyadh
2024-05-22,42.5,27.3,0.0,Riyadh
2024-05-23,40.8,27.9,0.0,Riyadh
2024-05-24,42.9,26.1,0.0,Riyadh
2024-05-25,43.4,27.3,0.0,Riyadh
2024-05-26,42.8,28.8,0.0,Riyadh
2024-05-27,41.2,28.7,0.0,Riyadh
2024-05-28,41.1,26.9,0.0,Riyadh
2024-05-29,41.7,26.8,0.0,Riyadh
2024-05-30,44.1,29.7,0.0,Riyadh
2024-05-31,44.2,28.5,0.0,Riyadh
2024-06-01,43.8,29.3,0.0,Riyadh
2024-06-02,42.5,28.8,0.0,Riyadh
2024-06-03,42.5,27.6,0.0,Riyadh
2024-06-04,44.1,28.9,0.0,Riyadh
2024-06-05,43.4,29.4,0.0,Riyadh
2024-06-06,45.0,28.6,0.0,Riyadh
2024-06-07,46.1,30.8,0.0,Riyadh
2024-06-08,44.4,29.2,0.0,Riyadh
2024-06-09,43.1,28.1,0.0,Riyadh
2024-06-10,44.0,28.9,0.0,Riyadh
2024-06-11,45.1,29.3,0.0,Riyadh
2024-06-12,43.7,29.6,0.0,Riyadh
2024-06-13,43.1,29.7,0.0,Riyadh
2024-06-14,42.7,29.9,0.0,Riyadh
2024-06-15,42.9,30.6,0.0,Riyadh
2024-06-16,43.5,28.5,0.0,Riyadh
2024-06-17,43.2,28.0,0.0,Riyadh
2024-06-18,43.9,27.6,0.0,Riyadh
2024-06-19,45.4,29.3,0.0,Riyadh
2024-06-20,44.7,30.5,0.0,Riyadh
2024-06-21,45.5,31.0,0.0,Riyadh
2024-06-22,45.6,30.9,0.0,Riyadh
2024-06-23,45.5,30.3,0.0,Riyadh
2024-06-24,44.9,30.5,0.0,Riyadh
2024-06-25,44.7,30.3,0.0,Riyadh
2024-06-26,43.4,30.4,0.0,Riyadh
2024-06-27,43.6,30.4,0.0,Riyadh
2024-06-28,43.2,30.3,0.0,Riyadh
2024-06-29,43.3,28.9,0.0,Riyadh
2024-06-30,43.8,28.4,0.0,Riyadh
2024-07-01,44.4,29.4,0.0,Riyadh
2024-07-02,43.5,30.6,0.0,Riyadh
2024-07-03,42.1,29.2,0.0,Riyadh
2024-07-04,41.7,29.8,0.0,Riyadh
2024-07-05,42.0,29.2,0.0,Riyadh
2024-07-06,42.3,31.6,0.0,Riyadh
2024-07-07,42.9,30.2,0.0,Riyadh
2024-07-08,43.1,28.4,0.0,Riyadh
2024-07-09,44.0,29.9,0.0,Riyadh
2024-07-10,45.2,30.1,0.0,Riyadh
2024-07-11,45.3,32.7,0.0,Riyadh
2024-07-12,47.6,31.9,0.0,Riyadh
2024-07-13,45.5,33.3,0.0,Riyadh
2024-07-14,43.7,32.1,0.0,Riyadh
2024-07-15,42.5,29.8,0.0,Riyadh
2024-07-16,43.1,29.9,0.0,Riyadh
2024-07-17,43.5,29.5,0.0,Riyadh
2024-07-18,43.9,31.1,0.0,Riyadh
2024-07-19,44.7,30.7,0.0,Riyadh
2024-07-20,45.4,31.2,0.0,Riyadh
2024-07-21,46.0,31.4,0.0,Riyadh
2024-07-22,44.5,30.9,0.0,Riyadh
2024-07-23,43.6,30.7,0.0,Riyadh
2024-07-24,43.6,31.4,0.0,Riyadh
2024-07-25,42.6,31.4,0.0,Riyadh
2024-07-26,42.4,30.9,0.0,Riyadh
2024-07-27,44.0,30.6,0.0,Riyadh
2024-07-28,42.7,30.7,0.0,Riyadh
2024-07-29,42.2,30.7,0.0,Riyadh
2024-07-30,43.1,30.5,0.0,Riyadh
2024-07-31,43.9,30.5,0.0,Riyadh
2024-08-01,44.0,30.8,0.0,Riyadh
2024-08-02,43.4,30.5,0.0,Riyadh
2024-08-03,42.6,30.3,0.0,Riyadh
2024-08-04,42.2,30.7,0.0,Riyadh
2024-08-05,41.4,29.8,0.0,Riyadh
2024-08-06,41.7,29.0,0.0,Riyadh
2024-08-07,42.8,30.9,0.0,Riyadh
2024-08-08,43.9,30.2,0.0,Riyadh
2024-08-09,43.4,30.1,0.0,Riyadh
2024-08-10,43.7,29.1,0.0,Riyadh
2024-08-11,44.1,29.3,0.0,Riyadh
2024-08-12,43.7,29.5,0.0,Riyadh
2024-08-13,44.9,29.4,0.0,Riyadh
2024-08-14,44.2,29.8,0.0,Riyadh
2024-08-15,44.9,30.6,0.0,Riyadh
2024-08-16,45.7,30.9,0.0,Riyadh
2024-08-17,45.4,30.5,0.0,Riyadh
2024-08-18,45.8,31.6,0.0,Riyadh
2024-08-19,45.3,30.8,0.0,Riyadh
2024-08-20,44.7,32.3,0.0,Riyadh
2024-08-21,43.1,31.0,0.0,Riyadh
2024-08-22,43.0,30.8,0.0,Riyadh
2024-08-23,43.6,30.4,0.0,Riyadh
2024-08-24,44.2,30.8,0.0,Riyadh
2024-08-25,43.6,29.5,0.0,Riyadh
2024-08-26,44.3,31.7,0.0,Riyadh
2024-08-27,45.0,30.9,0.0,Riyadh
2024-08-28,43.7,31.9,0.0,Riyadh
2024-08-29,42.9,32.0,0.0,Riyadh
2024-08-30,42.0,29.3,0.0,Riyadh
2024-08-31,40.6,29.0,0.0,Riyadh
2024-09-01,40.6,27.2,0.0,Riyadh
2024-09-02,40.7,27.4,0.0,Riyadh
2024-09-03,40.4,28.3,0.0,Riyadh
2024-09-04,39.9,27.6,0.0,Riyadh
2024-09-05,40.3,27.5,0.0,Riyadh
2024-09-06,41.1,27.4,0.0,Riyadh
2024-09-07,42.4,27.7,0.0,Riyadh
2024-09-08,41.5,28.1,0.0,Riyadh
2024-09-09,41.3,28.9,0.0,Riyadh
2024-09-10,42.9,27.2,0.0,Riyadh
2024-09-11,43.4,28.5,0.0,Riyadh
2024-09-12,43.5,28.6,0.0,Riyadh
2024-09-13,41.5,28.8,0.0,Riyadh
2024-09-14,40.5,27.8,0.0,Riyadh
2024-09-15,41.1,27.6,0.0,Riyadh
2024-09-16,41.7,27.1,0.0,Riyadh
2024-09-17,40.3,27.0,0.0,Riyadh
2024-09-18,39.3,26.8,0.0,Riyadh
2024-09-19,38.0,26.2,0.0,Riyadh
2024-09-20,38.1,25.9,0.0,Riyadh
2024-09-21,40.5,26.4,0.0,Riyadh
2024-09-22,39.5,26.2,0.0,Riyadh
2024-09-23,38.5,25.4,0.0,Riyadh
2024-09-24,38.0,24.9,0.0,Riyadh
2024-09-25,39.3,25.9,0.0,Riyadh
2024-09-26,38.7,25.8,0.0,Riyadh
2024-09-27,38.3,24.9,0.0,Riyadh
2024-09-28,38.4,25.3,0.0,Riyadh
2024-09-29,38.9,25.9,0.0,Riyadh
2024-09-30,39.4,25.3,0.0,Riyadh
2024-10-01,40.0,27.3,0.0,Riyadh
2024-10-02,39.4,28.4,0.0,Riyadh
2024-10-03,39.0,26.8,0.0,Riyadh
2024-10-04,36.9,25.3,0.0,Riyadh
2024-10-05,36.0,24.4,0.0,Riyadh
2024-10-06,35.9,25.4,0.0,Riyadh
2024-10-07,36.2,24.5,0.0,Riyadh
2024-10-08,34.0,22.9,0.0,Riyadh
2024-10-09,34.8,21.4,0.0,Riyadh
2024-10-10,36.4,23.2,0.0,Riyadh
2024-10-11,36.9,23.7,0.0,Riyadh
2024-10-12,38.8,23.1,0.0,Riyadh
2024-10-13,37.9,22.7,0.0,Riyadh
2024-10-14,36.6,22.1,0.0,Riyadh
2024-10-15,35.8,22.1,0.0,Riyadh
2024-10-16,35.6,22.4,0.0,Riyadh
2024-10-17,35.0,21.7,0.0,Riyadh
2024-10-18,35.7,20.3,0.0,Riyadh
2024-10-19,36.1,22.2,0.0,Riyadh
2024-10-20,36.6,22.3,0.0,Riyadh
2024-10-21,35.1,22.9,0.0,Riyadh
2024-10-22,31.9,19.8,0.0,Riyadh
2024-10-23,36.1,22.9,0.0,Riyadh
2024-10-24,30.8,19.9,0.0,Riyadh
2024-10-25,27.8,17.0,0.0,Riyadh
2024-10-26,28.1,15.6,0.8,Riyadh
2024-10-27,29.3,17.3,0.0,Riyadh
2024-10-28,29.0,18.5,0.0,Riyadh
2024-10-29,29.2,18.7,0.0,Riyadh
2024-10-30,30.7,19.1,0.0,Riyadh
2024-10-31,29.6,20.7,0.5,Riyadh
2024-11-01,29.2,21.0,2.3,Riyadh
2024-11-02,30.6,19.5,0.0,Riyadh
2024-11-03,32.0,19.1,0.0,Riyadh
2024-11-04,32.8,20.6,0.0,Riyadh
2024-11-05,31.9,19.7,0.0,Riyadh
2024-11-06,30.8,18.2,0.0,Riyadh
2024-11-07,30.6,17.9,0.0,Riyadh
2024-11-08,29.0,17.6,0.0,Riyadh
2024-11-09,29.8,17.6,0.0,Riyadh
2024-11-10,30.8,18.4,0.0,Riyadh
2024-11-11,30.3,18.2,0.0,Riyadh
2024-11-12,30.9,19.1,0.0,Riyadh
2024-11-13,31.3,20.8,0.0,Riyadh
2024-11-14,28.5,18.5,0.0,Riyadh
2024-11-15,27.1,18.0,0.0,Riyadh
2024-11-16,28.9,18.4,0.0,Riyadh
2024-11-17,29.8,19.5,0.0,Riyadh
2024-11-18,30.8,20.6,0.0,Riyadh
2024-11-19,31.0,20.2,0.0,Riyadh
2024-11-20,30.7,20.8,0.0,Riyadh
2024-11-21,29.4,20.1,0.0,Riyadh
2024-11-22,28.5,19.8,0.0,Riyadh
2024-11-23,26.2,18.3,0.0,Riyadh
2024-11-24,28.0,19.0,0.0,Riyadh
2024-11-25,29.8,21.0,0.0,Riyadh
2024-11-26,31.7,21.4,0.1,Riyadh
2024-11-27,28.3,17.4,0.0,Riyadh
2024-11-28,16.6,10.8,6.8,Riyadh
2024-11-29,18.6,10.4,0.0,Riyadh
2024-11-30,21.4,12.3,0.0,Riyadh
2024-12-01,21.0,12.4,0.0,Riyadh
2024-12-02,21.2,12.7,0.0,Riyadh
2024-12-03,21.0,12.7,0.0,Riyadh
2024-12-04,25.3,14.4,0.0,Riyadh
2024-12-05,27.6,16.7,0.0,Riyadh
2024-12-06,27.4,18.8,0.0,Riyadh
2024-12-07,27.1,18.0,0.0,Riyadh
2024-12-08,27.7,17.5,0.0,Riyadh
2024-12-09,28.0,17.5,0.0,Riyadh
2024-12-10,21.4,13.8,0.0,Riyadh
2024-12-11,20.8,10.8,0.0,Riyadh
2024-12-12,22.6,10.2,0.0,Riyadh
2024-12-13,24.3,11.9,0.0,Riyadh
2024-12-14,20.2,12.6,0.0,Riyadh
2024-12-15,15.4,9.1,0.0,Riyadh
2024-12-16,16.0,5.5,0.0,Riyadh
2024-12-17,21.7,7.8,0.0,Riyadh
2024-12-18,21.1,10.8,0.0,Riyadh
2024-12-19,20.2,9.5,0.0,Riyadh
2024-12-20,22.6,10.3,0.0,Riyadh
2024-12-21,20.6,13.4,0.0,Riyadh
2024-12-22,17.1,8.9,0.0,Riyadh
2024-12-23,18.6,7.0,0.0,Riyadh
2024-12-24,21.3,11.2,0.0,Riyadh
2024-12-25,23.6,12.6,0.0,Riyadh
2024-12-26,22.6,14.4,0.0,Riyadh
2024-12-27,24.0,14.4,0.0,Riyadh
2024-12-28,26.9,15.7,0.0,Riyadh
2024-12-29,24.0,13.9,0.0,Riyadh
2024-12-30,27.2,16.5,0.0,Riyadh
2024-12-31,20.3,14.5,0.0,Riyadh
2025-01-01,17.6,9.7,0.0,Riyadh
2025-01-02,15.9,8.4,0.0,Riyadh
2025-01-03,15.1,7.0,0.0,Riyadh
2025-01-04,17.2,5.6,0.0,Riyadh
2025-01-05,19.0,7.5,0.0,Riyadh
2025-01-06,19.3,9.3,0.0,Riyadh
2025-01-07,20.8,11.9,1.5,Riyadh
2025-01-08,15.2,8.9,0.0,Riyadh
2025-01-09,15.7,8.4,0.0,Riyadh
2025-01-10,19.2,8.1,0.0,Riyadh
2025-01-11,21.3,12.2,0.0,Riyadh
2025-01-12,18.8,13.9,0.7,Riyadh
2025-01-13,17.6,9.4,0.0,Riyadh
2025-01-14,17.9,8.3,0.0,Riyadh
2025-01-15,20.8,7.7,0.0,Riyadh
2025-01-16,23.5,10.2,0.0,Riyadh
2025-01-17,21.2,14.0,0.0,Riyadh
2025-01-18,19.5,10.7,0.0,Riyadh
2025-01-19,19.6,10.6,0.0,Riyadh
2025-01-20,20.2,10.9,0.0,Riyadh
2025-01-21,21.1,10.4,0.0,Riyadh
2025-01-22,18.2,8.2,0.0,Riyadh
2025-01-23,18.9,9.4,0.0,Riyadh
2025-01-24,20.4,11.2,0.0,Riyadh
2025-01-25,22.5,12.6,0.3,Riyadh
2025-01-26,20.2,13.6,2.6,Riyadh
2025-01-27,20.1,11.9,0.4,Riyadh
2025-01-28,19.8,12.3,0.0,Riyadh
2025-01-29,19.4,11.2,0.0,Riyadh
2025-01-30,18.6,10.0,0.0,Riyadh
2025-01-31,18.0,9.1,0.0,Riyadh
2025-02-01,22.4,7.9,0.0,Riyadh
2025-02-02,19.1,11.0,0.0,Riyadh
2025-02-03,19.0,8.6,0.0,Riyadh
2025-02-04,23.7,10.1,0.0,Riyadh
2025-02-05,26.0,11.1,0.0,Riyadh
2025-02-06,28.9,18.2,0.0,Riyadh
2025-02-07,22.8,13.9,0.0,Riyadh
2025-02-08,20.7,9.3,0.0,Riyadh
2025-02-09,18.8,10.2,0.0,Riyadh
2025-02-10,21.0,10.6,0.0,Riyadh
2025-02-11,23.6,12.5,0.0,Riyadh
2025-02-12,26.7,16.3,0.0,Riyadh
2025-02-13,21.6,16.3,9.1,Riyadh
2025-02-14,23.0,15.5,2.4,Riyadh
2025-02-15,15.2,11.4,11.8,Riyadh
2025-02-16,19.5,10.9,1.8,Riyadh
2025-02-17,21.8,13.5,0.5,Riyadh
2025-02-18,17.9,13.0,1.2,Riyadh
2025-02-19,18.3,11.3,3.7,Riyadh
2025-02-20,24.6,11.9,1.0,Riyadh
2025-02-21,22.8,12.6,0.0,Riyadh
2025-02-22,28.7,13.9,0.0,Riyadh
2025-02-23,22.7,14.4,0.0,Riyadh
2025-02-24,20.9,11.2,0.2,Riyadh
2025-02-25,13.5,7.0,0.0,Riyadh
2025-02-26,17.0,6.6,0.0,Riyadh
2025-02-27,18.8,10.0,0.0,Riyadh
2025-02-28,18.2,8.4,0.0,Riyadh
2025-03-01,22.9,10.9,0.0,Riyadh
2025-03-02,20.9,10.5,0.0,Riyadh
2025-03-03,20.6,10.6,0.0,Riyadh
2025-03-04,22.4,12.0,2.2,Riyadh
2025-03-05,27.7,14.8,0.0,Riyadh
2025-03-06,27.5,18.6,0.9,Riyadh
2025-03-07,28.3,19.4,2.1,Riyadh
2025-03-08,26.8,18.5,3.0,Riyadh
2025-03-09,26.8,16.0,0.0,Riyadh
2025-03-10,26.2,17.2,0.1,Riyadh
2025-03-11,27.6,16.8,0.0,Riyadh
2025-03-12,25.8,15.7,0.0,Riyadh
2025-03-13,26.5,17.2,0.1,Riyadh
2025-03-14,28.1,16.9,0.0,Riyadh
2025-03-15,28.3,17.4,0.0,Riyadh
2025-03-16,24.7,16.7,1.1,Riyadh
2025-03-17,29.0,17.6,0.0,Riyadh
2025-03-18,31.8,19.3,0.0,Riyadh
2025-03-19,35.3,21.2,0.0,Riyadh
2025-03-20,33.7,25.5,0.4,Riyadh
2025-03-21,28.1,21.2,4.0,Riyadh
2025-03-22,28.3,19.4,6.6,Riyadh
2025-03-23,20.3,15.3,0.0,Riyadh
2025-03-24,21.8,12.7,0.0,Riyadh
2025-03-25,23.6,12.7,0.0,Riyadh
2025-03-26,25.0,14.1,0.0,Riyadh
2025-03-27,28.2,15.4,0.0,Riyadh
2025-03-28,30.6,18.1,0.0,Riyadh
2025-03-29,32.4,20.1,0.0,Riyadh
2025-03-30,33.0,22.0,0.0,Riyadh
2025-03-31,35.5,23.3,0.0,Riyadh
2025-04-01,36.3,24.1,0.0,Riyadh
2025-04-02,38.5,26.0,0.0,Riyadh
2025-04-03,38.4,27.9,0.0,Riyadh
2025-04-04,37.5,25.9,0.0,Riyadh
2025-04-05,38.1,27.3,0.0,Riyadh
2025-04-06,34.9,25.9,0.0,Riyadh
2025-04-07,35.3,24.4,0.0,Riyadh
2025-04-08,35.4,23.3,0.0,Riyadh
2025-04-09,38.4,25.5,0.0,Riyadh
2025-04-10,39.4,28.1,0.0,Riyadh
2025-04-11,36.6,26.3,0.0,Riyadh
2025-04-12,35.9,26.4,0.0,Riyadh
2025-04-13,31.8,20.8,0.0,Riyadh
2025-04-14,35.5,22.9,0.0,Riyadh
2025-04-15,30.6,19.8,0.0,Riyadh
2025-04-16,30.7,20.1,0.0,Riyadh
2025-04-17,29.9,18.5,0.0,Riyadh
2025-04-18,30.5,19.9,0.0,Riyadh
2025-04-19,31.9,22.1,0.0,Riyadh
2025-04-20,32.6,24.1,0.0,Riyadh
2025-04-21,35.8,24.5,0.0,Riyadh
2025-04-22,38.7,26.7,0.0,Riyadh
2025-04-23,37.9,26.3,0.0,Riyadh
2025-04-24,39.0,26.3,0.0,Riyadh
2025-04-25,39.7,28.3,0.0,Riyadh
2025-04-26,39.8,29.0,0.0,Riyadh
2025-04-27,40.5,29.9,0.0,Riyadh
2025-04-28,40.5,29.6,0.0,Riyadh
2025-04-29,39.7,29.6,0.0,Riyadh
2025-04-30,38.3,27.3,0.0,Riyadh
2025-05-01,38.4,27.8,0.0,Riyadh
2025-05-02,40.0,29.3,0.0,Riyadh
2025-05-03,40.7,30.8,0.0,Riyadh
2025-05-04,40.6,30.8,0.0,Riyadh
2025-05-05,38.5,30.3,0.0,Riyadh
2025-05-06,33.9,25.9,0.0,Riyadh
2025-05-07,34.9,23.9,0.0,Riyadh
2025-05-08,35.3,24.6,0.0,Riyadh
2025-05-09,37.7,26.3,0.0,Riyadh
2025-05-10,39.0,28.0,0.0,Riyadh
2025-05-11,40.3,29.1,0.0,Riyadh
2025-05-12,41.8,29.2,0.0,Riyadh
2025-05-13,42.3,31.0,0.0,Riyadh
2025-05-14,39.0,28.9,0.0,Riyadh
2025-05-15,40.2,28.9,0.0,Riyadh
2025-05-16,38.3,30.4,0.0,Riyadh
2025-05-17,36.0,26.1,0.0,Riyadh
2025-05-18,38.0,26.3,0.0,Riyadh
2025-05-19,41.1,27.7,0.0,Riyadh
2025-05-20,42.4,29.9,0.0,Riyadh
2025-05-21,43.3,31.4,0.0,Riyadh
2025-05-22,43.8,32.1,0.0,Riyadh
2025-05-23,44.1,32.2,0.0,Riyadh
2025-05-24,43.7,32.6,0.0,Riyadh
2025-05-25,42.7,30.7,0.0,Riyadh
2025-05-26,41.2,30.6,0.0,Riyadh
2025-05-27,42.1,30.6,0.0,Riyadh
2025-05-28,44.0,31.7,0.0,Riyadh
2025-05-29,43.8,32.0,0.0,Riyadh
2025-05-30,41.3,29.4,0.0,Riyadh
2025-05-31,39.8,28.9,0.0,Riyadh
2025-06-01,41.9,29.6,0.0,Riyadh
2025-06-02,42.6,30.4,0.0,Riyadh
2025-06-03,39.3,29.6,0.0,Riyadh
2025-06-04,38.5,28.9,0.0,Riyadh
2025-06-05,39.8,29.5,0.0,Riyadh
2025-06-06,38.8,28.3,0.0,Riyadh
2025-06-07,39.8,28.8,0.0,Riyadh
2025-06-08,40.8,29.8,0.0,Riyadh
2025-06-09,42.4,29.0,0.0,Riyadh
2025-06-10,44.3,31.9,0.0,Riyadh
2025-06-11,44.0,31.0,0.0,Riyadh
2025-06-12,43.9,31.4,0.0,Riyadh
2025-06-13,45.1,31.9,0.0,Riyadh
2025-06-14,44.2,32.3,0.0,Riyadh
2025-06-15,44.3,32.4,0.0,Riyadh
2025-06-16,45.5,32.5,0.0,Riyadh
2025-06-17,45.1,32.6,0.0,Riyadh
2025-06-18,42.5,32.1,0.0,Riyadh
2025-06-19,41.1,30.4,0.0,Riyadh
2025-06-20,40.9,29.9,0.0,Riyadh
2025-06-21,41.0,29.9,0.0,Riyadh
2025-06-22,41.1,29.8,0.0,Riyadh
2025-06-23,41.7,30.3,0.0,Riyadh
2025-06-24,43.1,31.2,0.0,Riyadh
2025-06-25,42.6,31.8,0.0,Riyadh
2025-06-26,42.1,31.2,0.0,Riyadh
2025-06-27,42.8,31.6,0.0,Riyadh
2025-06-28,43.7,31.6,0.0,Riyadh
2025-06-29,43.1,33.0,0.0,Riyadh
2025-06-30,41.7,32.5,0.0,Riyadh
2025-07-01,41.8,32.6,0.0,Riyadh
2025-07-02,41.0,31.0,0.0,Riyadh
2025-07-03,41.4,31.2,0.0,Riyadh
2025-07-04,41.0,32.0,0.0,Riyadh
2025-07-05,40.8,31.8,0.0,Riyadh
2025-07-06,38.8,29.9,0.0,Riyadh
2025-07-07,39.7,28.7,0.0,Riyadh
2025-07-08,40.8,29.4,0.0,Riyadh
2025-07-09,41.4,30.0,0.0,Riyadh
2025-07-10,42.5,30.0,0.0,Riyadh
2025-07-11,42.3,31.6,0.0,Riyadh
2025-07-12,43.0,31.4,0.0,Riyadh
2025-07-13,43.9,32.3,0.0,Riyadh
2025-07-14,44.9,33.0,0.0,Riyadh
2025-07-15,44.7,33.2,0.0,Riyadh
2025-07-16,44.6,33.1,0.0,Riyadh
2025-07-17,44.5,34.4,0.0,Riyadh
2025-07-18,43.7,33.3,0.0,Riyadh
2025-07-19,43.1,32.7,0.0,Riyadh
2025-07-20,42.5,31.7,0.0,Riyadh
2025-07-21,43.6,31.1,0.0,Riyadh
2025-07-22,44.0,32.4,0.0,Riyadh
2025-07-23,44.2,32.6,0.0,Riyadh
2025-07-24,43.4,32.8,0.0,Riyadh
2025-07-25,44.0,32.0,0.0,Riyadh
2025-07-26,44.4,32.6,0.0,Riyadh
2025-07-27,44.8,33.7,0.0,Riyadh
2025-07-28,45.6,33.5,0.0,Riyadh
2025-07-29,45.6,33.3,0.0,Riyadh
2025-07-30,46.2,33.3,0.0,Riyadh
2025-07-31,44.4,33.6,0.0,Riyadh
2025-08-01,44.0,32.8,0.0,Riyadh
2025-08-02,44.2,33.0,0.0,Riyadh
2025-08-03,44.0,33.2,0.0,Riyadh
2025-08-04,43.9,33.9,0.0,Riyadh
2025-08-05,43.8,33.2,0.0,Riyadh
2025-08-06,43.7,32.8,0.0,Riyadh
2025-08-07,43.8,32.5,0.0,Riyadh
2025-08-08,45.0,34.4,0.0,Riyadh
2025-08-09,44.5,36.9,0.0,Riyadh
2025-08-10,43.7,33.7,0.0,Riyadh
2025-08-11,45.2,34.5,0.0,Riyadh
2025-08-12,44.0,35.1,0.0,Riyadh
2025-08-13,44.2,34.2,0.0,Riyadh
2025-08-14,44.2,33.7,0.0,Riyadh
2025-08-15,43.2,31.7,0.0,Riyadh
2025-08-16,43.7,32.1,0.0,Riyadh
2025-08-17,42.8,32.0,0.0,Riyadh
2025-08-18,43.1,32.4,0.0,Riyadh
2025-08-19,42.1,32.2,0.0,Riyadh
2025-08-20,41.4,31.3,0.0,Riyadh
2025-08-21,42.3,31.2,0.0,Riyadh
2025-08-22,42.1,31.6,0.0,Riyadh
2025-08-23,42.4,30.5,0.0,Riyadh
2025-08-24,41.9,31.1,0.0,Riyadh
2025-08-25,42.4,31.0,0.0,Riyadh
2025-08-26,42.4,31.4,0.0,Riyadh
2025-08-27,40.9,32.1,0.0,Riyadh
2025-08-28,41.0,31.4,0.0,Riyadh
2025-08-29,42.0,31.0,0.0,Riyadh
2025-08-30,41.7,31.3,0.0,Riyadh
2025-08-31,42.0,31.2,0.0,Riyadh
2025-09-01,41.2,30.7,0.0,Riyadh
2025-09-02,41.0,30.8,0.0,Riyadh
2025-09-03,42.0,31.1,0.0,Riyadh
2025-09-04,41.4,29.4,0.0,Riyadh
2025-09-05,40.8,30.1,0.0,Riyadh
2025-09-06,39.9,30.3,0.0,Riyadh
2025-09-07,41.3,31.1,0.0,Riyadh
2025-09-08,41.8,29.7,0.0,Riyadh
2025-09-09,43.0,31.5,0.0,Riyadh
2025-09-10,42.1,31.1,0.0,Riyadh
2025-09-11,41.9,30.9,0.0,Riyadh
2025-09-12,42.3,31.1,0.0,Riyadh
2025-09-13,40.6,30.7,0.0,Riyadh
2025-09-14,38.9,29.3,0.0,Riyadh
2025-09-15,39.3,27.4,0.0,Riyadh
2025-09-16,39.3,27.4,0.0,Riyadh
2025-09-17,40.5,27.6,0.0,Riyadh
2025-09-18,41.4,27.9,0.0,Riyadh
2025-09-19,42.9,32.3,0.0,Riyadh
2025-09-20,42.8,30.5,0.0,Riyadh
2025-09-21,42.5,30.4,0.0,Riyadh
2025-09-22,40.0,30.0,0.0,Riyadh
2025-09-23,38.8,28.6,0.0,Riyadh
2025-09-24,37.4,27.9,0.0,Riyadh
2025-09-25,39.5,27.4,0.0,Riyadh
2025-09-26,41.5,29.2,0.0,Riyadh
2025-09-27,40.5,29.3,0.0,Riyadh
2025-09-28,40.0,30.1,0.0,Riyadh
2025-09-29,38.7,28.6,0.0,Riyadh
2025-09-30,39.2,27.8,0.0,Riyadh
2025-10-01,38.4,27.9,0.0,Riyadh
2025-10-02,35.5,26.1,0.0,Riyadh
2025-10-03,35.0,25.7,0.0,Riyadh
2025-10-04,34.7,24.1,0.0,Riyadh
2025-10-05,34.7,24.0,0.0,Riyadh
2025-10-06,34.9,23.4,0.0,Riyadh
2025-10-07,35.3,22.5,0.0,Riyadh
2025-10-08,35.0,23.2,0.0,Riyadh
2025-10-09,35.8,22.7,0.0,Riyadh
2025-10-10,36.3,24.2,0.0,Riyadh
2025-10-11,34.6,24.8,0.0,Riyadh
2025-10-12,34.2,24.3,0.0,Riyadh
2025-10-13,35.7,24.1,0.0,Riyadh
2025-10-14,33.9,24.1,0.0,Riyadh
2025-10-15,33.4,22.9,0.0,Riyadh
2025-10-16,32.8,22.5,0.0,Riyadh
2025-10-17,33.2,22.1,0.0,Riyadh
2025-10-18,33.7,23.6,0.0,Riyadh
2025-10-19,34.2,23.6,0.0,Riyadh
2025-10-20,33.6,23.0,0.0,Riyadh
2025-10-21,33.2,23.0,0.0,Riyadh
2025-10-22,32.7,22.3,0.0,Riyadh
2025-10-23,32.2,21.1,0.0,Riyadh
2025-10-24,32.6,20.8,0.0,Riyadh
2025-10-25,33.3,21.2,0.0,Riyadh
2025-10-26,33.4,22.0,0.0,Riyadh
2025-10-27,33.0,20.6,0.0,Riyadh
2025-10-28,32.4,21.1,0.0,Riyadh
2025-10-29,32.2,20.6,0.0,Riyadh
2025-10-30,32.3,20.2,0.0,Riyadh
2025-10-31,30.6,20.1,0.0,Riyadh
2025-11-01,30.5,19.2,0.0,Riyadh
2025-11-02,30.3,19.5,0.0,Riyadh
2025-11-03,29.8,19.0,0.0,Riyadh
2025-11-04,29.4,17.2,0.0,Riyadh
2025-11-05,29.0,16.0,0.0,Riyadh
2025-11-06,29.2,15.7,0.0,Riyadh
2025-11-07,29.5,15.9,0.0,Riyadh
2025-11-08,29.7,16.1,0.0,Riyadh
2025-11-09,28.8,16.6,0.0,Riyadh
2025-11-10,27.5,16.9,0.0,Riyadh
2025-11-11,27.1,15.6,0.0,Riyadh
2025-11-12,27.6,17.0,0.0,Riyadh
2025-11-13,27.3,16.2,0.0,Riyadh
2025-11-14,28.0,16.8,0.0,Riyadh
2025-11-15,28.8,18.9,0.0,Riyadh
2025-11-16,28.1,19.6,0.0,Riyadh
2025-11-17,28.3,19.9,0.0,Riyadh
2025-11-18,27.5,19.6,0.0,Riyadh
2025-11-19,27.3,17.4,0.0,Riyadh
2025-11-20,28.1,17.6,0.0,Riyadh
2025-11-21,27.5,17.5,0.0,Riyadh
2025-11-22,25.5,16.0,0.0,Riyadh
2025-11-23,24.4,13.6,0.0,Riyadh
2025-11-24,26.0,13.5,0.0,Riyadh
2025-11-25,24.8,14.3,0.0,Riyadh
2025-11-26,25.3,15.4,0.0,Riyadh
2025-11-27,26.9,15.1,0.0,Riyadh
2025-11-28,26.9,15.7,0.0,Riyadh
2025-11-29,27.1,15.3,0.0,Riyadh
2025-11-30,27.4,15.2,0.0,Riyadh
2025-12-01,27.5,15.7,0.0,Riyadh
2025-12-02,26.8,17.3,0.0,Riyadh
2025-12-03,25.5,15.6,0.0,Riyadh
2025-12-04,23.5,15.6,0.1,Riyadh
2025-12-05,24.3,16.0,0.0,Riyadh
2025-12-06,24.5,15.9,0.0,Riyadh
2025-12-07,24.5,16.2,0.0,Riyadh
2025-12-08,24.5,16.6,0.0,Riyadh
2025-12-09,25.7,17.1,0.0,Riyadh
2025-12-10,25.9,18.1,0.0,Riyadh
2025-12-11,26.7,18.5,0.0,Riyadh
2025-12-12,24.4,15.7,0.2,Riyadh
2025-12-13,22.3,15.2,0.9,Riyadh
2025-12-14,21.0,14.1,0.6,Riyadh
2025-12-15,17.8,11.9,6.4,Riyadh
2025-12-16,16.6,11.0,0.9,Riyadh
2025-12-17,18.8,11.3,0.1,Riyadh
2025-12-18,12.8,7.0,7.0,Riyadh
2025-12-19,13.8,6.9,0.0,Riyadh
2025-12-20,15.9,6.8,0.0,Riyadh
2025-12-21,16.9,6.1,0.0,Riyadh
2025-12-22,17.5,8.6,0.0,Riyadh
2025-12-23,18.8,10.1,0.0,Riyadh
2025-12-24,23.0,10.5,0.0,Riyadh
2025-12-25,21.0,11.4,0.0,Riyadh
2025-12-26,20.9,12.9,0.0,Riyadh
2025-12-27,24.4,14.0,0.0,Riyadh
2025-12-28,25.3,16.5,0.0,Riyadh
2025-12-29,22.1,11.9,0.0,Riyadh
2025-12-30,20.9,13.2,0.0,Riyadh
2025-12-31,18.7,9.3,0.0,Riyadh
2026-01-01,24.3,10.7,0.0,Riyadh
2026-01-02,27.0,13.3,0.0,Riyadh
2026-01-03,26.0,13.4,0.0,Riyadh
2026-01-04,18.4,11.1,0.0,Riyadh
2026-01-05,18.9,8.2,0.0,Riyadh
2026-01-06,20.9,8.5,0.0,Riyadh
2026-01-07,22.1,9.7,0.0,Riyadh
2026-01-08,22.1,10.1,0.0,Riyadh
2026-01-09,23.0,10.5,0.0,Riyadh
2026-01-10,19.9,14.2,0.6,Riyadh
2026-01-11,18.4,9.3,0.0,Riyadh
2026-01-12,21.7,10.5,0.0,Riyadh
2026-01-13,26.2,12.2,0.0,Riyadh
2026-01-14,22.6,15.3,0.0,Riyadh
2026-01-15,18.4,9.9,5.0,Riyadh
2026-01-16,15.4,8.0,0.0,Riyadh
2026-01-17,19.0,9.8,0.0,Riyadh
2026-01-18,23.2,10.1,0.0,Riyadh
2026-01-19,23.6,15.4,0.0,Riyadh
2026-01-20,21.3,11.4,0.0,Riyadh
2026-01-21,14.9,6.9,0.0,Riyadh
2026-01-22,14.5,4.9,0.0,Riyadh
2026-01-23,20.5,7.1,0.0,Riyadh
2026-01-24,24.5,13.5,0.0,Riyadh
2026-01-25,19.8,11.0,0.0,Riyadh
2026-01-26,17.7,7.7,0.0,Riyadh
2026-01-27,19.7,9.0,0.0,Riyadh
2026-01-28,25.0,11.9,0.0,Riyadh
2026-01-29,21.6,13.0,0.0,Riyadh
2026-01-30,21.8,10.9,0.0,Riyadh
2026-01-31,27.1,12.8,0.0,Riyadh
2026-02-01,28.7,16.0,0.0,Riyadh
2026-02-02,28.4,16.5,0.0,Riyadh
2026-02-03,29.1,18.3,0.0,Riyadh
2026-02-04,23.1,16.0,0.0,Riyadh
2026-02-05,21.2,12.8,0.0,Riyadh
2026-02-06,21.9,13.9,1.3,Riyadh
2026-02-07,25.1,17.1,1.3,Riyadh
2026-02-08,27.9,16.6,0.0,Riyadh
2026-02-09,29.2,16.3,0.0,Riyadh
2026-02-10,31.3,18.2,0.0,Riyadh
2026-02-11,31.7,21.7,0.0,Riyadh
2026-02-12,31.2,19.9,0.0,Riyadh
2026-02-13,31.4,19.9,0.0,Riyadh
2026-02-14,31.0,20.0,0.0,Riyadh
2026-02-15,26.7,18.4,0.0,Riyadh
2026-02-16,23.7,13.7,0.0,Riyadh
2026-02-17,25.3,13.1,0.0,Riyadh
2026-02-18,26.4,14.3,0.0,Riyadh
2026-02-19,27.8,15.9,0.0,Riyadh
2026-02-20,27.0,15.4,0.0,Riyadh
2026-02-21,26.9,14.8,0.0,Riyadh
2026-02-22,28.3,15.8,0.0,Riyadh
2026-02-23,28.9,17.1,0.0,Riyadh
2026-02-24,30.2,18.7,0.0,Riyadh
2026-02-25,23.4,15.7,0.0,Riyadh
2026-02-26,24.6,14.0,0.0,Riyadh
2026-02-27,29.1,16.6,0.0,Riyadh
2026-02-28,28.8,17.0,0.0,Riyadh
2026-03-01,24.6,15.0,0.0,Riyadh
2026-03-02,23.4,14.3,0.0,Riyadh
2026-03-03,17.5,10.0,9.8,Riyadh
2026-03-04,16.9,9.5,0.0,Riyadh
2026-03-05,20.0,8.8,0.0,Riyadh
2026-03-06,22.1,13.0,0.0,Riyadh
2026-03-07,23.8,14.5,1.2,Riyadh
2026-03-08,28.2,15.6,2.0,Riyadh
2026-03-09,22.9,15.5,0.5,Riyadh
2026-03-10,18.2,11.9,19.0,Riyadh
2026-03-11,23.2,12.6,0.0,Riyadh
2026-03-12,25.9,16.9,3.5,Riyadh
2026-03-13,30.9,16.7,0.1,Riyadh
2026-03-14,29.3,19.2,0.0,Riyadh
2026-03-15,33.2,20.4,0.0,Riyadh
2026-03-16,36.0,25.5,0.0,Riyadh
2026-03-17,27.9,20.0,0.3,Riyadh
2026-03-18,27.3,18.9,0.0,Riyadh
2026-03-19,25.4,19.5,1.4,Riyadh
2026-03-20,28.7,21.1,0.1,Riyadh
2026-03-21,29.0,18.5,0.0,Riyadh
2026-03-22,30.6,21.5,0.1,Riyadh
2026-03-23,29.0,19.9,0.0,Riyadh
2026-03-24,27.4,20.0,0.9,Riyadh
2026-03-25,30.4,19.7,0.0,Riyadh
2026-03-26,25.7,19.5,1.4,Riyadh
2026-03-27,22.4,14.8,0.0,Riyadh
2026-03-28,25.8,14.5,0.0,Riyadh
2026-03-29,29.3,17.2,0.0,Riyadh
2026-03-30,33.0,21.4,0.2,Riyadh
2026-03-31,31.4,21.2,0.0,Riyadh
2026-04-01,29.9,20.0,0.1,Riyadh
2026-04-02,29.0,18.4,0.0,Riyadh
2026-04-03,33.6,22.2,0.0,Riyadh
2026-04-04,36.2,23.2,0.3,Riyadh
2026-04-05,28.2,21.1,2.1,Riyadh
2026-04-06,28.7,19.9,0.0,Riyadh
2026-04-07,28.2,19.1,0.0,Riyadh
2026-04-08,31.7,20.6,0.0,Riyadh
2026-04-09,29.3,20.5,0.0,Riyadh
2026-04-10,28.2,16.7,0.0,Riyadh
2026-04-11,29.3,19.7,13.7,Riyadh
2026-04-12,29.2,19.5,0.0,Riyadh
2026-04-13,29.5,19.3,5.4,Riyadh
2026-04-14,30.5,18.5,1.1,Riyadh
2026-04-15,26.1,17.8,6.3,Riyadh
2026-04-16,28.2,19.4,0.0,Riyadh
2026-04-17,29.8,20.6,0.1,Riyadh
2026-04-18,33.7,23.3,0.0,Riyadh
2026-04-19,37.1,24.9,0.0,Riyadh
2026-04-20,33.3,24.4,0.0,Riyadh
2026-04-21,33.9,24.3,0.1,Riyadh
2026-04-22,30.7,22.0,1.2,Riyadh
2026-04-23,28.2,19.8,1.9,Riyadh
2026-04-24,32.0,18.6,0.4,Riyadh
2026-04-25,31.6,21.1,0.6,Riyadh
2026-04-26,33.8,20.9,0.0,Riyadh
2026-04-27,37.1,26.9,0.0,Riyadh
2026-04-28,36.1,27.8,0.0,Riyadh
2026-04-29,30.2,25.6,5.7,Riyadh
2026-04-30,33.1,22.1,0.0,Riyadh
2026-05-01,34.5,23.0,0.0,Riyadh
2026-05-02,38.6,25.0,0.0,Riyadh
2026-05-03,38.3,26.5,0.0,Riyadh
2026-05-04,40.4,26.9,0.0,Riyadh
2026-05-05,41.2,29.5,0.0,Riyadh
2026-05-06,36.8,28.6,0.0,Riyadh
2026-05-07,37.2,27.3,0.0,Riyadh
2026-05-08,35.8,26.7,0.0,Riyadh
2026-05-09,36.8,24.6,0.0,Riyadh
2026-05-10,36.8,25.9,0.0,Riyadh
2026-05-11,40.4,28.0,0.0,Riyadh
2026-05-12,41.4,31.0,0.0,Riyadh
2026-05-13,39.6,29.1,0.0,Riyadh
2026-05-14,39.1,28.2,0.0,Riyadh
2026-05-15,39.1,27.7,0.0,Riyadh
2026-05-16,41.7,28.7,0.0,Riyadh
2026-05-17,35.1,24.9,0.0,Riyadh
2026-05-18,36.2,24.1,0.0,Riyadh
2026-05-19,42.0,28.3,0.0,Riyadh
2026-05-20,39.4,30.6,0.0,Riyadh
2026-05-21,42.7,28.4,0.0,Riyadh
2026-05-22,38.9,28.4,0.0,Riyadh
2026-05-23,40.1,26.5,0.0,Riyadh
2026-05-24,42.5,27.6,0.0,Riyadh
2026-05-25,42.1,30.8,0.0,Riyadh
2026-05-26,41.9,28.5,0.0,Riyadh
2026-05-27,42.8,30.5,0.0,Riyadh
2026-05-28,42.9,30.8,0.0,Riyadh
2026-05-29,43.9,32.0,0.0,Riyadh
2026-05-30,41.5,29.2,0.0,Riyadh
2026-05-31,41.5,28.0,0.0,Riyadh
2026-06-01,42.9,29.1,0.0,Riyadh
2026-06-02,44.0,31.7,0.0,Riyadh
2026-06-03,44.4,32.2,0.0,Riyadh
2026-06-04,43.0,32.1,0.0,Riyadh
2026-06-05,42.8,31.4,0.0,Riyadh
2026-06-06,43.9,30.4,0.0,Riyadh
2026-06-07,44.2,32.3,0.0,Riyadh
2026-06-08,43.2,32.2,0.0,Riyadh
2026-06-09,44.4,30.8,0.0,Riyadh
2026-06-10,44.8,33.2,0.0,Riyadh
2026-06-11,43.6,32.3,0.0,Riyadh
2026-06-12,43.7,31.2,0.0,Riyadh
2026-06-13,43.6,32.0,0.0,Riyadh
2026-06-14,44.1,31.9,0.0,Riyadh
2026-06-15,44.9,31.7,0.0,Riyadh
2026-06-16,41.9,31.3,0.0,Riyadh
2026-06-17,41.4,30.0,0.0,Riyadh
2026-06-18,42.4,30.7,0.0,Riyadh
2026-06-19,42.7,31.9,0.0,Riyadh
2026-06-20,43.2,30.3,0.0,Riyadh
2026-06-21,43.7,32.0,0.0,Riyadh
2026-06-22,44.4,31.3,0.0,Riyadh
2026-06-23,45.4,33.4,0.0,Riyadh
2026-06-24,45.1,32.6,0.0,Riyadh
2026-06-25,43.7,32.1,0.0,Riyadh
2026-06-26,43.6,31.6,0.0,Riyadh
2026-06-27,44.1,32.2,0.0,Riyadh
2026-06-28,42.7,32.3,0.0,Riyadh
2026-06-29,42.2,31.2,0.0,Riyadh
2026-06-30,41.9,31.4,0.0,Riyadh
2026-07-01,42.5,30.9,0.0,Riyadh
2026-07-02,43.1,31.1,0.0,Riyadh
2026-07-03,43.3,31.6,0.0,Riyadh
2026-07-04,44.6,31.9,0.0,Riyadh
2026-07-05,43.1,31.6,0.0,Riyadh
2026-07-06,42.8,31.0,0.0,Riyadh
2026-07-07,42.7,31.7,0.0,Riyadh
2026-07-08,42.5,31.2,0.0,Riyadh
2026-07-09,42.2,31.5,0.0,Riyadh
2026-07-10,41.8,31.0,0.0,Riyadh
2026-07-11,41.2,30.6,0.0,Riyadh
2026-07-12,41.2,29.8,0.0,Riyadh
2026-07-13,42.9,30.6,0.0,Riyadh
2026-07-14,44.9,32.2,0.0,Riyadh
2026-07-15,45.2,34.0,0.0,Riyadh
2026-07-16,45.0,33.7,0.0,Riyadh
2026-07-17,45.0,32.9,0.0,Riyadh
2026-07-18,45.1,33.6,0.0,Riyadh
2026-07-19,45.2,32.4,0.0,Riyadh
2026-07-20,45.3,33.3,0.0,Riyadh
2026-07-21,44.2,33.3,0.0,Riyadh
2026-07-22,45.3,33.7,0.0,Riyadh
2026-07-23,44.8,33.9,0.0,Riyadh
2026-07-24,43.1,32.7,0.0,Riyadh
2026-07-25,42.9,32.0,0.0,Riyadh
2026-07-26,42.6,31.9,0.0,Riyadh
2026-07-27,40.3,31.0,0.0,Riyadh
2026-07-28,40.7,31.3,0.0,Riyadh
2026-07-29,41.9,31.3,0.0,Riyadh
2026-07-30,43.2,31.1,0.0,Riyadh
2026-07-31,44.3,31.5,0.0,Riyadh
2026-08-01,45.3,32.1,0.0,Riyadh
2026-08-02,45.7,32.5,0.0,Riyadh
2026-08-03,45.4,33.3,0.0,Riyadh
2026-08-04,45.3,34.5,0.0,Riyadh
2026-08-05,45.5,33.2,0.0,Riyadh
2026-08-06,45.4,34.8,0.0,Riyadh
2026-08-07,45.2,32.7,0.0,Riyadh
2026-08-08,45.7,35.1,0.0,Riyadh
2026-08-09,45.0,36.0,0.0,Riyadh
2026-08-10,44.6,35.5,0.0,Riyadh
2026-08-11,43.9,35.8,0.0,Riyadh
2026-08-12,44.5,33.8,0.0,Riyadh
2026-08-13,45.5,34.1,0.0,Riyadh
2026-08-14,45.9,34.3,0.0,Riyadh
2026-08-15,45.7,33.7,0.0,Riyadh
2026-08-16,45.6,34.6,0.0,Riyadh
2026-08-17,46.2,34.5,0.0,Riyadh
2026-08-18,45.8,33.6,0.0,Riyadh
2026-08-19,45.0,34.5,0.0,Riyadh
2026-08-20,42.5,33.3,0.0,Riyadh
2026-08-21,42.1,31.2,0.0,Riyadh
2026-08-22,42.0,30.7,0.0,Riyadh
2026-08-23,42.8,30.5,0.0,Riyadh
2026-08-24,43.3,33.0,0.0,Riyadh
2026-08-25,44.4,33.3,0.0,Riyadh
2026-08-26,44.4,32.2,0.0,Riyadh
2026-08-27,44.2,32.6,0.0,Riyadh
2026-08-28,45.0,33.0,0.0,Riyadh
2026-08-29,44.8,33.5,0.0,Riyadh
2026-08-30,45.5,33.9,0.0,Riyadh
2026-08-31,44.6,33.6,0.0,Riyadh
2016-01-01,29.6,17.1,0.0,Dubai
2016-01-02,27.4,16.9,0.0,Dubai
2016-01-03,23.6,17.0,6.3,Dubai
2016-01-04,21.6,15.5,0.0,Dubai
2016-01-05,22.3,12.2,0.0,Dubai
2016-01-06,24.2,15.1,0.0,Dubai
2016-01-07,23.6,16.8,0.0,Dubai
2016-01-08,24.1,11.7,0.0,Dubai
2016-01-09,25.7,12.0,0.0,Dubai
2016-01-10,26.8,12.3,0.0,Dubai
2016-01-11,23.5,16.8,0.0,Dubai
2016-01-12,23.8,10.2,0.0,Dubai
2016-01-13,22.7,15.9,1.3,Dubai
2016-01-14,23.0,15.8,0.0,Dubai
2016-01-15,22.9,12.6,0.0,Dubai
2016-01-16,22.5,13.4,0.0,Dubai
2016-01-17,24.3,15.8,0.0,Dubai
2016-01-18,27.3,12.2,0.0,Dubai
2016-01-19,28.0,11.2,0.0,Dubai
2016-01-20,25.9,10.3,0.0,Dubai
2016-01-21,24.9,11.5,0.0,Dubai
2016-01-22,24.4,14.7,0.0,Dubai
2016-01-23,23.3,13.0,0.0,Dubai
2016-01-24,26.4,12.8,0.0,Dubai
2016-01-25,27.5,13.0,0.0,Dubai
2016-01-26,25.4,15.5,0.0,Dubai
2016-01-27,26.3,15.8,0.0,Dubai
2016-01-28,23.9,16.3,0.0,Dubai
2016-01-29,19.8,16.5,0.0,Dubai
2016-01-30,19.9,16.6,0.0,Dubai
2016-01-31,21.6,16.1,0.0,Dubai
2016-02-01,22.6,10.0,0.0,Dubai
2016-02-02,22.4,11.5,0.0,Dubai
2016-02-03,21.9,11.1,0.0,Dubai
2016-02-04,24.5,16.2,0.0,Dubai
2016-02-05,25.5,11.0,0.0,Dubai
2016-02-06,25.6,12.0,0.0,Dubai
2016-02-07,24.6,9.9,0.0,Dubai
2016-02-08,26.8,9.6,0.0,Dubai
2016-02-09,24.2,11.9,0.0,Dubai
2016-02-10,23.5,14.1,0.0,Dubai
2016-02-11,24.2,12.6,0.0,Dubai
2016-02-12,22.3,16.8,0.0,Dubai
2016-02-13,23.6,13.6,0.0,Dubai
2016-02-14,24.2,13.3,0.0,Dubai
2016-02-15,24.4,13.6,0.0,Dubai
2016-02-16,24.2,12.7,0.0,Dubai
2016-02-17,24.3,13.4,1.1,Dubai
2016-02-18,24.4,13.3,0.1,Dubai
2016-02-19,25.5,14.2,0.0,Dubai
2016-02-20,25.4,11.6,0.0,Dubai
2016-02-21,26.4,11.3,0.0,Dubai
2016-02-22,30.3,11.3,0.0,Dubai
2016-02-23,30.7,15.9,0.0,Dubai
2016-02-24,31.2,20.1,0.0,Dubai
2016-02-25,28.8,19.7,0.0,Dubai
2016-02-26,26.3,16.8,0.4,Dubai
2016-02-27,29.7,16.2,0.0,Dubai
2016-02-28,30.7,19.1,0.0,Dubai
2016-02-29,29.7,21.6,0.0,Dubai
2016-03-01,25.4,19.3,0.0,Dubai
2016-03-02,25.0,15.4,0.0,Dubai
2016-03-03,28.7,15.2,0.0,Dubai
2016-03-04,29.6,18.1,0.0,Dubai
2016-03-05,29.5,18.1,0.0,Dubai
2016-03-06,29.7,19.7,0.0,Dubai
2016-03-07,29.5,20.1,0.0,Dubai
2016-03-08,27.3,17.3,3.3,Dubai
2016-03-09,23.5,20.0,33.6,Dubai
2016-03-10,25.2,18.8,0.5,Dubai
2016-03-11,25.0,18.0,0.0,Dubai
2016-03-12,27.2,15.0,0.0,Dubai
2016-03-13,28.0,16.9,0.0,Dubai
2016-03-14,28.0,17.9,0.0,Dubai
2016-03-15,30.2,17.8,0.2,Dubai
2016-03-16,27.4,22.1,0.3,Dubai
2016-03-17,27.4,20.5,0.1,Dubai
2016-03-18,28.0,20.8,0.0,Dubai
2016-03-19,27.4,19.4,0.0,Dubai
2016-03-20,27.8,18.7,0.0,Dubai
2016-03-21,31.9,14.1,0.0,Dubai
2016-03-22,27.6,21.9,2.1,Dubai
2016-03-23,27.8,20.4,0.9,Dubai
2016-03-24,26.2,18.6,0.0,Dubai
2016-03-25,28.1,12.1,0.0,Dubai
2016-03-26,31.6,16.5,0.0,Dubai
2016-03-27,33.6,15.6,0.0,Dubai
2016-03-28,34.7,21.6,0.0,Dubai
2016-03-29,37.2,24.5,0.0,Dubai
2016-03-30,35.3,24.7,0.0,Dubai
2016-03-31,31.6,22.0,0.1,Dubai
2016-04-01,23.5,20.1,5.3,Dubai
2016-04-02,24.4,19.3,0.0,Dubai
2016-04-03,25.6,17.1,0.0,Dubai
2016-04-04,25.7,15.4,0.0,Dubai
2016-04-05,28.3,18.1,0.0,Dubai
2016-04-06,30.5,15.9,0.0,Dubai
2016-04-07,33.5,17.7,0.0,Dubai
2016-04-08,33.4,21.8,0.1,Dubai
2016-04-09,33.0,19.2,0.0,Dubai
2016-04-10,32.6,18.4,0.0,Dubai
2016-04-11,33.5,16.0,0.0,Dubai
2016-04-12,36.0,17.0,0.0,Dubai
2016-04-13,34.2,25.9,0.0,Dubai
2016-04-14,32.0,25.2,0.0,Dubai
2016-04-15,30.9,24.5,0.3,Dubai
2016-04-16,30.5,22.9,0.0,Dubai
2016-04-17,28.4,21.0,0.0,Dubai
2016-04-18,30.6,20.8,0.0,Dubai
2016-04-19,32.0,22.0,0.0,Dubai
2016-04-20,31.2,19.8,0.0,Dubai
2016-04-21,31.9,20.9,0.0,Dubai
2016-04-22,31.7,19.7,0.0,Dubai
2016-04-23,32.7,18.5,0.0,Dubai
2016-04-24,33.4,19.3,0.0,Dubai
2016-04-25,33.8,20.8,0.0,Dubai
2016-04-26,35.4,18.1,0.0,Dubai
2016-04-27,38.2,18.9,0.0,Dubai
2016-04-28,38.7,21.2,0.0,Dubai
2016-04-29,39.6,26.1,0.0,Dubai
2016-04-30,38.4,25.4,0.0,Dubai
2016-05-01,32.5,24.1,0.0,Dubai
2016-05-02,32.8,22.7,0.0,Dubai
2016-05-03,34.6,22.1,0.0,Dubai
2016-05-04,37.0,20.9,0.0,Dubai
2016-05-05,37.6,24.8,0.0,Dubai
2016-05-06,42.4,24.4,0.0,Dubai
2016-05-07,41.1,24.8,0.0,Dubai
2016-05-08,40.1,23.8,0.0,Dubai
2016-05-09,38.7,24.6,0.0,Dubai
2016-05-10,37.4,25.4,0.0,Dubai
2016-05-11,38.0,25.8,0.0,Dubai
2016-05-12,39.8,24.2,0.0,Dubai
2016-05-13,40.4,24.8,0.0,Dubai
2016-05-14,37.8,24.5,0.0,Dubai
2016-05-15,37.4,24.6,0.0,Dubai
2016-05-16,38.8,22.2,0.0,Dubai
2016-05-17,40.9,24.0,0.0,Dubai
2016-05-18,42.0,24.7,0.0,Dubai
2016-05-19,41.5,25.3,0.0,Dubai
2016-05-20,40.0,25.9,0.0,Dubai
2016-05-21,39.1,25.3,0.0,Dubai
2016-05-22,35.8,27.0,0.0,Dubai
2016-05-23,37.5,24.9,0.0,Dubai
2016-05-24,39.3,23.5,0.0,Dubai
2016-05-25,39.8,24.2,0.0,Dubai
2016-05-26,35.4,26.9,0.0,Dubai
2016-05-27,35.5,24.3,0.0,Dubai
2016-05-28,38.3,22.7,0.0,Dubai
2016-05-29,39.7,22.3,0.0,Dubai
2016-05-30,41.1,26.0,0.0,Dubai
2016-05-31,41.2,29.0,0.0,Dubai
2016-06-01,35.7,29.1,0.0,Dubai
2016-06-02,35.6,28.3,0.0,Dubai
2016-06-03,37.2,25.5,0.0,Dubai
2016-06-04,38.7,22.0,0.0,Dubai
2016-06-05,39.6,24.5,0.0,Dubai
2016-06-06,41.0,26.3,0.0,Dubai
2016-06-07,40.7,25.1,0.0,Dubai
2016-06-08,39.4,23.7,0.0,Dubai
2016-06-09,37.8,28.3,0.0,Dubai
2016-06-10,40.7,25.1,0.0,Dubai
2016-06-11,42.1,25.4,0.0,Dubai
2016-06-12,40.6,27.2,0.0,Dubai
2016-06-13,37.7,29.1,0.0,Dubai
2016-06-14,35.9,28.4,0.0,Dubai
2016-06-15,38.8,24.4,0.0,Dubai
2016-06-16,42.4,25.6,0.0,Dubai
2016-06-17,41.7,26.7,0.0,Dubai
2016-06-18,40.6,27.5,0.0,Dubai
2016-06-19,40.0,25.4,0.0,Dubai
2016-06-20,39.9,24.5,0.0,Dubai
2016-06-21,40.5,24.7,0.0,Dubai
2016-06-22,45.2,25.7,0.0,Dubai
2016-06-23,44.1,28.0,0.0,Dubai
2016-06-24,43.6,27.1,0.0,Dubai
2016-06-25,43.7,28.1,0.0,Dubai
2016-06-26,43.6,28.6,0.0,Dubai
2016-06-27,41.8,27.6,0.0,Dubai
2016-06-28,44.3,25.9,0.0,Dubai
2016-06-29,43.1,29.5,0.0,Dubai
2016-06-30,43.5,31.3,0.0,Dubai
2016-07-01,41.2,29.5,0.0,Dubai
2016-07-02,40.3,27.6,0.0,Dubai
2016-07-03,42.8,29.0,0.0,Dubai
2016-07-04,43.9,31.0,0.0,Dubai
2016-07-05,42.9,31.5,0.0,Dubai
2016-07-06,40.5,30.0,0.0,Dubai
2016-07-07,40.9,28.3,0.0,Dubai
2016-07-08,41.8,26.8,0.0,Dubai
2016-07-09,41.8,28.4,0.0,Dubai
2016-07-10,41.9,30.6,0.0,Dubai
2016-07-11,43.1,28.9,0.0,Dubai
2016-07-12,41.5,28.7,0.0,Dubai
2016-07-13,41.4,28.7,0.0,Dubai
2016-07-14,43.4,29.7,0.0,Dubai
2016-07-15,45.6,31.2,0.0,Dubai
2016-07-16,44.0,31.5,0.0,Dubai
2016-07-17,44.8,31.1,0.0,Dubai
2016-07-18,43.4,31.5,0.0,Dubai
2016-07-19,42.9,32.8,0.0,Dubai
2016-07-20,42.5,32.8,0.0,Dubai
2016-07-21,42.4,31.6,0.0,Dubai
2016-07-22,43.9,29.7,0.0,Dubai
2016-07-23,43.6,29.0,0.0,Dubai
2016-07-24,44.3,31.3,0.0,Dubai
2016-07-25,42.8,30.3,0.0,Dubai
2016-07-26,42.1,30.6,0.0,Dubai
2016-07-27,41.4,30.3,0.0,Dubai
2016-07-28,40.0,29.4,0.0,Dubai
2016-07-29,40.2,29.6,0.0,Dubai
2016-07-30,41.4,30.4,0.0,Dubai
2016-07-31,42.5,29.7,0.0,Dubai
2016-08-01,42.1,30.3,0.0,Dubai
2016-08-02,40.9,28.9,0.0,Dubai
2016-08-03,46.6,28.6,0.0,Dubai
2016-08-04,45.6,33.0,0.4,Dubai
2016-08-05,44.6,31.4,1.1,Dubai
2016-08-06,43.7,30.5,0.3,Dubai
2016-08-07,44.2,29.0,0.0,Dubai
2016-08-08,44.7,28.9,0.0,Dubai
2016-08-09,44.3,29.6,0.0,Dubai
2016-08-10,42.4,29.5,0.0,Dubai
2016-08-11,44.0,29.0,0.0,Dubai
2016-08-12,43.9,30.8,0.0,Dubai
2016-08-13,44.5,31.4,0.0,Dubai
2016-08-14,42.5,27.2,0.0,Dubai
2016-08-15,42.8,26.8,0.0,Dubai
2016-08-16,40.0,28.1,0.0,Dubai
2016-08-17,44.5,29.9,0.0,Dubai
2016-08-18,44.8,29.2,0.0,Dubai
2016-08-19,43.9,28.2,0.0,Dubai
2016-08-20,40.5,26.7,0.0,Dubai
2016-08-21,41.8,26.7,0.0,Dubai
2016-08-22,42.9,25.9,0.0,Dubai
2016-08-23,43.1,26.7,0.0,Dubai
2016-08-24,42.8,27.0,0.0,Dubai
2016-08-25,43.3,26.5,0.0,Dubai
2016-08-26,43.7,26.1,0.0,Dubai
2016-08-27,42.7,25.9,0.0,Dubai
2016-08-28,43.3,26.0,0.0,Dubai
2016-08-29,43.7,26.5,0.0,Dubai
2016-08-30,42.5,26.0,0.0,Dubai
2016-08-31,43.6,26.4,0.0,Dubai
2016-09-01,40.5,27.3,0.0,Dubai
2016-09-02,42.1,27.5,0.0,Dubai
2016-09-03,43.7,28.6,0.0,Dubai
2016-09-04,43.9,28.7,0.0,Dubai
2016-09-05,42.5,29.0,0.0,Dubai
2016-09-06,41.2,28.0,0.0,Dubai
2016-09-07,42.9,29.1,0.0,Dubai
2016-09-08,40.3,28.8,0.0,Dubai
2016-09-09,39.7,29.0,0.0,Dubai
2016-09-10,39.2,27.6,0.0,Dubai
2016-09-11,39.0,27.3,0.0,Dubai
2016-09-12,40.6,27.0,0.0,Dubai
2016-09-13,40.4,27.9,0.0,Dubai
2016-09-14,40.3,28.2,0.0,Dubai
2016-09-15,39.0,28.7,0.0,Dubai
2016-09-16,38.1,27.1,0.0,Dubai
2016-09-17,38.5,26.6,0.0,Dubai
2016-09-18,39.4,27.3,0.0,Dubai
2016-09-19,40.8,25.5,0.0,Dubai
2016-09-20,38.7,27.2,0.0,Dubai
2016-09-21,37.2,26.4,0.0,Dubai
2016-09-22,38.8,26.2,0.0,Dubai
2016-09-23,39.0,25.6,0.0,Dubai
2016-09-24,37.5,26.0,0.0,Dubai
2016-09-25,38.5,27.5,0.0,Dubai
2016-09-26,39.0,26.6,0.0,Dubai
2016-09-27,39.2,27.2,0.0,Dubai
2016-09-28,38.2,25.9,0.0,Dubai
2016-09-29,38.8,27.6,0.0,Dubai
2016-09-30,36.5,28.7,0.0,Dubai
2016-10-01,36.4,25.9,0.0,Dubai
2016-10-02,38.3,27.0,0.0,Dubai
2016-10-03,35.4,24.5,0.8,Dubai
2016-10-04,35.0,26.4,0.2,Dubai
2016-10-05,34.7,26.6,0.0,Dubai
2016-10-06,35.0,26.8,0.0,Dubai
2016-10-07,35.3,25.5,0.0,Dubai
2016-10-08,36.9,26.5,1.3,Dubai
2016-10-09,36.9,25.8,0.0,Dubai
2016-10-10,38.3,26.9,0.0,Dubai
2016-10-11,36.5,24.2,0.0,Dubai
2016-10-12,35.2,23.3,0.0,Dubai
2016-10-13,35.2,23.8,0.0,Dubai
2016-10-14,36.4,22.9,0.0,Dubai
2016-10-15,35.3,23.4,0.0,Dubai
2016-10-16,34.1,22.6,0.0,Dubai
2016-10-17,35.9,24.1,0.0,Dubai
2016-10-18,36.4,24.3,0.0,Dubai
2016-10-19,36.0,23.4,0.0,Dubai
2016-10-20,34.9,23.9,0.0,Dubai
2016-10-21,33.7,22.1,0.0,Dubai
2016-10-22,34.1,21.7,0.0,Dubai
2016-10-23,34.3,24.4,0.0,Dubai
2016-10-24,34.1,22.3,0.0,Dubai
2016-10-25,35.5,21.8,0.0,Dubai
2016-10-26,37.3,22.4,0.0,Dubai
2016-10-27,36.1,21.1,0.0,Dubai
2016-10-28,35.3,21.0,0.0,Dubai
2016-10-29,34.6,22.5,0.0,Dubai
2016-10-30,32.8,21.2,0.0,Dubai
2016-10-31,34.5,21.5,0.0,Dubai
2016-11-01,34.3,24.1,0.0,Dubai
2016-11-02,34.4,23.1,0.0,Dubai
2016-11-03,34.4,22.0,0.0,Dubai
2016-11-04,32.5,21.6,0.0,Dubai
2016-11-05,31.5,21.9,0.0,Dubai
2016-11-06,33.6,20.7,0.0,Dubai
2016-11-07,33.1,21.2,0.0,Dubai
2016-11-08,31.8,22.7,0.0,Dubai
2016-11-09,30.8,20.7,0.0,Dubai
2016-11-10,31.3,18.5,0.0,Dubai
2016-11-11,33.0,19.5,0.0,Dubai
2016-11-12,33.8,17.9,0.0,Dubai
2016-11-13,33.0,16.8,0.0,Dubai
2016-11-14,32.2,16.2,0.0,Dubai
2016-11-15,29.8,18.4,0.0,Dubai
2016-11-16,29.6,20.3,0.0,Dubai
2016-11-17,31.9,18.9,0.0,Dubai
2016-11-18,30.2,17.6,0.0,Dubai
2016-11-19,29.1,18.0,0.0,Dubai
2016-11-20,30.1,23.3,0.0,Dubai
2016-11-21,30.2,21.3,0.0,Dubai
2016-11-22,30.7,21.4,0.0,Dubai
2016-11-23,29.8,20.0,0.0,Dubai
2016-11-24,31.0,21.1,0.0,Dubai
2016-11-25,28.9,22.2,0.0,Dubai
2016-11-26,29.5,19.5,0.0,Dubai
2016-11-27,30.0,18.3,0.0,Dubai
2016-11-28,28.9,17.2,0.0,Dubai
2016-11-29,28.7,21.0,0.0,Dubai
2016-11-30,29.1,19.8,0.0,Dubai
2016-12-01,29.9,20.4,0.0,Dubai
2016-12-02,32.0,18.0,0.0,Dubai
2016-12-03,31.4,18.0,0.0,Dubai
2016-12-04,31.6,21.3,0.0,Dubai
2016-12-05,32.7,19.6,0.0,Dubai
2016-12-06,30.4,16.8,0.0,Dubai
2016-12-07,27.7,20.6,0.0,Dubai
2016-12-08,27.9,21.9,0.0,Dubai
2016-12-09,27.2,20.6,0.0,Dubai
2016-12-10,24.6,20.5,0.0,Dubai
2016-12-11,23.8,19.8,0.0,Dubai
2016-12-12,24.5,19.8,0.0,Dubai
2016-12-13,25.3,16.6,0.0,Dubai
2016-12-14,25.1,13.2,0.0,Dubai
2016-12-15,27.4,14.4,0.0,Dubai
2016-12-16,26.5,14.5,0.0,Dubai
2016-12-17,25.1,16.9,0.0,Dubai
2016-12-18,26.4,17.7,0.0,Dubai
2016-12-19,25.9,16.9,0.0,Dubai
2016-12-20,26.5,13.7,0.0,Dubai
2016-12-21,26.8,13.3,0.0,Dubai
2016-12-22,27.2,16.0,0.0,Dubai
2016-12-23,28.7,16.4,0.0,Dubai
2016-12-24,29.7,16.9,0.0,Dubai
2016-12-25,30.2,18.0,0.0,Dubai
2016-12-26,29.0,15.6,0.0,Dubai
2016-12-27,28.7,14.6,0.0,Dubai
2016-12-28,27.2,15.9,0.0,Dubai
2016-12-29,27.5,17.7,0.0,Dubai
2016-12-30,28.5,18.2,0.0,Dubai
2016-12-31,27.7,18.2,0.0,Dubai
2017-01-01,25.7,15.8,0.0,Dubai
2017-01-02,24.7,15.4,0.0,Dubai
2017-01-03,24.8,18.4,0.0,Dubai
2017-01-04,24.7,18.0,0.0,Dubai
2017-01-05,24.6,19.5,0.0,Dubai
2017-01-06,23.9,19.0,0.0,Dubai
2017-01-07,25.4,12.5,0.0,Dubai
2017-01-08,23.6,14.4,0.0,Dubai
2017-01-09,24.5,14.5,0.0,Dubai
2017-01-10,25.4,14.1,0.0,Dubai
2017-01-11,24.9,15.9,0.0,Dubai
2017-01-12,25.4,16.7,0.0,Dubai
2017-01-13,24.2,20.5,0.0,Dubai
2017-01-14,21.7,19.3,0.0,Dubai
2017-01-15,22.2,18.4,0.0,Dubai
2017-01-16,22.4,13.8,0.0,Dubai
2017-01-17,23.8,14.5,0.0,Dubai
2017-01-18,22.8,16.1,0.0,Dubai
2017-01-19,23.5,14.3,0.0,Dubai
2017-01-20,26.2,17.7,0.2,Dubai
2017-01-21,28.0,17.7,0.0,Dubai
2017-01-22,28.0,17.9,0.5,Dubai
2017-01-23,25.2,20.7,0.5,Dubai
2017-01-24,21.7,19.0,0.0,Dubai
2017-01-25,21.9,15.9,0.2,Dubai
2017-01-26,23.5,12.7,0.0,Dubai
2017-01-27,25.7,14.1,0.0,Dubai
2017-01-28,26.6,14.2,0.0,Dubai
2017-01-29,26.9,17.4,0.0,Dubai
2017-01-30,24.2,15.8,0.0,Dubai
2017-01-31,22.1,15.9,0.0,Dubai
2017-02-01,24.6,12.3,0.0,Dubai
2017-02-02,23.6,15.7,3.6,Dubai
2017-02-03,18.3,13.3,0.0,Dubai
2017-02-04,19.5,13.8,0.0,Dubai
2017-02-05,19.4,13.9,0.0,Dubai
2017-02-06,19.9,11.0,0.0,Dubai
2017-02-07,21.2,17.3,0.0,Dubai
2017-02-08,23.2,11.4,0.0,Dubai
2017-02-09,26.3,12.8,0.0,Dubai
2017-02-10,26.0,14.9,0.0,Dubai
2017-02-11,27.1,13.8,0.0,Dubai
2017-02-12,25.5,18.5,3.2,Dubai
2017-02-13,26.3,20.0,0.8,Dubai
2017-02-14,26.2,21.7,0.0,Dubai
2017-02-15,28.4,20.3,0.2,Dubai
2017-02-16,24.6,20.3,9.0,Dubai
2017-02-17,28.1,20.1,3.4,Dubai
2017-02-18,22.8,16.6,4.0,Dubai
2017-02-19,18.9,15.5,0.0,Dubai
2017-02-20,20.9,15.0,0.4,Dubai
2017-02-21,19.8,16.2,1.2,Dubai
2017-02-22,21.3,15.0,0.1,Dubai
2017-02-23,23.3,14.0,0.0,Dubai
2017-02-24,26.1,18.8,0.3,Dubai
2017-02-25,23.0,19.5,2.4,Dubai
2017-02-26,21.3,16.3,8.8,Dubai
2017-02-27,21.3,14.0,0.0,Dubai
2017-02-28,22.5,14.0,0.0,Dubai
2017-03-01,23.2,14.8,0.0,Dubai
2017-03-02,30.2,14.7,0.3,Dubai
2017-03-03,27.0,16.5,0.0,Dubai
2017-03-04,27.0,17.9,0.3,Dubai
2017-03-05,27.1,18.8,0.3,Dubai
2017-03-06,27.7,20.0,0.1,Dubai
2017-03-07,23.3,18.8,0.0,Dubai
2017-03-08,24.7,14.9,0.0,Dubai
2017-03-09,26.2,17.7,0.0,Dubai
2017-03-10,29.3,16.6,0.0,Dubai
2017-03-11,32.0,17.1,0.0,Dubai
2017-03-12,31.9,19.8,0.0,Dubai
2017-03-13,30.4,18.1,0.0,Dubai
2017-03-14,31.2,23.1,0.0,Dubai
2017-03-15,28.6,19.1,0.0,Dubai
2017-03-16,31.9,21.8,0.3,Dubai
2017-03-17,29.2,22.6,0.2,Dubai
2017-03-18,27.7,20.9,0.1,Dubai
2017-03-19,33.8,19.3,0.0,Dubai
2017-03-20,36.2,22.7,0.1,Dubai
2017-03-21,24.2,18.8,11.7,Dubai
2017-03-22,24.2,17.2,0.0,Dubai
2017-03-23,27.1,14.2,0.0,Dubai
2017-03-24,26.4,20.1,6.3,Dubai
2017-03-25,27.8,20.4,2.5,Dubai
2017-03-26,27.6,20.1,2.2,Dubai
2017-03-27,26.6,21.0,2.0,Dubai
2017-03-28,25.9,20.2,0.0,Dubai
2017-03-29,27.3,18.7,0.0,Dubai
2017-03-30,28.5,18.2,0.0,Dubai
2017-03-31,30.5,19.0,0.0,Dubai
2017-04-01,32.5,19.3,0.0,Dubai
2017-04-02,33.7,21.3,0.0,Dubai
2017-04-03,34.1,22.2,0.0,Dubai
2017-04-04,27.9,22.7,0.0,Dubai
2017-04-05,26.8,21.6,0.0,Dubai
2017-04-06,29.8,17.2,0.0,Dubai
2017-04-07,30.8,19.5,0.0,Dubai
2017-04-08,33.5,20.3,0.0,Dubai
2017-04-09,34.5,21.1,0.0,Dubai
2017-04-10,37.6,21.2,0.0,Dubai
2017-04-11,37.5,20.4,0.0,Dubai
2017-04-12,39.0,23.0,0.0,Dubai
2017-04-13,37.2,20.8,0.0,Dubai
2017-04-14,36.8,22.3,0.0,Dubai
2017-04-15,35.2,21.9,0.0,Dubai
2017-04-16,34.3,20.0,0.0,Dubai
2017-04-17,32.9,21.3,0.0,Dubai
2017-04-18,33.7,21.5,0.0,Dubai
2017-04-19,34.0,22.3,0.0,Dubai
2017-04-20,31.9,24.6,0.0,Dubai
2017-04-21,30.1,22.4,0.0,Dubai
2017-04-22,32.0,22.0,0.0,Dubai
2017-04-23,34.2,20.9,0.0,Dubai
2017-04-24,36.1,21.1,0.0,Dubai
2017-04-25,36.5,20.9,0.0,Dubai
2017-04-26,33.5,21.3,0.0,Dubai
2017-04-27,33.6,23.9,0.0,Dubai
2017-04-28,39.4,21.3,0.0,Dubai
2017-04-29,40.3,22.4,0.0,Dubai
2017-04-30,38.9,24.6,0.0,Dubai
2017-05-01,37.3,26.2,0.0,Dubai
2017-05-02,36.0,23.6,0.0,Dubai
2017-05-03,37.6,24.6,0.0,Dubai
2017-05-04,39.0,25.1,0.0,Dubai
2017-05-05,39.4,26.4,0.0,Dubai
2017-05-06,40.2,26.6,0.0,Dubai
2017-05-07,39.1,26.4,0.0,Dubai
2017-05-08,39.7,26.4,0.0,Dubai
2017-05-09,37.8,26.7,0.0,Dubai
2017-05-10,35.2,25.1,0.0,Dubai
2017-05-11,36.2,24.7,0.0,Dubai
2017-05-12,38.1,24.0,0.0,Dubai
2017-05-13,36.0,24.2,0.0,Dubai
2017-05-14,39.7,23.7,0.0,Dubai
2017-05-15,36.1,25.4,0.0,Dubai
2017-05-16,34.7,24.0,0.0,Dubai
2017-05-17,36.8,22.3,0.0,Dubai
2017-05-18,39.8,23.0,0.0,Dubai
2017-05-19,37.5,24.8,0.0,Dubai
2017-05-20,35.4,25.7,0.0,Dubai
2017-05-21,38.0,26.7,0.0,Dubai
2017-05-22,39.1,28.9,0.0,Dubai
2017-05-23,34.3,26.3,0.0,Dubai
2017-05-24,36.7,22.8,0.0,Dubai
2017-05-25,39.7,23.0,0.0,Dubai
2017-05-26,35.3,26.8,0.0,Dubai
2017-05-27,36.4,24.5,0.0,Dubai
2017-05-28,40.6,23.2,0.0,Dubai
2017-05-29,38.8,25.5,0.0,Dubai
2017-05-30,38.3,24.7,0.0,Dubai
2017-05-31,41.3,25.1,0.0,Dubai
2017-06-01,42.3,25.5,0.0,Dubai
2017-06-02,38.4,25.1,0.0,Dubai
2017-06-03,37.5,25.7,0.0,Dubai
2017-06-04,35.2,27.4,0.0,Dubai
2017-06-05,36.3,26.0,0.0,Dubai
2017-06-06,42.7,27.0,0.0,Dubai
2017-06-07,43.4,28.4,0.0,Dubai
2017-06-08,41.1,26.4,0.0,Dubai
2017-06-09,41.2,27.8,0.0,Dubai
2017-06-10,39.5,26.2,0.0,Dubai
2017-06-11,38.9,26.1,0.0,Dubai
2017-06-12,38.3,26.3,0.0,Dubai
2017-06-13,38.1,28.3,0.0,Dubai
2017-06-14,41.7,25.1,0.0,Dubai
2017-06-15,44.5,30.7,0.0,Dubai
2017-06-16,42.7,29.8,0.0,Dubai
2017-06-17,38.9,28.9,0.0,Dubai
2017-06-18,38.6,29.6,0.0,Dubai
2017-06-19,36.8,27.6,0.0,Dubai
2017-06-20,39.2,28.8,0.0,Dubai
2017-06-21,38.1,27.7,0.0,Dubai
2017-06-22,37.9,29.6,0.0,Dubai
2017-06-23,41.0,29.7,0.0,Dubai
2017-06-24,38.0,28.8,0.0,Dubai
2017-06-25,36.0,28.6,0.0,Dubai
2017-06-26,37.5,28.3,0.0,Dubai
2017-06-27,37.6,27.7,0.0,Dubai
2017-06-28,38.3,28.5,0.0,Dubai
2017-06-29,44.9,28.4,0.0,Dubai
2017-06-30,44.4,28.7,0.0,Dubai
2017-07-01,39.9,27.9,0.0,Dubai
2017-07-02,40.6,27.2,0.0,Dubai
2017-07-03,39.5,27.7,0.0,Dubai
2017-07-04,38.1,27.3,0.0,Dubai
2017-07-05,39.7,27.2,0.0,Dubai
2017-07-06,40.1,28.1,0.0,Dubai
2017-07-07,46.5,27.9,0.0,Dubai
2017-07-08,45.3,30.5,0.0,Dubai
2017-07-09,41.7,30.8,0.0,Dubai
2017-07-10,41.8,31.1,0.0,Dubai
2017-07-11,41.4,30.6,0.0,Dubai
2017-07-12,43.8,30.5,0.0,Dubai
2017-07-13,42.6,33.2,0.0,Dubai
2017-07-14,43.5,30.8,0.0,Dubai
2017-07-15,41.2,32.1,0.0,Dubai
2017-07-16,42.2,32.8,0.0,Dubai
2017-07-17,42.0,32.5,0.0,Dubai
2017-07-18,40.8,31.8,0.0,Dubai
2017-07-19,46.6,31.6,0.0,Dubai
2017-07-20,42.8,30.6,0.0,Dubai
2017-07-21,43.3,29.6,0.0,Dubai
2017-07-22,44.1,29.7,0.0,Dubai
2017-07-23,45.8,29.1,0.0,Dubai
2017-07-24,44.7,28.9,0.0,Dubai
2017-07-25,44.3,31.4,0.0,Dubai
2017-07-26,44.6,30.5,0.0,Dubai
2017-07-27,45.0,31.9,0.0,Dubai
2017-07-28,42.9,31.7,0.0,Dubai
2017-07-29,42.0,30.6,0.0,Dubai
2017-07-30,38.3,28.1,0.0,Dubai
2017-07-31,41.3,32.1,0.0,Dubai
2017-08-01,39.4,30.8,0.0,Dubai
2017-08-02,44.2,31.6,0.0,Dubai
2017-08-03,44.3,33.5,0.0,Dubai
2017-08-04,42.9,31.1,0.0,Dubai
2017-08-05,42.5,30.5,0.0,Dubai
2017-08-06,43.2,29.6,0.0,Dubai
2017-08-07,44.8,32.0,0.0,Dubai
2017-08-08,44.5,31.6,0.0,Dubai
2017-08-09,43.4,30.4,0.0,Dubai
2017-08-10,42.2,30.1,0.0,Dubai
2017-08-11,43.5,31.6,0.0,Dubai
2017-08-12,42.9,32.4,0.0,Dubai
2017-08-13,42.3,30.6,0.0,Dubai
2017-08-14,41.1,30.1,0.0,Dubai
2017-08-15,41.2,33.5,0.0,Dubai
2017-08-16,38.8,32.3,0.0,Dubai
2017-08-17,38.8,31.4,0.0,Dubai
2017-08-18,38.6,29.9,0.0,Dubai
2017-08-19,38.6,29.8,0.0,Dubai
2017-08-20,44.2,30.7,0.0,Dubai
2017-08-21,40.9,32.1,0.0,Dubai
2017-08-22,43.9,29.3,0.0,Dubai
2017-08-23,41.2,29.4,0.0,Dubai
2017-08-24,39.0,30.2,0.0,Dubai
2017-08-25,38.9,30.0,0.0,Dubai
2017-08-26,39.3,28.8,0.0,Dubai
2017-08-27,38.7,28.4,0.0,Dubai
2017-08-28,42.5,28.2,0.0,Dubai
2017-08-29,41.7,27.9,0.0,Dubai
2017-08-30,41.8,27.2,0.0,Dubai
2017-08-31,36.3,27.0,0.0,Dubai
2017-09-01,38.4,27.6,0.0,Dubai
2017-09-02,42.4,26.1,0.0,Dubai
2017-09-03,37.9,26.3,0.0,Dubai
2017-09-04,40.5,27.2,0.0,Dubai
2017-09-05,39.2,28.4,0.0,Dubai
2017-09-06,41.0,29.7,0.0,Dubai
2017-09-07,40.5,30.9,0.0,Dubai
2017-09-08,40.1,29.3,0.0,Dubai
2017-09-09,38.5,29.1,0.0,Dubai
2017-09-10,35.9,27.8,0.0,Dubai
2017-09-11,40.1,28.8,0.0,Dubai
2017-09-12,40.4,28.5,0.0,Dubai
2017-09-13,39.9,28.5,0.0,Dubai
2017-09-14,38.9,27.5,0.0,Dubai
2017-09-15,40.4,27.7,0.0,Dubai
2017-09-16,38.2,26.7,0.0,Dubai
2017-09-17,39.5,28.5,0.0,Dubai
2017-09-18,38.6,28.9,0.0,Dubai
2017-09-19,38.8,27.3,0.0,Dubai
2017-09-20,40.2,27.1,0.0,Dubai
2017-09-21,42.5,27.2,0.0,Dubai
2017-09-22,40.2,25.8,0.0,Dubai
2017-09-23,39.1,27.0,0.0,Dubai
2017-09-24,40.6,24.9,0.0,Dubai
2017-09-25,38.0,23.9,0.0,Dubai
2017-09-26,35.4,25.2,0.0,Dubai
2017-09-27,35.9,25.2,0.0,Dubai
2017-09-28,36.1,25.4,0.0,Dubai
2017-09-29,35.3,26.9,0.0,Dubai
2017-09-30,37.2,27.3,0.0,Dubai
2017-10-01,38.2,25.3,0.0,Dubai
2017-10-02,36.2,26.0,0.0,Dubai
2017-10-03,35.6,27.6,0.0,Dubai
2017-10-04,36.5,26.6,0.0,Dubai
2017-10-05,37.1,28.7,0.0,Dubai
2017-10-06,36.1,26.8,0.0,Dubai
2017-10-07,37.9,26.7,0.0,Dubai
2017-10-08,35.3,26.4,0.0,Dubai
2017-10-09,36.1,25.5,0.0,Dubai
2017-10-10,35.1,26.4,0.0,Dubai
2017-10-11,34.3,25.3,0.0,Dubai
2017-10-12,35.7,24.4,0.0,Dubai
2017-10-13,34.8,26.4,0.0,Dubai
2017-10-14,34.5,24.4,0.0,Dubai
2017-10-15,35.5,24.0,0.0,Dubai
2017-10-16,34.0,24.2,0.0,Dubai
2017-10-17,33.6,23.8,0.0,Dubai
2017-10-18,33.8,23.5,0.0,Dubai
2017-10-19,37.4,24.5,0.0,Dubai
2017-10-20,35.0,23.2,0.0,Dubai
2017-10-21,33.3,24.0,0.0,Dubai
2017-10-22,34.1,23.9,0.0,Dubai
2017-10-23,33.9,25.0,0.0,Dubai
2017-10-24,35.2,23.6,0.0,Dubai
2017-10-25,36.1,22.8,0.0,Dubai
2017-10-26,33.8,23.1,0.0,Dubai
2017-10-27,33.9,23.6,0.0,Dubai
2017-10-28,33.0,23.6,0.0,Dubai
2017-10-29,33.8,23.5,0.0,Dubai
2017-10-30,33.5,23.4,0.0,Dubai
2017-10-31,32.5,23.4,0.0,Dubai
2017-11-01,33.3,22.7,0.0,Dubai
2017-11-02,33.8,22.9,0.0,Dubai
2017-11-03,33.0,22.8,0.0,Dubai
2017-11-04,31.7,22.0,0.0,Dubai
2017-11-05,32.5,20.7,0.0,Dubai
2017-11-06,33.7,20.8,0.0,Dubai
2017-11-07,32.2,22.4,0.0,Dubai
2017-11-08,31.9,21.7,0.0,Dubai
2017-11-09,31.3,22.7,0.0,Dubai
2017-11-10,31.1,22.7,0.0,Dubai
2017-11-11,30.5,21.3,0.0,Dubai
2017-11-12,31.3,22.9,0.0,Dubai
2017-11-13,30.3,25.2,0.0,Dubai
2017-11-14,31.1,20.4,0.0,Dubai
2017-11-15,30.7,18.8,0.0,Dubai
2017-11-16,28.7,21.2,0.3,Dubai
2017-11-17,28.6,21.1,1.4,Dubai
2017-11-18,29.8,19.6,0.0,Dubai
2017-11-19,30.6,18.7,0.0,Dubai
2017-11-20,29.7,17.9,0.0,Dubai
2017-11-21,29.8,15.9,0.0,Dubai
2017-11-22,29.6,18.4,0.0,Dubai
2017-11-23,29.5,19.1,0.0,Dubai
2017-11-24,27.2,20.0,1.0,Dubai
2017-11-25,26.8,23.3,0.0,Dubai
2017-11-26,26.2,22.4,0.0,Dubai
2017-11-27,26.3,16.1,0.0,Dubai
2017-11-28,28.1,19.4,0.0,Dubai
2017-11-29,27.4,20.6,0.0,Dubai
2017-11-30,28.0,17.4,0.0,Dubai
2017-12-01,27.4,17.5,0.0,Dubai
2017-12-02,27.8,22.2,0.0,Dubai
2017-12-03,28.8,19.6,0.0,Dubai
2017-12-04,27.7,19.2,0.0,Dubai
2017-12-05,25.5,16.8,0.0,Dubai
2017-12-06,25.3,12.8,0.0,Dubai
2017-12-07,25.2,11.5,0.0,Dubai
2017-12-08,24.7,13.5,0.1,Dubai
2017-12-09,23.9,20.4,0.0,Dubai
2017-12-10,25.7,18.1,0.0,Dubai
2017-12-11,25.3,17.0,0.0,Dubai
2017-12-12,25.0,17.8,0.0,Dubai
2017-12-13,26.5,14.6,0.0,Dubai
2017-12-14,25.3,14.7,0.0,Dubai
2017-12-15,26.2,17.0,0.1,Dubai
2017-12-16,26.1,19.3,0.0,Dubai
2017-12-17,22.4,17.2,8.4,Dubai
2017-12-18,20.7,15.1,1.6,Dubai
2017-12-19,23.5,14.8,0.0,Dubai
2017-12-20,23.8,14.2,0.0,Dubai
2017-12-21,24.9,14.2,0.0,Dubai
2017-12-22,24.8,14.5,0.0,Dubai
2017-12-23,24.8,15.1,0.0,Dubai
2017-12-24,25.4,17.9,0.0,Dubai
2017-12-25,24.5,15.6,0.0,Dubai
2017-12-26,23.8,14.9,0.0,Dubai
2017-12-27,25.2,15.1,0.0,Dubai
2017-12-28,25.8,16.2,0.0,Dubai
2017-12-29,28.0,14.3,0.0,Dubai
2017-12-30,26.7,14.2,0.0,Dubai
2017-12-31,24.5,14.0,0.0,Dubai
2018-01-01,23.3,13.3,0.0,Dubai
2018-01-02,22.8,13.2,0.0,Dubai
2018-01-03,23.0,17.7,0.0,Dubai
2018-01-04,22.7,19.0,0.0,Dubai
2018-01-05,23.5,18.5,0.0,Dubai
2018-01-06,23.2,14.9,0.0,Dubai
2018-01-07,25.9,13.3,0.0,Dubai
2018-01-08,22.0,18.3,1.6,Dubai
2018-01-09,21.8,14.1,0.1,Dubai
2018-01-10,22.9,15.2,0.0,Dubai
2018-01-11,23.4,15.9,0.0,Dubai
2018-01-12,23.4,12.7,0.0,Dubai
2018-01-13,22.8,13.3,0.0,Dubai
2018-01-14,23.5,15.2,0.0,Dubai
2018-01-15,22.3,13.1,0.0,Dubai
2018-01-16,24.7,15.7,0.0,Dubai
2018-01-17,22.4,17.4,0.0,Dubai
2018-01-18,22.1,17.2,0.0,Dubai
2018-01-19,23.4,12.5,0.0,Dubai
2018-01-20,23.2,13.2,0.0,Dubai
2018-01-21,21.2,17.0,0.0,Dubai
2018-01-22,23.4,13.9,0.0,Dubai
2018-01-23,22.4,11.6,0.0,Dubai
2018-01-24,21.5,12.6,0.0,Dubai
2018-01-25,21.6,12.0,0.0,Dubai
2018-01-26,22.9,13.6,0.0,Dubai
2018-01-27,24.2,14.1,0.0,Dubai
2018-01-28,23.2,14.3,0.0,Dubai
2018-01-29,21.2,17.8,0.0,Dubai
2018-01-30,20.8,17.1,0.0,Dubai
2018-01-31,21.2,17.8,0.0,Dubai
2018-02-01,21.7,17.1,0.0,Dubai
2018-02-02,22.4,16.8,0.0,Dubai
2018-02-03,22.6,12.2,0.0,Dubai
2018-02-04,23.3,13.3,0.0,Dubai
2018-02-05,22.1,13.2,0.0,Dubai
2018-02-06,22.0,12.1,0.0,Dubai
2018-02-07,21.0,12.0,0.0,Dubai
2018-02-08,22.9,12.6,0.0,Dubai
2018-02-09,23.2,14.0,0.0,Dubai
2018-02-10,22.0,13.7,0.0,Dubai
2018-02-11,24.1,13.1,0.0,Dubai
2018-02-12,26.1,11.8,0.0,Dubai
2018-02-13,29.4,15.1,0.0,Dubai
2018-02-14,30.3,19.3,0.0,Dubai
2018-02-15,26.0,19.3,0.0,Dubai
2018-02-16,27.6,16.6,0.0,Dubai
2018-02-17,28.9,15.7,0.0,Dubai
2018-02-18,32.3,15.7,0.0,Dubai
2018-02-19,26.2,17.8,0.0,Dubai
2018-02-20,24.6,19.0,0.0,Dubai
2018-02-21,24.2,15.1,0.0,Dubai
2018-02-22,24.1,16.1,0.3,Dubai
2018-02-23,27.1,18.1,0.0,Dubai
2018-02-24,33.7,19.6,0.2,Dubai
2018-02-25,23.9,19.8,7.3,Dubai
2018-02-26,24.0,17.8,0.0,Dubai
2018-02-27,26.4,18.8,0.1,Dubai
2018-02-28,29.1,19.8,0.4,Dubai
2018-03-01,28.5,18.8,0.0,Dubai
2018-03-02,24.1,19.4,2.1,Dubai
2018-03-03,24.0,17.3,0.0,Dubai
2018-03-04,23.6,15.9,0.0,Dubai
2018-03-05,24.0,15.3,0.0,Dubai
2018-03-06,24.5,14.0,0.0,Dubai
2018-03-07,26.1,15.2,0.0,Dubai
2018-03-08,29.0,17.0,0.0,Dubai
2018-03-09,28.2,17.6,0.0,Dubai
2018-03-10,30.4,15.4,0.0,Dubai
2018-03-11,34.1,20.4,0.0,Dubai
2018-03-12,32.9,22.0,0.0,Dubai
2018-03-13,29.0,20.3,0.0,Dubai
2018-03-14,25.9,19.8,0.0,Dubai
2018-03-15,26.3,16.4,0.0,Dubai
2018-03-16,26.7,13.7,0.0,Dubai
2018-03-17,29.0,16.7,0.0,Dubai
2018-03-18,26.2,19.4,0.0,Dubai
2018-03-19,25.1,20.2,0.0,Dubai
2018-03-20,25.6,16.6,0.0,Dubai
2018-03-21,26.9,16.4,0.0,Dubai
2018-03-22,26.6,15.7,0.0,Dubai
2018-03-23,28.5,16.7,0.0,Dubai
2018-03-24,33.6,18.8,0.0,Dubai
2018-03-25,32.5,18.6,0.0,Dubai
2018-03-26,32.7,17.9,0.0,Dubai
2018-03-27,29.8,19.7,0.0,Dubai
2018-03-28,29.2,17.7,0.0,Dubai
2018-03-29,31.0,17.9,0.0,Dubai
2018-03-30,33.1,18.7,0.0,Dubai
2018-03-31,31.7,19.1,0.0,Dubai
2018-04-01,29.0,22.0,0.0,Dubai
2018-04-02,28.6,21.6,0.0,Dubai
2018-04-03,29.1,22.4,0.0,Dubai
2018-04-04,31.1,21.5,0.0,Dubai
2018-04-05,31.2,22.6,0.0,Dubai
2018-04-06,34.4,21.8,0.0,Dubai
2018-04-07,30.9,23.7,0.0,Dubai
2018-04-08,31.5,22.8,0.0,Dubai
2018-04-09,30.3,23.5,0.0,Dubai
2018-04-10,30.8,22.5,0.0,Dubai
2018-04-11,31.5,22.3,0.0,Dubai
2018-04-12,36.8,24.1,0.3,Dubai
2018-04-13,34.7,22.9,0.0,Dubai
2018-04-14,34.1,24.6,0.0,Dubai
2018-04-15,29.8,23.0,0.0,Dubai
2018-04-16,31.5,20.8,0.0,Dubai
2018-04-17,36.9,25.7,0.0,Dubai
2018-04-18,29.4,24.0,0.0,Dubai
2018-04-19,28.9,22.4,0.0,Dubai
2018-04-20,29.0,19.9,0.0,Dubai
2018-04-21,30.4,19.6,0.0,Dubai
2018-04-22,37.6,20.6,0.0,Dubai
2018-04-23,37.0,26.2,0.0,Dubai
2018-04-24,37.1,25.5,0.0,Dubai
2018-04-25,30.2,23.6,0.0,Dubai
2018-04-26,32.4,26.4,0.0,Dubai
2018-04-27,33.2,24.5,0.0,Dubai
2018-04-28,38.5,25.4,0.0,Dubai
2018-04-29,39.4,25.6,0.0,Dubai
2018-04-30,32.6,25.4,0.0,Dubai
2018-05-01,34.3,24.8,0.0,Dubai
2018-05-02,33.1,25.5,0.0,Dubai
2018-05-03,33.9,26.0,0.0,Dubai
2018-05-04,34.5,26.1,0.0,Dubai
2018-05-05,32.8,25.7,0.0,Dubai
2018-05-06,33.2,26.0,0.0,Dubai
2018-05-07,33.7,27.0,0.0,Dubai
2018-05-08,36.3,24.4,0.0,Dubai
2018-05-09,43.8,24.6,0.0,Dubai
2018-05-10,40.2,29.1,0.2,Dubai
2018-05-11,33.9,27.0,0.0,Dubai
2018-05-12,39.4,24.1,0.0,Dubai
2018-05-13,43.6,28.4,0.0,Dubai
2018-05-14,35.7,27.3,0.0,Dubai
2018-05-15,37.4,26.3,0.0,Dubai
2018-05-16,33.6,26.8,0.3,Dubai
2018-05-17,35.5,26.9,0.0,Dubai
2018-05-18,32.8,26.9,0.0,Dubai
2018-05-19,32.1,23.5,0.0,Dubai
2018-05-20,34.5,23.9,0.0,Dubai
2018-05-21,35.6,23.1,0.0,Dubai
2018-05-22,36.8,24.7,0.0,Dubai
2018-05-23,39.6,25.8,0.0,Dubai
2018-05-24,38.8,26.1,0.0,Dubai
2018-05-25,36.7,25.9,0.0,Dubai
2018-05-26,36.7,28.3,0.3,Dubai
2018-05-27,37.5,28.4,0.0,Dubai
2018-05-28,38.7,27.3,0.0,Dubai
2018-05-29,36.5,27.7,0.0,Dubai
2018-05-30,36.3,26.6,0.0,Dubai
2018-05-31,37.7,26.6,0.0,Dubai
2018-06-01,38.1,26.6,0.0,Dubai
2018-06-02,39.5,26.9,0.0,Dubai
2018-06-03,41.2,27.3,0.0,Dubai
2018-06-04,40.4,27.5,0.0,Dubai
2018-06-05,41.6,27.5,0.0,Dubai
2018-06-06,41.3,29.0,0.0,Dubai
2018-06-07,41.4,30.1,0.0,Dubai
2018-06-08,36.8,29.0,0.0,Dubai
2018-06-09,39.0,28.6,0.0,Dubai
2018-06-10,37.9,30.0,0.0,Dubai
2018-06-11,37.9,31.3,0.0,Dubai
2018-06-12,37.3,31.9,0.0,Dubai
2018-06-13,38.5,29.5,0.0,Dubai
2018-06-14,36.6,28.8,0.0,Dubai
2018-06-15,37.1,28.6,0.0,Dubai
2018-06-16,37.0,31.2,0.0,Dubai
2018-06-17,36.5,30.1,0.0,Dubai
2018-06-18,37.4,27.0,0.0,Dubai
2018-06-19,42.2,27.0,0.0,Dubai
2018-06-20,39.8,27.3,0.0,Dubai
2018-06-21,41.9,27.7,0.0,Dubai
2018-06-22,38.6,28.3,0.0,Dubai
2018-06-23,36.5,27.4,0.0,Dubai
2018-06-24,35.4,28.1,0.0,Dubai
2018-06-25,35.7,27.9,0.0,Dubai
2018-06-26,36.6,28.0,0.0,Dubai
2018-06-27,37.3,27.9,0.0,Dubai
2018-06-28,37.2,28.4,0.0,Dubai
2018-06-29,45.4,30.7,0.0,Dubai
2018-06-30,42.6,31.9,0.0,Dubai
2018-07-01,41.7,30.7,0.0,Dubai
2018-07-02,37.9,27.8,0.0,Dubai
2018-07-03,36.5,27.7,0.0,Dubai
2018-07-04,40.6,28.7,0.0,Dubai
2018-07-05,44.3,29.8,0.0,Dubai
2018-07-06,44.3,33.4,0.0,Dubai
2018-07-07,40.3,33.9,0.0,Dubai
2018-07-08,42.5,31.6,0.0,Dubai
2018-07-09,39.8,29.4,0.0,Dubai
2018-07-10,45.1,30.2,0.0,Dubai
2018-07-11,42.3,30.8,0.0,Dubai
2018-07-12,42.5,29.9,0.0,Dubai
2018-07-13,38.5,29.1,0.0,Dubai
2018-07-14,39.8,29.6,0.0,Dubai
2018-07-15,39.7,29.0,0.1,Dubai
2018-07-16,38.5,31.1,0.0,Dubai
2018-07-17,38.1,30.8,0.0,Dubai
2018-07-18,38.1,29.9,0.0,Dubai
2018-07-19,37.4,30.3,0.0,Dubai
2018-07-20,39.7,29.4,0.0,Dubai
2018-07-21,40.6,29.0,0.0,Dubai
2018-07-22,41.8,31.3,0.0,Dubai
2018-07-23,38.2,31.0,0.0,Dubai
2018-07-24,39.1,30.9,0.0,Dubai
2018-07-25,38.4,29.8,0.0,Dubai
2018-07-26,38.3,30.6,0.0,Dubai
2018-07-27,40.9,30.4,0.0,Dubai
2018-07-28,43.9,29.8,0.0,Dubai
2018-07-29,43.9,30.3,0.0,Dubai
2018-07-30,42.9,30.9,0.0,Dubai
2018-07-31,38.6,29.7,0.0,Dubai
2018-08-01,36.0,28.9,0.0,Dubai
2018-08-02,38.7,28.6,0.0,Dubai
2018-08-03,38.1,28.9,0.0,Dubai
2018-08-04,38.2,28.0,0.0,Dubai
2018-08-05,37.8,28.8,0.0,Dubai
2018-08-06,38.1,30.1,0.0,Dubai
2018-08-07,38.4,30.6,0.0,Dubai
2018-08-08,38.0,29.5,0.0,Dubai
2018-08-09,47.2,32.8,0.0,Dubai
2018-08-10,41.5,30.2,0.0,Dubai
2018-08-11,41.8,32.2,0.0,Dubai
2018-08-12,36.9,29.9,0.0,Dubai
2018-08-13,37.4,29.7,0.0,Dubai
2018-08-14,38.8,31.2,0.0,Dubai
2018-08-15,38.1,31.9,0.0,Dubai
2018-08-16,37.9,31.1,0.0,Dubai
2018-08-17,38.7,30.5,0.0,Dubai
2018-08-18,36.7,29.2,0.0,Dubai
2018-08-19,37.9,31.0,0.0,Dubai
2018-08-20,37.7,30.1,0.0,Dubai
2018-08-21,39.7,29.9,0.0,Dubai
2018-08-22,39.4,30.0,0.0,Dubai
2018-08-23,39.0,31.1,0.0,Dubai
2018-08-24,37.9,29.8,0.0,Dubai
2018-08-25,41.7,30.6,0.0,Dubai
2018-08-26,38.0,29.3,0.0,Dubai
2018-08-27,42.2,31.8,0.0,Dubai
2018-08-28,42.3,31.2,0.0,Dubai
2018-08-29,41.0,29.9,0.0,Dubai
2018-08-30,39.3,29.3,0.0,Dubai
2018-08-31,39.3,29.1,0.0,Dubai
2018-09-01,37.7,27.6,0.0,Dubai
2018-09-02,42.3,29.8,0.0,Dubai
2018-09-03,42.7,29.7,0.0,Dubai
2018-09-04,43.3,30.8,0.0,Dubai
2018-09-05,42.6,31.7,0.0,Dubai
2018-09-06,43.8,31.4,0.0,Dubai
2018-09-07,42.0,31.3,0.0,Dubai
2018-09-08,38.1,28.1,0.0,Dubai
2018-09-09,37.0,27.6,0.0,Dubai
2018-09-10,40.7,29.2,0.0,Dubai
2018-09-11,38.5,29.8,0.0,Dubai
2018-09-12,38.4,27.3,0.0,Dubai
2018-09-13,35.8,27.5,0.0,Dubai
2018-09-14,37.0,26.7,0.0,Dubai
2018-09-15,42.6,29.1,0.0,Dubai
2018-09-16,41.9,28.8,0.0,Dubai
2018-09-17,41.1,28.9,0.0,Dubai
2018-09-18,41.1,28.6,0.0,Dubai
2018-09-19,39.9,28.5,0.0,Dubai
2018-09-20,39.5,27.1,0.0,Dubai
2018-09-21,39.8,27.0,0.0,Dubai
2018-09-22,36.7,26.7,0.0,Dubai
2018-09-23,40.2,27.3,0.0,Dubai
2018-09-24,39.9,27.3,0.0,Dubai
2018-09-25,37.6,27.4,0.0,Dubai
2018-09-26,35.8,27.3,0.0,Dubai
2018-09-27,40.0,27.9,0.0,Dubai
2018-09-28,40.7,27.3,0.0,Dubai
2018-09-29,39.5,27.2,0.0,Dubai
2018-09-30,37.1,26.6,0.0,Dubai
2018-10-01,34.3,25.8,0.0,Dubai
2018-10-02,36.2,25.2,0.0,Dubai
2018-10-03,37.9,24.7,0.0,Dubai
2018-10-04,33.5,25.3,0.0,Dubai
2018-10-05,34.9,23.7,0.0,Dubai
2018-10-06,35.0,25.6,0.0,Dubai
2018-10-07,37.5,26.2,0.0,Dubai
2018-10-08,37.5,26.2,0.0,Dubai
2018-10-09,36.1,25.5,0.0,Dubai
2018-10-10,38.8,26.4,0.0,Dubai
2018-10-11,39.2,26.2,0.0,Dubai
2018-10-12,37.8,24.6,0.0,Dubai
2018-10-13,36.0,23.4,0.0,Dubai
2018-10-14,35.6,22.6,0.0,Dubai
2018-10-15,33.0,25.1,0.0,Dubai
2018-10-16,32.7,25.8,0.0,Dubai
2018-10-17,33.3,25.1,0.0,Dubai
2018-10-18,34.6,23.5,0.0,Dubai
2018-10-19,32.7,25.4,0.0,Dubai
2018-10-20,34.3,25.9,0.6,Dubai
2018-10-21,35.6,24.9,0.0,Dubai
2018-10-22,34.7,25.1,0.0,Dubai
2018-10-23,33.1,26.6,0.0,Dubai
2018-10-24,33.7,29.3,0.0,Dubai
2018-10-25,32.6,27.4,0.0,Dubai
2018-10-26,31.9,24.8,0.0,Dubai
2018-10-27,35.3,24.4,0.0,Dubai
2018-10-28,34.7,26.0,0.0,Dubai
2018-10-29,32.0,24.9,5.9,Dubai
2018-10-30,28.6,24.6,5.1,Dubai
2018-10-31,29.9,24.0,0.0,Dubai
2018-11-01,32.3,21.5,0.0,Dubai
2018-11-02,33.1,23.2,0.0,Dubai
2018-11-03,32.4,23.5,0.0,Dubai
2018-11-04,32.8,21.0,0.0,Dubai
2018-11-05,31.1,19.3,0.0,Dubai
2018-11-06,32.5,19.6,0.0,Dubai
2018-11-07,30.9,20.9,0.0,Dubai
2018-11-08,30.0,21.3,0.0,Dubai
2018-11-09,30.5,20.6,0.0,Dubai
2018-11-10,30.7,21.8,0.0,Dubai
2018-11-11,31.2,22.4,0.0,Dubai
2018-11-12,29.9,22.4,0.0,Dubai
2018-11-13,29.9,26.2,0.0,Dubai
2018-11-14,30.1,24.1,0.0,Dubai
2018-11-15,33.0,21.8,0.0,Dubai
2018-11-16,32.5,22.7,0.0,Dubai
2018-11-17,29.8,22.1,0.0,Dubai
2018-11-18,29.2,25.0,0.0,Dubai
2018-11-19,28.3,23.3,0.0,Dubai
2018-11-20,28.5,19.4,0.0,Dubai
2018-11-21,27.0,23.1,2.1,Dubai
2018-11-22,27.0,21.0,0.0,Dubai
2018-11-23,30.9,19.0,0.0,Dubai
2018-11-24,31.3,19.1,0.0,Dubai
2018-11-25,32.1,22.8,4.0,Dubai
2018-11-26,26.1,22.2,2.8,Dubai
2018-11-27,25.8,22.3,0.0,Dubai
2018-11-28,26.6,19.6,0.0,Dubai
2018-11-29,27.0,16.6,0.0,Dubai
2018-11-30,31.5,17.8,0.0,Dubai
2018-12-01,29.2,18.0,0.0,Dubai
2018-12-02,27.5,18.0,0.0,Dubai
2018-12-03,27.4,18.3,0.0,Dubai
2018-12-04,27.7,16.6,0.0,Dubai
2018-12-05,26.8,15.9,0.0,Dubai
2018-12-06,27.2,17.8,0.0,Dubai
2018-12-07,29.1,18.2,0.0,Dubai
2018-12-08,26.6,22.2,0.0,Dubai
2018-12-09,27.2,22.3,0.0,Dubai
2018-12-10,27.5,24.0,0.0,Dubai
2018-12-11,27.1,23.2,0.0,Dubai
2018-12-12,25.6,20.0,0.0,Dubai
2018-12-13,25.1,15.3,0.0,Dubai
2018-12-14,25.3,16.0,0.0,Dubai
2018-12-15,26.8,18.5,0.0,Dubai
2018-12-16,27.6,19.1,0.0,Dubai
2018-12-17,27.4,15.2,0.0,Dubai
2018-12-18,25.8,14.0,0.0,Dubai
2018-12-19,25.2,18.9,0.0,Dubai
2018-12-20,25.4,15.6,0.0,Dubai
2018-12-21,25.0,17.2,0.0,Dubai
2018-12-22,25.4,18.2,1.2,Dubai
2018-12-23,23.4,19.2,0.0,Dubai
2018-12-24,23.8,17.3,0.0,Dubai
2018-12-25,23.6,15.3,0.0,Dubai
2018-12-26,24.2,12.8,0.0,Dubai
2018-12-27,24.7,11.3,0.0,Dubai
2018-12-28,24.2,13.0,0.0,Dubai
2018-12-29,24.8,13.0,0.0,Dubai
2018-12-30,24.4,15.8,0.0,Dubai
2018-12-31,25.4,16.4,0.0,Dubai
2019-01-01,25.5,15.3,0.0,Dubai
2019-01-02,26.0,15.7,0.0,Dubai
2019-01-03,28.2,14.3,0.0,Dubai
2019-01-04,26.0,16.7,0.0,Dubai
2019-01-05,24.8,16.4,0.0,Dubai
2019-01-06,23.9,14.5,0.0,Dubai
2019-01-07,26.6,14.4,0.0,Dubai
2019-01-08,26.5,15.4,0.0,Dubai
2019-01-09,27.2,14.1,0.0,Dubai
2019-01-10,24.9,17.1,0.0,Dubai
2019-01-11,22.9,19.5,0.0,Dubai
2019-01-12,23.4,18.5,0.0,Dubai
2019-01-13,24.9,13.8,0.0,Dubai
2019-01-14,27.0,15.7,0.0,Dubai
2019-01-15,26.9,17.8,0.0,Dubai
2019-01-16,26.8,15.8,0.0,Dubai
2019-01-17,28.3,16.4,0.0,Dubai
2019-01-18,22.4,18.9,0.0,Dubai
2019-01-19,20.9,17.8,0.6,Dubai
2019-01-20,20.8,17.6,0.0,Dubai
2019-01-21,22.3,16.9,0.0,Dubai
2019-01-22,22.2,15.9,0.0,Dubai
2019-01-23,23.1,15.0,0.0,Dubai
2019-01-24,24.3,13.4,0.0,Dubai
2019-01-25,24.8,14.0,0.0,Dubai
2019-01-26,27.1,13.6,0.0,Dubai
2019-01-27,27.3,15.1,0.0,Dubai
2019-01-28,29.6,15.7,0.0,Dubai
2019-01-29,27.6,18.5,0.0,Dubai
2019-01-30,24.0,17.8,0.0,Dubai
2019-01-31,24.0,16.3,0.0,Dubai
2019-02-01,24.8,15.8,0.0,Dubai
2019-02-02,26.8,15.3,0.0,Dubai
2019-02-03,26.7,18.8,10.2,Dubai
2019-02-04,22.3,18.1,0.8,Dubai
2019-02-05,21.2,15.5,0.0,Dubai
2019-02-06,21.5,12.7,0.0,Dubai
2019-02-07,21.9,9.1,0.0,Dubai
2019-02-08,23.0,10.4,0.0,Dubai
2019-02-09,24.5,11.5,0.0,Dubai
2019-02-10,25.6,14.6,0.1,Dubai
2019-02-11,27.8,18.1,0.0,Dubai
2019-02-12,21.7,18.9,4.5,Dubai
2019-02-13,22.2,18.2,0.0,Dubai
2019-02-14,22.9,12.5,0.0,Dubai
2019-02-15,27.2,14.7,0.0,Dubai
2019-02-16,30.3,18.2,0.6,Dubai
2019-02-17,24.8,19.5,6.2,Dubai
2019-02-18,22.2,18.3,0.0,Dubai
2019-02-19,22.8,17.9,0.3,Dubai
2019-02-20,21.5,17.5,0.0,Dubai
2019-02-21,21.7,14.7,0.0,Dubai
2019-02-22,22.2,15.0,0.0,Dubai
2019-02-23,24.4,18.1,0.1,Dubai
2019-02-24,25.5,16.7,0.0,Dubai
2019-02-25,24.8,17.9,0.0,Dubai
2019-02-26,23.3,19.0,0.0,Dubai
2019-02-27,25.8,14.1,0.0,Dubai
2019-02-28,27.3,19.9,1.5,Dubai
2019-03-01,31.2,20.4,0.0,Dubai
2019-03-02,20.2,18.1,0.0,Dubai
2019-03-03,20.8,17.9,0.0,Dubai
2019-03-04,21.8,17.7,0.0,Dubai
2019-03-05,22.8,17.7,0.0,Dubai
2019-03-06,24.8,12.8,0.0,Dubai
2019-03-07,24.8,16.4,0.0,Dubai
2019-03-08,22.8,17.1,0.0,Dubai
2019-03-09,23.1,14.5,0.0,Dubai
2019-03-10,22.5,17.8,0.0,Dubai
2019-03-11,21.5,15.5,0.0,Dubai
2019-03-12,23.1,16.2,0.0,Dubai
2019-03-13,23.4,14.3,0.0,Dubai
2019-03-14,29.2,14.3,0.0,Dubai
2019-03-15,26.1,19.7,1.4,Dubai
2019-03-16,27.5,18.2,0.0,Dubai
2019-03-17,31.6,20.6,3.8,Dubai
2019-03-18,22.8,19.5,0.0,Dubai
2019-03-19,22.7,18.6,0.0,Dubai
2019-03-20,22.8,17.1,0.0,Dubai
2019-03-21,25.7,15.2,0.0,Dubai
2019-03-22,30.8,18.0,0.3,Dubai
2019-03-23,29.9,21.1,0.8,Dubai
2019-03-24,29.1,20.0,0.0,Dubai
2019-03-25,31.9,22.4,0.1,Dubai
2019-03-26,34.3,22.4,0.0,Dubai
2019-03-27,28.5,21.6,4.6,Dubai
2019-03-28,29.0,20.0,2.8,Dubai
2019-03-29,28.1,17.9,0.0,Dubai
2019-03-30,28.7,15.7,0.0,Dubai
2019-03-31,32.2,20.7,0.0,Dubai
2019-04-01,37.9,25.9,0.0,Dubai
2019-04-02,30.0,23.6,0.0,Dubai
2019-04-03,35.0,22.7,0.6,Dubai
2019-04-04,36.6,23.0,0.0,Dubai
2019-04-05,33.8,23.9,0.0,Dubai
2019-04-06,36.2,22.8,0.0,Dubai
2019-04-07,36.5,22.7,0.0,Dubai
2019-04-08,30.1,24.4,0.0,Dubai
2019-04-09,31.7,21.8,0.0,Dubai
2019-04-10,29.4,24.0,0.1,Dubai
2019-04-11,28.6,22.4,0.0,Dubai
2019-04-12,30.7,22.9,0.0,Dubai
2019-04-13,30.8,21.6,6.9,Dubai
2019-04-14,25.2,19.9,6.6,Dubai
2019-04-15,27.2,21.0,0.0,Dubai
2019-04-16,27.7,18.9,0.0,Dubai
2019-04-17,30.7,17.5,0.0,Dubai
2019-04-18,33.6,18.4,0.0,Dubai
2019-04-19,36.6,21.1,0.0,Dubai
2019-04-20,37.1,23.4,0.0,Dubai
2019-04-21,36.2,25.4,0.0,Dubai
2019-04-22,36.6,26.2,0.0,Dubai
2019-04-23,27.8,23.8,0.0,Dubai
2019-04-24,27.2,22.7,0.0,Dubai
2019-04-25,27.1,21.4,0.0,Dubai
2019-04-26,26.9,19.3,0.0,Dubai
2019-04-27,28.4,20.8,0.0,Dubai
2019-04-28,30.2,20.0,0.0,Dubai
2019-04-29,29.8,23.3,0.0,Dubai
2019-04-30,30.3,23.2,0.0,Dubai
2019-05-01,29.7,23.6,0.0,Dubai
2019-05-02,31.3,20.7,0.0,Dubai
2019-05-03,33.6,21.2,0.0,Dubai
2019-05-04,33.7,21.4,0.0,Dubai
2019-05-05,36.1,24.1,0.0,Dubai
2019-05-06,32.7,24.6,0.0,Dubai
2019-05-07,31.8,24.7,0.0,Dubai
2019-05-08,33.0,23.3,0.0,Dubai
2019-05-09,34.4,21.8,0.0,Dubai
2019-05-10,34.7,23.4,0.0,Dubai
2019-05-11,34.5,25.3,0.0,Dubai
2019-05-12,33.9,25.6,0.0,Dubai
2019-05-13,32.6,26.6,0.0,Dubai
2019-05-14,33.0,26.6,0.0,Dubai
2019-05-15,34.5,23.8,0.0,Dubai
2019-05-16,33.8,23.6,0.0,Dubai
2019-05-17,37.8,25.6,0.0,Dubai
2019-05-18,34.9,26.9,0.0,Dubai
2019-05-19,36.8,29.2,0.0,Dubai
2019-05-20,37.1,27.5,0.0,Dubai
2019-05-21,32.4,26.9,0.0,Dubai
2019-05-22,32.8,25.5,0.0,Dubai
2019-05-23,33.0,26.2,0.0,Dubai
2019-05-24,34.4,24.7,0.0,Dubai
2019-05-25,36.8,22.8,0.0,Dubai
2019-05-26,39.9,24.3,0.0,Dubai
2019-05-27,40.9,25.6,0.0,Dubai
2019-05-28,40.5,28.5,0.0,Dubai
2019-05-29,39.5,26.6,0.0,Dubai
2019-05-30,37.6,26.0,0.0,Dubai
2019-05-31,37.0,26.8,0.0,Dubai
2019-06-01,36.3,27.0,0.0,Dubai
2019-06-02,36.1,26.3,0.0,Dubai
2019-06-03,36.0,24.4,0.0,Dubai
2019-06-04,43.1,27.8,0.0,Dubai
2019-06-05,40.9,28.4,0.0,Dubai
2019-06-06,41.4,26.9,0.0,Dubai
2019-06-07,39.5,26.9,0.0,Dubai
2019-06-08,38.3,27.3,0.0,Dubai
2019-06-09,36.8,27.4,0.0,Dubai
2019-06-10,36.4,27.2,0.0,Dubai
2019-06-11,38.4,27.6,0.0,Dubai
2019-06-12,46.0,29.1,0.0,Dubai
2019-06-13,42.7,29.3,0.0,Dubai
2019-06-14,41.8,28.4,0.0,Dubai
2019-06-15,39.7,27.6,0.0,Dubai
2019-06-16,39.8,27.1,0.0,Dubai
2019-06-17,39.4,28.0,0.0,Dubai
2019-06-18,37.5,28.1,0.0,Dubai
2019-06-19,37.8,31.8,0.0,Dubai
2019-06-20,42.1,29.4,0.0,Dubai
2019-06-21,39.0,30.7,0.0,Dubai
2019-06-22,38.0,31.2,0.0,Dubai
2019-06-23,39.3,31.7,0.0,Dubai
2019-06-24,38.9,32.1,0.0,Dubai
2019-06-25,40.7,29.6,0.0,Dubai
2019-06-26,41.2,31.7,0.0,Dubai
2019-06-27,41.4,30.4,0.0,Dubai
2019-06-28,41.1,29.5,0.0,Dubai
2019-06-29,42.4,29.5,0.0,Dubai
2019-06-30,40.3,28.6,0.0,Dubai
2019-07-01,39.0,29.8,0.0,Dubai
2019-07-02,37.6,29.8,0.0,Dubai
2019-07-03,39.3,28.6,0.0,Dubai
2019-07-04,41.1,30.9,0.0,Dubai
2019-07-05,40.7,30.3,0.0,Dubai
2019-07-06,39.5,29.7,0.0,Dubai
2019-07-07,39.0,30.6,0.0,Dubai
2019-07-08,37.8,28.9,0.0,Dubai
2019-07-09,37.7,30.8,0.0,Dubai
2019-07-10,37.7,32.7,0.0,Dubai
2019-07-11,38.6,28.4,0.0,Dubai
2019-07-12,38.0,29.6,0.0,Dubai
2019-07-13,38.9,29.5,0.0,Dubai
2019-07-14,40.5,31.0,0.0,Dubai
2019-07-15,37.7,30.3,0.0,Dubai
2019-07-16,38.9,29.8,0.0,Dubai
2019-07-17,37.4,29.9,0.0,Dubai
2019-07-18,36.5,30.9,0.0,Dubai
2019-07-19,39.9,32.1,0.0,Dubai
2019-07-20,42.8,31.8,0.0,Dubai
2019-07-21,41.0,31.4,0.0,Dubai
2019-07-22,40.1,32.9,0.0,Dubai
2019-07-23,42.9,32.2,0.0,Dubai
2019-07-24,40.6,32.2,0.0,Dubai
2019-07-25,39.6,32.5,0.0,Dubai
2019-07-26,40.9,32.3,0.0,Dubai
2019-07-27,42.5,29.9,0.0,Dubai
2019-07-28,43.2,31.2,0.0,Dubai
2019-07-29,41.9,33.9,0.0,Dubai
2019-07-30,42.4,32.1,0.0,Dubai
2019-07-31,42.4,34.1,0.0,Dubai
2019-08-01,41.1,32.6,0.0,Dubai
2019-08-02,38.4,30.1,0.0,Dubai
2019-08-03,39.3,31.1,0.0,Dubai
2019-08-04,39.7,29.6,0.0,Dubai
2019-08-05,38.4,30.3,0.0,Dubai
2019-08-06,38.4,30.9,0.0,Dubai
2019-08-07,38.1,30.0,0.0,Dubai
2019-08-08,38.5,31.2,0.0,Dubai
2019-08-09,45.2,31.5,0.0,Dubai
2019-08-10,42.8,32.4,0.0,Dubai
2019-08-11,37.7,31.2,0.0,Dubai
2019-08-12,38.6,29.8,0.0,Dubai
2019-08-13,38.0,32.7,0.0,Dubai
2019-08-14,41.5,33.3,0.0,Dubai
2019-08-15,45.3,32.6,0.0,Dubai
2019-08-16,43.4,31.6,0.0,Dubai
2019-08-17,41.8,31.2,0.0,Dubai
2019-08-18,39.5,31.9,0.0,Dubai
2019-08-19,42.1,31.5,0.0,Dubai
2019-08-20,40.9,29.3,0.0,Dubai
2019-08-21,39.0,29.6,0.0,Dubai
2019-08-22,37.0,29.8,0.0,Dubai
2019-08-23,42.0,31.2,0.0,Dubai
2019-08-24,41.7,30.8,0.0,Dubai
2019-08-25,40.2,29.5,0.0,Dubai
2019-08-26,39.1,28.1,0.0,Dubai
2019-08-27,41.5,28.5,0.0,Dubai
2019-08-28,43.4,28.1,0.0,Dubai
2019-08-29,42.9,27.4,0.0,Dubai
2019-08-30,39.2,27.3,0.0,Dubai
2019-08-31,38.0,26.7,0.0,Dubai
2019-09-01,39.4,29.5,0.0,Dubai
2019-09-02,42.5,29.7,0.0,Dubai
2019-09-03,41.6,28.3,0.0,Dubai
2019-09-04,40.5,28.9,0.0,Dubai
2019-09-05,38.6,28.3,0.0,Dubai
2019-09-06,40.0,28.0,0.0,Dubai
2019-09-07,39.0,29.1,0.0,Dubai
2019-09-08,37.6,29.5,0.0,Dubai
2019-09-09,37.2,29.2,0.0,Dubai
2019-09-10,37.6,30.2,0.0,Dubai
2019-09-11,37.5,29.2,0.0,Dubai
2019-09-12,37.3,28.6,0.0,Dubai
2019-09-13,36.2,28.8,0.0,Dubai
2019-09-14,37.2,28.5,0.0,Dubai
2019-09-15,38.4,27.5,0.0,Dubai
2019-09-16,39.2,29.4,0.0,Dubai
2019-09-17,38.8,28.9,0.0,Dubai
2019-09-18,39.3,28.8,0.0,Dubai
2019-09-19,41.2,27.1,0.0,Dubai
2019-09-20,39.8,27.4,0.0,Dubai
2019-09-21,36.5,27.3,0.0,Dubai
2019-09-22,37.1,27.2,0.0,Dubai
2019-09-23,36.5,25.7,0.0,Dubai
2019-09-24,40.3,28.0,0.0,Dubai
2019-09-25,35.9,28.6,0.0,Dubai
2019-09-26,36.8,29.3,0.0,Dubai
2019-09-27,38.2,28.9,0.0,Dubai
2019-09-28,36.1,28.8,0.0,Dubai
2019-09-29,37.5,28.4,0.0,Dubai
2019-09-30,36.9,28.2,0.0,Dubai
2019-10-01,36.4,27.8,0.0,Dubai
2019-10-02,36.6,25.9,0.0,Dubai
2019-10-03,36.2,26.7,0.0,Dubai
2019-10-04,40.3,29.6,0.0,Dubai
2019-10-05,37.9,28.1,0.0,Dubai
2019-10-06,37.7,26.3,0.0,Dubai
2019-10-07,36.1,28.2,1.1,Dubai
2019-10-08,34.8,27.1,0.0,Dubai
2019-10-09,33.8,26.9,0.0,Dubai
2019-10-10,34.0,28.5,0.0,Dubai
2019-10-11,34.2,27.4,0.0,Dubai
2019-10-12,38.7,26.5,0.0,Dubai
2019-10-13,37.5,24.8,0.0,Dubai
2019-10-14,34.8,25.9,0.0,Dubai
2019-10-15,34.8,24.5,0.0,Dubai
2019-10-16,35.3,23.2,0.0,Dubai
2019-10-17,34.4,24.0,0.0,Dubai
2019-10-18,34.0,24.6,0.0,Dubai
2019-10-19,34.2,24.1,0.0,Dubai
2019-10-20,33.5,23.8,0.0,Dubai
2019-10-21,32.1,23.6,0.0,Dubai
2019-10-22,32.9,24.5,0.0,Dubai
2019-10-23,34.6,25.1,0.0,Dubai
2019-10-24,33.8,24.0,0.0,Dubai
2019-10-25,34.7,24.1,0.0,Dubai
2019-10-26,36.3,23.5,0.0,Dubai
2019-10-27,35.5,21.1,0.0,Dubai
2019-10-28,33.5,22.2,0.0,Dubai
2019-10-29,37.9,24.4,0.0,Dubai
2019-10-30,37.7,22.9,0.0,Dubai
2019-10-31,35.4,24.2,0.0,Dubai
2019-11-01,32.1,26.2,0.0,Dubai
2019-11-02,31.0,26.2,0.0,Dubai
2019-11-03,32.3,20.9,0.0,Dubai
2019-11-04,33.1,21.7,0.0,Dubai
2019-11-05,30.9,22.8,0.0,Dubai
2019-11-06,32.3,22.3,0.0,Dubai
2019-11-07,33.3,22.2,0.0,Dubai
2019-11-08,32.3,20.9,0.0,Dubai
2019-11-09,31.0,21.5,0.0,Dubai
2019-11-10,29.7,22.3,2.3,Dubai
2019-11-11,29.7,18.8,0.0,Dubai
2019-11-12,30.1,16.4,0.0,Dubai
2019-11-13,29.3,16.5,0.0,Dubai
2019-11-14,28.7,15.6,0.0,Dubai
2019-11-15,28.2,16.1,0.0,Dubai
2019-11-16,28.1,20.7,0.0,Dubai
2019-11-17,30.5,19.8,0.0,Dubai
2019-11-18,29.9,20.5,0.0,Dubai
2019-11-19,30.6,20.6,0.0,Dubai
2019-11-20,25.2,21.8,9.2,Dubai
2019-11-21,24.4,20.8,2.3,Dubai
2019-11-22,24.2,15.8,0.0,Dubai
2019-11-23,25.2,14.7,0.0,Dubai
2019-11-24,26.2,15.5,0.0,Dubai
2019-11-25,26.0,16.5,0.0,Dubai
2019-11-26,27.0,16.0,0.0,Dubai
2019-11-27,26.9,15.6,0.0,Dubai
2019-11-28,28.8,16.3,0.0,Dubai
2019-11-29,26.9,15.8,0.0,Dubai
2019-11-30,27.1,17.4,0.0,Dubai
2019-12-01,27.7,17.6,0.0,Dubai
2019-12-02,26.9,16.0,0.0,Dubai
2019-12-03,27.2,16.9,0.0,Dubai
2019-12-04,25.3,16.6,0.0,Dubai
2019-12-05,25.8,18.5,0.0,Dubai
2019-12-06,27.8,17.5,0.0,Dubai
2019-12-07,28.0,19.1,0.5,Dubai
2019-12-08,26.5,19.9,0.2,Dubai
2019-12-09,26.8,18.8,0.0,Dubai
2019-12-10,25.7,20.0,2.8,Dubai
2019-12-11,24.5,21.3,8.3,Dubai
2019-12-12,24.7,18.9,0.0,Dubai
2019-12-13,25.2,15.5,0.0,Dubai
2019-12-14,25.5,18.2,0.0,Dubai
2019-12-15,25.0,16.6,0.0,Dubai
2019-12-16,25.9,19.3,0.4,Dubai
2019-12-17,27.5,21.7,0.0,Dubai
2019-12-18,26.0,20.1,0.4,Dubai
2019-12-19,24.2,20.7,0.6,Dubai
2019-12-20,24.2,17.7,0.0,Dubai
2019-12-21,24.2,13.1,0.0,Dubai
2019-12-22,25.1,12.4,0.0,Dubai
2019-12-23,24.2,12.2,0.0,Dubai
2019-12-24,24.0,12.1,0.0,Dubai
2019-12-25,25.1,11.3,0.0,Dubai
2019-12-26,24.4,11.8,0.0,Dubai
2019-12-27,24.0,14.2,0.0,Dubai
2019-12-28,23.7,14.2,0.0,Dubai
2019-12-29,24.7,13.9,0.0,Dubai
2019-12-30,24.6,16.8,0.0,Dubai
2019-12-31,25.2,15.0,0.0,Dubai
2020-01-01,25.2,15.9,0.0,Dubai
2020-01-02,24.7,17.5,0.0,Dubai
2020-01-03,26.1,16.2,0.0,Dubai
2020-01-04,29.1,15.8,0.0,Dubai
2020-01-05,27.3,19.5,1.0,Dubai
2020-01-06,23.6,19.2,8.7,Dubai
2020-01-07,23.5,14.2,0.0,Dubai
2020-01-08,26.8,12.5,0.0,Dubai
2020-01-09,26.0,14.4,5.4,Dubai
2020-01-10,20.6,18.3,18.5,Dubai
2020-01-11,21.1,17.5,81.9,Dubai
2020-01-12,18.7,14.9,6.1,Dubai
2020-01-13,20.7,14.9,0.0,Dubai
2020-01-14,19.9,15.0,0.6,Dubai
2020-01-15,19.5,13.4,3.2,Dubai
2020-01-16,20.5,11.9,0.0,Dubai
2020-01-17,21.8,11.6,0.0,Dubai
2020-01-18,22.7,12.2,0.0,Dubai
2020-01-19,23.6,12.7,0.0,Dubai
2020-01-20,23.7,13.4,0.0,Dubai
2020-01-21,21.9,15.0,0.0,Dubai
2020-01-22,25.5,11.3,0.0,Dubai
2020-01-23,25.8,16.6,0.1,Dubai
2020-01-24,20.5,16.9,1.6,Dubai
2020-01-25,20.8,14.9,0.0,Dubai
2020-01-26,19.4,16.3,0.9,Dubai
2020-01-27,20.7,16.8,0.0,Dubai
2020-01-28,21.3,13.4,0.0,Dubai
2020-01-29,21.3,11.1,0.0,Dubai
2020-01-30,20.9,12.5,0.0,Dubai
2020-01-31,20.9,12.5,0.0,Dubai
2020-02-01,21.3,12.2,0.0,Dubai
2020-02-02,22.5,13.0,0.0,Dubai
2020-02-03,21.6,17.4,0.0,Dubai
2020-02-04,21.9,13.9,0.0,Dubai
2020-02-05,21.7,11.5,0.0,Dubai
2020-02-06,23.2,13.3,0.0,Dubai
2020-02-07,22.9,16.2,0.0,Dubai
2020-02-08,26.5,12.7,0.0,Dubai
2020-02-09,29.2,17.7,0.0,Dubai
2020-02-10,26.0,19.2,0.2,Dubai
2020-02-11,22.4,19.7,0.1,Dubai
2020-02-12,19.5,16.0,0.0,Dubai
2020-02-13,20.7,13.5,0.0,Dubai
2020-02-14,21.5,11.2,0.0,Dubai
2020-02-15,22.3,12.4,0.0,Dubai
2020-02-16,25.3,13.0,0.0,Dubai
2020-02-17,30.1,15.9,0.0,Dubai
2020-02-18,26.3,14.6,0.0,Dubai
2020-02-19,26.7,15.1,0.0,Dubai
2020-02-20,29.6,15.1,0.0,Dubai
2020-02-21,25.8,16.9,0.0,Dubai
2020-02-22,27.3,18.7,0.0,Dubai
2020-02-23,27.6,19.8,0.0,Dubai
2020-02-24,28.8,18.3,0.0,Dubai
2020-02-25,30.7,18.4,0.0,Dubai
2020-02-26,29.4,20.6,0.0,Dubai
2020-02-27,23.3,19.9,0.0,Dubai
2020-02-28,23.2,18.4,0.0,Dubai
2020-02-29,24.5,17.1,0.0,Dubai
2020-03-01,24.2,16.0,0.0,Dubai
2020-03-02,27.4,16.0,0.0,Dubai
2020-03-03,23.4,17.7,0.0,Dubai
2020-03-04,22.9,18.5,0.0,Dubai
2020-03-05,23.7,17.5,0.0,Dubai
2020-03-06,25.9,15.3,0.0,Dubai
2020-03-07,28.4,15.8,0.0,Dubai
2020-03-08,29.0,16.0,0.0,Dubai
2020-03-09,24.5,18.0,0.2,Dubai
2020-03-10,25.7,17.9,0.0,Dubai
2020-03-11,26.1,13.6,0.0,Dubai
2020-03-12,24.8,14.1,0.0,Dubai
2020-03-13,28.1,14.1,0.0,Dubai
2020-03-14,30.8,16.8,0.0,Dubai
2020-03-15,31.0,21.3,0.0,Dubai
2020-03-16,29.6,19.3,0.0,Dubai
2020-03-17,28.9,19.7,0.0,Dubai
2020-03-18,30.9,20.5,0.0,Dubai
2020-03-19,30.7,21.6,0.0,Dubai
2020-03-20,31.1,21.7,0.0,Dubai
2020-03-21,29.5,22.4,2.6,Dubai
2020-03-22,29.9,21.7,13.9,Dubai
2020-03-23,23.1,19.5,0.0,Dubai
2020-03-24,23.4,18.9,0.0,Dubai
2020-03-25,23.9,17.7,0.0,Dubai
2020-03-26,26.9,16.6,0.3,Dubai
2020-03-27,31.3,18.4,0.0,Dubai
2020-03-28,33.6,20.7,0.0,Dubai
2020-03-29,33.9,24.7,0.7,Dubai
2020-03-30,27.1,21.4,1.2,Dubai
2020-03-31,26.1,18.3,0.0,Dubai
2020-04-01,27.2,19.0,0.0,Dubai
2020-04-02,29.0,18.6,0.0,Dubai
2020-04-03,35.0,19.7,0.0,Dubai
2020-04-04,36.0,21.8,0.0,Dubai
2020-04-05,32.2,22.6,0.0,Dubai
2020-04-06,28.7,21.1,0.0,Dubai
2020-04-07,29.5,18.1,0.0,Dubai
2020-04-08,32.7,19.3,0.0,Dubai
2020-04-09,36.9,22.2,0.0,Dubai
2020-04-10,40.0,24.9,0.0,Dubai
2020-04-11,38.5,28.7,0.0,Dubai
2020-04-12,36.3,26.8,0.0,Dubai
2020-04-13,32.2,25.7,0.7,Dubai
2020-04-14,28.9,24.1,1.4,Dubai
2020-04-15,30.7,21.8,3.0,Dubai
2020-04-16,26.5,21.4,2.0,Dubai
2020-04-17,26.2,21.3,0.0,Dubai
2020-04-18,28.9,18.4,0.0,Dubai
2020-04-19,35.5,20.8,0.0,Dubai
2020-04-20,34.7,25.5,0.2,Dubai
2020-04-21,29.5,25.9,0.0,Dubai
2020-04-22,29.5,23.8,0.0,Dubai
2020-04-23,31.1,22.0,0.0,Dubai
2020-04-24,31.6,23.6,0.0,Dubai
2020-04-25,35.9,22.5,0.0,Dubai
2020-04-26,39.9,22.8,0.0,Dubai
2020-04-27,42.3,27.7,0.0,Dubai
2020-04-28,33.1,26.1,0.0,Dubai
2020-04-29,39.2,23.8,0.0,Dubai
2020-04-30,40.6,28.8,0.0,Dubai
2020-05-01,38.1,30.3,0.0,Dubai
2020-05-02,36.0,27.7,0.0,Dubai
2020-05-03,38.1,26.6,0.0,Dubai
2020-05-04,32.8,25.6,0.0,Dubai
2020-05-05,32.7,23.2,0.0,Dubai
2020-05-06,34.3,20.6,0.0,Dubai
2020-05-07,33.5,21.3,0.0,Dubai
2020-05-08,32.8,25.7,0.0,Dubai
2020-05-09,32.5,24.4,0.0,Dubai
2020-05-10,34.4,22.5,0.0,Dubai
2020-05-11,34.8,26.9,0.0,Dubai
2020-05-12,32.0,27.1,0.0,Dubai
2020-05-13,32.0,26.2,0.0,Dubai
2020-05-14,35.5,23.0,0.0,Dubai
2020-05-15,36.1,23.3,0.0,Dubai
2020-05-16,37.5,25.4,0.0,Dubai
2020-05-17,37.8,24.8,0.0,Dubai
2020-05-18,38.3,24.2,0.0,Dubai
2020-05-19,39.4,25.1,0.0,Dubai
2020-05-20,35.9,26.8,0.0,Dubai
2020-05-21,36.5,24.7,0.0,Dubai
2020-05-22,35.7,24.9,0.0,Dubai
2020-05-23,37.7,24.7,0.0,Dubai
2020-05-24,38.9,25.4,0.1,Dubai
2020-05-25,37.4,28.1,0.0,Dubai
2020-05-26,36.9,28.0,0.0,Dubai
2020-05-27,35.5,27.2,0.0,Dubai
2020-05-28,38.0,26.5,0.0,Dubai
2020-05-29,41.9,26.5,0.0,Dubai
2020-05-30,40.9,27.0,0.0,Dubai
2020-05-31,39.1,29.4,0.0,Dubai
2020-06-01,39.0,30.2,0.0,Dubai
2020-06-02,40.3,29.7,0.0,Dubai
2020-06-03,37.8,28.2,0.0,Dubai
2020-06-04,38.0,29.1,0.0,Dubai
2020-06-05,38.7,27.4,0.0,Dubai
2020-06-06,36.1,28.1,0.0,Dubai
2020-06-07,41.9,26.9,0.0,Dubai
2020-06-08,39.9,27.4,0.0,Dubai
2020-06-09,37.6,27.7,0.0,Dubai
2020-06-10,40.1,30.5,0.0,Dubai
2020-06-11,41.6,29.6,0.0,Dubai
2020-06-12,37.5,28.3,0.0,Dubai
2020-06-13,39.5,27.4,0.0,Dubai
2020-06-14,40.2,27.3,0.0,Dubai
2020-06-15,40.0,28.1,0.0,Dubai
2020-06-16,39.0,29.4,0.0,Dubai
2020-06-17,43.4,27.7,0.0,Dubai
2020-06-18,41.2,28.0,0.0,Dubai
2020-06-19,39.0,29.0,0.0,Dubai
2020-06-20,37.1,31.0,0.0,Dubai
2020-06-21,36.2,29.4,0.0,Dubai
2020-06-22,36.3,29.9,0.0,Dubai
2020-06-23,36.8,28.5,0.0,Dubai
2020-06-24,39.4,29.1,0.0,Dubai
2020-06-25,40.8,31.1,0.0,Dubai
2020-06-26,37.4,30.7,0.0,Dubai
2020-06-27,41.2,31.6,0.0,Dubai
2020-06-28,40.4,30.8,0.0,Dubai
2020-06-29,38.0,28.7,0.0,Dubai
2020-06-30,39.0,27.9,0.0,Dubai
2020-07-01,42.0,29.0,0.0,Dubai
2020-07-02,42.3,31.2,0.0,Dubai
2020-07-03,39.6,32.5,0.0,Dubai
2020-07-04,41.1,30.3,0.0,Dubai
2020-07-05,39.2,30.0,0.0,Dubai
2020-07-06,38.3,27.6,0.0,Dubai
2020-07-07,37.2,28.5,0.0,Dubai
2020-07-08,43.8,30.0,0.0,Dubai
2020-07-09,41.4,30.7,0.0,Dubai
2020-07-10,42.8,29.9,0.0,Dubai
2020-07-11,43.7,30.3,0.0,Dubai
2020-07-12,43.7,29.4,0.0,Dubai
2020-07-13,43.2,32.1,0.0,Dubai
2020-07-14,43.2,32.6,0.0,Dubai
2020-07-15,40.6,30.4,0.0,Dubai
2020-07-16,43.6,33.3,0.0,Dubai
2020-07-17,41.5,34.0,0.0,Dubai
2020-07-18,41.1,33.1,0.0,Dubai
2020-07-19,44.1,34.2,0.0,Dubai
2020-07-20,40.5,33.6,0.0,Dubai
2020-07-21,42.1,31.8,0.0,Dubai
2020-07-22,42.8,31.3,0.0,Dubai
2020-07-23,37.2,29.4,0.0,Dubai
2020-07-24,37.5,29.9,0.0,Dubai
2020-07-25,39.4,30.7,0.0,Dubai
2020-07-26,40.0,30.7,0.0,Dubai
2020-07-27,40.1,31.1,0.0,Dubai
2020-07-28,40.9,32.6,0.0,Dubai
2020-07-29,41.0,31.8,0.0,Dubai
2020-07-30,37.2,30.7,0.0,Dubai
2020-07-31,43.7,30.0,0.0,Dubai
2020-08-01,43.9,32.1,0.0,Dubai
2020-08-02,43.2,32.4,0.0,Dubai
2020-08-03,40.9,29.6,0.0,Dubai
2020-08-04,37.6,30.3,0.0,Dubai
2020-08-05,37.0,30.3,0.0,Dubai
2020-08-06,39.5,30.1,0.0,Dubai
2020-08-07,40.5,30.9,0.0,Dubai
2020-08-08,38.9,31.4,0.0,Dubai
2020-08-09,39.3,30.9,0.0,Dubai
2020-08-10,39.6,31.3,0.0,Dubai
2020-08-11,41.8,32.4,0.0,Dubai
2020-08-12,37.9,32.8,0.0,Dubai
2020-08-13,36.5,32.1,0.0,Dubai
2020-08-14,37.9,30.9,0.0,Dubai
2020-08-15,40.1,31.2,0.0,Dubai
2020-08-16,39.2,31.8,0.0,Dubai
2020-08-17,37.1,31.3,0.0,Dubai
2020-08-18,37.8,30.3,0.0,Dubai
2020-08-19,42.0,32.9,0.0,Dubai
2020-08-20,38.8,32.5,0.0,Dubai
2020-08-21,38.4,31.5,0.0,Dubai
2020-08-22,42.5,31.0,0.0,Dubai
2020-08-23,41.3,31.6,0.0,Dubai
2020-08-24,41.1,31.1,0.0,Dubai
2020-08-25,40.6,31.0,0.0,Dubai
2020-08-26,41.5,30.8,0.0,Dubai
2020-08-27,41.3,32.6,0.0,Dubai
2020-08-28,41.2,33.1,0.0,Dubai
2020-08-29,39.8,31.6,0.0,Dubai
2020-08-30,42.4,32.1,0.0,Dubai
2020-08-31,44.3,30.9,0.0,Dubai
2020-09-01,41.1,28.1,0.0,Dubai
2020-09-02,39.6,28.7,0.0,Dubai
2020-09-03,40.5,27.6,0.0,Dubai
2020-09-04,41.2,26.9,0.0,Dubai
2020-09-05,40.6,26.7,0.0,Dubai
2020-09-06,39.9,27.2,0.0,Dubai
2020-09-07,40.2,26.3,0.0,Dubai
2020-09-08,37.9,27.6,0.0,Dubai
2020-09-09,35.8,27.7,0.0,Dubai
2020-09-10,37.3,27.1,0.0,Dubai
2020-09-11,39.6,26.1,0.0,Dubai
2020-09-12,44.3,26.2,0.0,Dubai
2020-09-13,42.4,28.3,0.0,Dubai
2020-09-14,42.7,28.4,0.0,Dubai
2020-09-15,42.7,26.8,0.0,Dubai
2020-09-16,40.3,25.9,0.0,Dubai
2020-09-17,40.6,26.0,0.0,Dubai
2020-09-18,41.4,26.5,0.0,Dubai
2020-09-19,39.8,25.1,0.0,Dubai
2020-09-20,37.4,26.4,0.0,Dubai
2020-09-21,35.4,25.5,0.0,Dubai
2020-09-22,38.7,24.5,0.0,Dubai
2020-09-23,42.4,24.4,0.0,Dubai
2020-09-24,40.6,25.7,0.0,Dubai
2020-09-25,40.6,25.1,0.0,Dubai
2020-09-26,35.1,25.3,0.0,Dubai
2020-09-27,36.5,24.3,0.0,Dubai
2020-09-28,35.3,25.5,0.0,Dubai
2020-09-29,37.4,25.4,0.0,Dubai
2020-09-30,39.6,25.2,0.0,Dubai
2020-10-01,38.6,27.5,0.0,Dubai
2020-10-02,35.4,24.3,0.0,Dubai
2020-10-03,34.1,25.1,0.0,Dubai
2020-10-04,35.5,26.1,0.0,Dubai
2020-10-05,35.7,25.8,0.0,Dubai
2020-10-06,36.1,24.5,0.0,Dubai
2020-10-07,38.6,24.6,0.0,Dubai
2020-10-08,35.5,24.8,0.0,Dubai
2020-10-09,35.5,25.6,0.0,Dubai
2020-10-10,34.9,25.4,0.0,Dubai
2020-10-11,34.2,28.1,0.0,Dubai
2020-10-12,35.1,28.4,0.0,Dubai
2020-10-13,35.8,25.6,0.0,Dubai
2020-10-14,35.8,22.3,0.0,Dubai
2020-10-15,36.4,20.8,0.0,Dubai
2020-10-16,34.6,19.7,0.0,Dubai
2020-10-17,35.9,20.7,0.0,Dubai
2020-10-18,35.8,20.2,0.0,Dubai
2020-10-19,34.0,18.9,0.0,Dubai
2020-10-20,33.0,19.6,0.0,Dubai
2020-10-21,35.8,18.9,0.0,Dubai
2020-10-22,31.8,19.3,0.0,Dubai
2020-10-23,32.1,19.8,0.0,Dubai
2020-10-24,35.5,18.5,0.0,Dubai
2020-10-25,34.8,20.0,0.0,Dubai
2020-10-26,33.5,20.5,0.0,Dubai
2020-10-27,32.5,18.0,0.0,Dubai
2020-10-28,31.3,20.5,0.0,Dubai
2020-10-29,32.3,20.2,0.0,Dubai
2020-10-30,32.6,19.8,0.0,Dubai
2020-10-31,31.5,20.7,0.0,Dubai
2020-11-01,30.2,20.4,0.0,Dubai
2020-11-02,30.7,19.9,0.0,Dubai
2020-11-03,31.0,20.9,0.0,Dubai
2020-11-04,30.6,20.7,0.0,Dubai
2020-11-05,30.2,20.5,0.0,Dubai
2020-11-06,32.4,18.5,0.0,Dubai
2020-11-07,32.0,20.2,0.0,Dubai
2020-11-08,29.9,23.8,0.3,Dubai
2020-11-09,31.0,22.7,0.0,Dubai
2020-11-10,30.4,21.8,0.0,Dubai
2020-11-11,32.1,21.1,0.0,Dubai
2020-11-12,33.6,22.3,0.0,Dubai
2020-11-13,33.8,22.8,0.0,Dubai
2020-11-14,29.7,23.0,3.2,Dubai
2020-11-15,30.6,21.6,0.0,Dubai
2020-11-16,29.3,20.0,0.0,Dubai
2020-11-17,29.5,20.8,0.0,Dubai
2020-11-18,29.2,20.8,0.0,Dubai
2020-11-19,27.7,22.4,0.0,Dubai
2020-11-20,31.4,19.8,0.0,Dubai
2020-11-21,30.0,20.5,0.0,Dubai
2020-11-22,30.0,20.1,0.0,Dubai
2020-11-23,27.9,21.1,0.7,Dubai
2020-11-24,26.5,21.4,0.0,Dubai
2020-11-25,29.0,16.9,0.0,Dubai
2020-11-26,29.6,19.2,0.0,Dubai
2020-11-27,29.5,20.4,0.0,Dubai
2020-11-28,27.7,20.3,0.0,Dubai
2020-11-29,28.4,19.0,0.0,Dubai
2020-11-30,27.1,17.7,0.0,Dubai
2020-12-01,28.1,18.3,0.0,Dubai
2020-12-02,28.0,17.1,0.0,Dubai
2020-12-03,26.9,18.8,0.0,Dubai
2020-12-04,28.1,19.4,0.0,Dubai
2020-12-05,28.6,20.1,0.0,Dubai
2020-12-06,28.7,19.4,0.0,Dubai
2020-12-07,26.3,20.9,0.1,Dubai
2020-12-08,25.0,21.9,0.0,Dubai
2020-12-09,25.4,18.6,0.0,Dubai
2020-12-10,24.8,19.7,0.3,Dubai
2020-12-11,26.0,17.7,0.0,Dubai
2020-12-12,25.3,18.0,0.0,Dubai
2020-12-13,25.0,16.8,0.0,Dubai
2020-12-14,25.4,15.4,0.0,Dubai
2020-12-15,27.6,15.9,0.0,Dubai
2020-12-16,28.0,16.5,0.0,Dubai
2020-12-17,26.7,15.6,0.0,Dubai
2020-12-18,25.8,14.8,0.0,Dubai
2020-12-19,25.5,16.2,0.0,Dubai
2020-12-20,25.8,20.9,0.0,Dubai
2020-12-21,24.7,17.7,0.0,Dubai
2020-12-22,24.2,17.1,0.0,Dubai
2020-12-23,24.7,15.1,0.0,Dubai
2020-12-24,23.8,14.5,0.0,Dubai
2020-12-25,24.5,15.2,0.0,Dubai
2020-12-26,22.9,17.6,0.0,Dubai
2020-12-27,25.2,17.3,0.0,Dubai
2020-12-28,25.7,15.2,0.0,Dubai
2020-12-29,24.0,14.4,0.0,Dubai
2020-12-30,25.7,13.1,0.0,Dubai
2020-12-31,26.5,14.8,0.0,Dubai
2021-01-01,25.7,16.2,0.0,Dubai
2021-01-02,24.8,14.5,0.0,Dubai
2021-01-03,22.7,15.8,0.0,Dubai
2021-01-04,23.2,11.2,0.0,Dubai
2021-01-05,23.7,11.0,0.0,Dubai
2021-01-06,23.5,12.0,0.0,Dubai
2021-01-07,23.4,12.7,0.0,Dubai
2021-01-08,23.2,14.3,0.0,Dubai
2021-01-09,24.1,8.7,0.0,Dubai
2021-01-10,24.1,10.4,0.0,Dubai
2021-01-11,23.2,9.4,0.0,Dubai
2021-01-12,23.1,11.5,0.0,Dubai
2021-01-13,23.0,11.9,0.0,Dubai
2021-01-14,22.4,15.8,0.0,Dubai
2021-01-15,22.4,14.1,0.0,Dubai
2021-01-16,22.3,13.0,0.0,Dubai
2021-01-17,24.3,13.4,0.0,Dubai
2021-01-18,25.4,14.1,0.0,Dubai
2021-01-19,24.9,17.0,0.0,Dubai
2021-01-20,24.7,15.8,0.0,Dubai
2021-01-21,24.0,14.0,0.0,Dubai
2021-01-22,21.8,16.5,0.0,Dubai
2021-01-23,25.5,13.0,0.0,Dubai
2021-01-24,23.5,14.1,0.0,Dubai
2021-01-25,22.6,16.2,0.0,Dubai
2021-01-26,23.7,15.1,0.0,Dubai
2021-01-27,24.2,16.5,0.0,Dubai
2021-01-28,25.9,13.4,0.0,Dubai
2021-01-29,27.2,11.6,0.0,Dubai
2021-01-30,27.7,15.7,0.0,Dubai
2021-01-31,23.8,15.3,0.0,Dubai
2021-02-01,22.5,17.3,0.0,Dubai
2021-02-02,23.6,14.2,0.0,Dubai
2021-02-03,23.3,13.3,0.0,Dubai
2021-02-04,23.8,13.2,0.0,Dubai
2021-02-05,28.2,13.9,0.0,Dubai
2021-02-06,27.2,16.2,0.0,Dubai
2021-02-07,26.0,17.6,0.0,Dubai
2021-02-08,25.7,16.6,0.0,Dubai
2021-02-09,23.8,18.3,0.0,Dubai
2021-02-10,24.7,17.2,0.0,Dubai
2021-02-11,24.6,16.8,0.0,Dubai
2021-02-12,23.5,17.0,0.0,Dubai
2021-02-13,22.8,15.6,0.0,Dubai
2021-02-14,24.1,16.7,0.0,Dubai
2021-02-15,23.7,16.3,0.0,Dubai
2021-02-16,23.4,15.1,0.0,Dubai
2021-02-17,29.9,15.1,0.0,Dubai
2021-02-18,31.6,18.2,0.0,Dubai
2021-02-19,25.9,19.4,0.0,Dubai
2021-02-20,25.6,18.0,0.0,Dubai
2021-02-21,25.8,20.0,0.0,Dubai
2021-02-22,27.2,19.2,0.0,Dubai
2021-02-23,26.4,20.3,0.0,Dubai
2021-02-24,26.0,19.7,0.0,Dubai
2021-02-25,29.5,20.1,0.0,Dubai
2021-02-26,23.9,19.5,0.0,Dubai
2021-02-27,23.1,18.4,0.0,Dubai
2021-02-28,23.8,18.6,0.0,Dubai
2021-03-01,25.4,13.6,0.0,Dubai
2021-03-02,31.1,18.0,0.0,Dubai
2021-03-03,31.1,20.5,0.0,Dubai
2021-03-04,30.4,18.1,0.0,Dubai
2021-03-05,36.1,18.0,0.0,Dubai
2021-03-06,25.3,21.2,0.0,Dubai
2021-03-07,24.3,19.9,0.0,Dubai
2021-03-08,23.5,17.6,0.0,Dubai
2021-03-09,27.8,16.0,0.0,Dubai
2021-03-10,28.3,17.6,0.0,Dubai
2021-03-11,28.0,20.7,0.0,Dubai
2021-03-12,35.2,18.4,0.0,Dubai
2021-03-13,31.2,21.4,0.0,Dubai
2021-03-14,24.8,18.3,0.0,Dubai
2021-03-15,24.7,17.9,0.0,Dubai
2021-03-16,28.5,15.8,0.0,Dubai
2021-03-17,32.9,18.6,0.0,Dubai
2021-03-18,33.3,19.5,0.0,Dubai
2021-03-19,34.3,21.5,0.0,Dubai
2021-03-20,29.4,20.7,0.0,Dubai
2021-03-21,28.2,22.5,0.0,Dubai
2021-03-22,28.5,22.9,0.0,Dubai
2021-03-23,29.0,18.8,0.0,Dubai
2021-03-24,33.0,17.6,0.0,Dubai
2021-03-25,37.4,22.0,0.0,Dubai
2021-03-26,35.4,24.0,0.0,Dubai
2021-03-27,36.0,20.8,0.0,Dubai
2021-03-28,29.3,19.1,0.0,Dubai
2021-03-29,28.4,21.9,0.0,Dubai
2021-03-30,28.9,20.4,0.0,Dubai
2021-03-31,29.6,18.7,0.0,Dubai
2021-04-01,29.2,18.5,0.0,Dubai
2021-04-02,31.5,18.8,0.0,Dubai
2021-04-03,34.8,20.7,0.0,Dubai
2021-04-04,28.7,22.1,0.0,Dubai
2021-04-05,28.8,22.8,0.0,Dubai
2021-04-06,29.5,21.8,0.0,Dubai
2021-04-07,28.2,18.5,0.0,Dubai
2021-04-08,30.0,18.3,0.0,Dubai
2021-04-09,29.6,17.9,0.0,Dubai
2021-04-10,37.0,21.3,0.0,Dubai
2021-04-11,37.5,24.3,0.0,Dubai
2021-04-12,37.0,24.4,0.0,Dubai
2021-04-13,37.9,23.3,0.0,Dubai
2021-04-14,36.6,24.4,0.0,Dubai
2021-04-15,33.8,24.1,0.0,Dubai
2021-04-16,29.8,23.7,0.0,Dubai
2021-04-17,29.5,22.3,0.0,Dubai
2021-04-18,30.6,20.5,0.0,Dubai
2021-04-19,30.1,20.5,0.0,Dubai
2021-04-20,30.5,20.4,0.0,Dubai
2021-04-21,34.9,20.6,0.0,Dubai
2021-04-22,35.3,21.9,0.0,Dubai
2021-04-23,36.3,21.3,0.0,Dubai
2021-04-24,35.7,20.4,0.0,Dubai
2021-04-25,35.2,21.7,0.0,Dubai
2021-04-26,38.6,24.7,0.0,Dubai
2021-04-27,37.4,24.1,0.0,Dubai
2021-04-28,39.0,24.8,0.0,Dubai
2021-04-29,35.5,27.2,0.0,Dubai
2021-04-30,34.1,27.0,1.8,Dubai
2021-05-01,31.7,24.7,0.0,Dubai
2021-05-02,32.1,23.1,0.0,Dubai
2021-05-03,34.4,23.4,0.0,Dubai
2021-05-04,37.0,24.5,0.0,Dubai
2021-05-05,34.3,26.2,0.0,Dubai
2021-05-06,32.9,25.3,0.0,Dubai
2021-05-07,34.2,24.4,0.0,Dubai
2021-05-08,38.1,24.5,0.0,Dubai
2021-05-09,36.9,24.2,0.0,Dubai
2021-05-10,33.2,23.9,0.0,Dubai
2021-05-11,32.7,23.6,0.0,Dubai
2021-05-12,36.6,22.9,0.0,Dubai
2021-05-13,36.0,23.3,0.0,Dubai
2021-05-14,35.7,23.2,0.0,Dubai
2021-05-15,36.0,23.7,0.0,Dubai
2021-05-16,38.2,24.3,0.0,Dubai
2021-05-17,35.5,23.5,0.0,Dubai
2021-05-18,40.1,24.4,0.0,Dubai
2021-05-19,40.0,25.8,0.0,Dubai
2021-05-20,37.8,26.1,0.0,Dubai
2021-05-21,36.6,25.2,0.0,Dubai
2021-05-22,42.1,24.7,0.0,Dubai
2021-05-23,42.2,25.4,0.0,Dubai
2021-05-24,43.6,26.1,0.0,Dubai
2021-05-25,43.4,25.9,0.0,Dubai
2021-05-26,42.5,26.7,0.0,Dubai
2021-05-27,35.6,29.5,0.0,Dubai
2021-05-28,37.1,26.9,0.0,Dubai
2021-05-29,36.0,25.4,0.0,Dubai
2021-05-30,40.0,25.8,0.0,Dubai
2021-05-31,42.9,26.6,0.0,Dubai
2021-06-01,40.9,28.0,0.0,Dubai
2021-06-02,38.1,26.6,0.0,Dubai
2021-06-03,40.0,26.0,0.0,Dubai
2021-06-04,39.0,26.4,0.0,Dubai
2021-06-05,38.6,25.8,0.0,Dubai
2021-06-06,46.0,27.2,0.0,Dubai
2021-06-07,43.3,29.9,0.0,Dubai
2021-06-08,37.1,30.0,0.0,Dubai
2021-06-09,35.4,28.6,0.0,Dubai
2021-06-10,38.1,27.1,0.0,Dubai
2021-06-11,38.7,27.4,0.0,Dubai
2021-06-12,37.0,28.0,0.0,Dubai
2021-06-13,37.2,28.1,0.0,Dubai
2021-06-14,36.7,27.7,0.0,Dubai
2021-06-15,38.8,28.2,0.0,Dubai
2021-06-16,38.7,26.7,0.0,Dubai
2021-06-17,37.0,29.0,0.0,Dubai
2021-06-18,38.2,28.0,0.0,Dubai
2021-06-19,36.3,29.1,0.0,Dubai
2021-06-20,40.3,28.6,0.0,Dubai
2021-06-21,43.0,29.3,0.0,Dubai
2021-06-22,44.2,28.2,0.0,Dubai
2021-06-23,43.9,30.6,0.0,Dubai
2021-06-24,43.9,28.7,0.0,Dubai
2021-06-25,43.8,26.8,0.0,Dubai
2021-06-26,41.9,27.0,0.0,Dubai
2021-06-27,42.1,28.7,0.0,Dubai
2021-06-28,40.0,30.5,0.0,Dubai
2021-06-29,40.1,29.6,0.0,Dubai
2021-06-30,40.2,29.6,0.0,Dubai
2021-07-01,38.8,28.1,0.0,Dubai
2021-07-02,37.3,28.9,0.0,Dubai
2021-07-03,38.6,28.9,0.0,Dubai
2021-07-04,42.0,29.0,0.0,Dubai
2021-07-05,42.5,29.8,0.0,Dubai
2021-07-06,41.4,31.9,0.0,Dubai
2021-07-07,40.5,31.9,0.0,Dubai
2021-07-08,40.9,31.6,0.0,Dubai
2021-07-09,41.0,30.9,0.0,Dubai
2021-07-10,42.9,29.6,0.0,Dubai
2021-07-11,43.1,32.6,0.0,Dubai
2021-07-12,38.3,29.5,0.0,Dubai
2021-07-13,44.7,31.8,0.0,Dubai
2021-07-14,41.5,33.1,0.0,Dubai
2021-07-15,42.7,33.7,0.0,Dubai
2021-07-16,40.3,33.0,0.0,Dubai
2021-07-17,38.0,30.7,0.1,Dubai
2021-07-18,36.3,30.8,0.2,Dubai
2021-07-19,37.6,31.6,0.0,Dubai
2021-07-20,38.3,31.4,0.0,Dubai
2021-07-21,39.5,33.0,0.0,Dubai
2021-07-22,39.7,33.1,0.0,Dubai
2021-07-23,40.4,32.3,0.0,Dubai
2021-07-24,43.3,33.1,0.0,Dubai
2021-07-25,42.0,33.3,0.0,Dubai
2021-07-26,39.0,30.8,0.0,Dubai
2021-07-27,39.7,30.3,0.0,Dubai
2021-07-28,41.4,29.3,0.0,Dubai
2021-07-29,40.5,29.7,0.0,Dubai
2021-07-30,43.9,31.0,0.0,Dubai
2021-07-31,41.8,31.6,0.0,Dubai
2021-08-01,37.8,29.0,0.0,Dubai
2021-08-02,38.9,28.8,0.0,Dubai
2021-08-03,40.8,28.8,0.0,Dubai
2021-08-04,39.8,29.4,0.0,Dubai
2021-08-05,37.8,29.8,0.0,Dubai
2021-08-06,37.9,28.6,0.0,Dubai
2021-08-07,39.2,30.0,0.0,Dubai
2021-08-08,40.0,31.6,0.0,Dubai
2021-08-09,42.1,31.2,0.0,Dubai
2021-08-10,43.0,32.1,0.0,Dubai
2021-08-11,43.3,30.5,0.0,Dubai
2021-08-12,41.9,29.3,0.0,Dubai
2021-08-13,39.3,27.7,0.0,Dubai
2021-08-14,38.8,29.1,0.0,Dubai
2021-08-15,38.5,29.3,0.0,Dubai
2021-08-16,40.2,30.4,0.0,Dubai
2021-08-17,42.6,31.2,0.0,Dubai
2021-08-18,41.3,30.3,0.0,Dubai
2021-08-19,40.4,30.9,0.0,Dubai
2021-08-20,38.9,31.4,0.0,Dubai
2021-08-21,39.5,30.7,0.0,Dubai
2021-08-22,39.4,30.1,0.0,Dubai
2021-08-23,40.4,30.7,0.0,Dubai
2021-08-24,40.8,30.9,0.0,Dubai
2021-08-25,39.9,30.3,0.0,Dubai
2021-08-26,37.2,29.5,0.0,Dubai
2021-08-27,39.0,30.2,0.0,Dubai
2021-08-28,41.1,27.9,0.0,Dubai
2021-08-29,42.8,30.1,0.0,Dubai
2021-08-30,40.8,29.3,0.0,Dubai
2021-08-31,40.4,29.0,0.0,Dubai
2021-09-01,40.9,29.3,0.0,Dubai
2021-09-02,39.9,27.0,0.0,Dubai
2021-09-03,39.1,27.9,0.0,Dubai
2021-09-04,38.4,27.1,0.0,Dubai
2021-09-05,40.6,27.1,0.0,Dubai
2021-09-06,39.8,27.2,0.0,Dubai
2021-09-07,35.6,28.4,0.0,Dubai
2021-09-08,38.7,27.9,0.0,Dubai
2021-09-09,40.9,28.9,0.0,Dubai
2021-09-10,38.7,29.1,0.0,Dubai
2021-09-11,40.4,29.9,0.0,Dubai
2021-09-12,41.4,29.4,0.0,Dubai
2021-09-13,39.4,28.2,0.0,Dubai
2021-09-14,36.7,28.7,0.0,Dubai
2021-09-15,41.2,29.0,0.0,Dubai
2021-09-16,40.9,26.5,0.0,Dubai
2021-09-17,37.4,28.0,0.0,Dubai
2021-09-18,38.4,26.3,0.0,Dubai
2021-09-19,40.8,26.4,0.0,Dubai
2021-09-20,39.6,27.0,0.0,Dubai
2021-09-21,37.9,28.2,0.0,Dubai
2021-09-22,35.4,28.5,0.0,Dubai
2021-09-23,35.4,27.8,0.0,Dubai
2021-09-24,37.1,26.6,0.0,Dubai
2021-09-25,36.7,30.3,0.0,Dubai
2021-09-26,36.4,28.1,0.0,Dubai
2021-09-27,35.4,29.2,0.0,Dubai
2021-09-28,36.6,28.3,0.0,Dubai
2021-09-29,37.0,29.2,0.0,Dubai
2021-09-30,37.3,27.4,0.0,Dubai
2021-10-01,36.2,27.1,0.0,Dubai
2021-10-02,35.2,26.4,0.0,Dubai
2021-10-03,38.5,29.7,0.0,Dubai
2021-10-04,36.9,29.0,0.0,Dubai
2021-10-05,36.1,26.6,0.0,Dubai
2021-10-06,36.3,26.3,0.0,Dubai
2021-10-07,37.4,25.3,0.0,Dubai
2021-10-08,34.5,25.8,0.0,Dubai
2021-10-09,35.7,27.2,0.0,Dubai
2021-10-10,36.0,27.3,0.0,Dubai
2021-10-11,39.1,25.7,0.0,Dubai
2021-10-12,39.4,24.0,0.0,Dubai
2021-10-13,37.7,24.7,0.0,Dubai
2021-10-14,34.2,24.2,0.0,Dubai
2021-10-15,33.8,23.9,0.0,Dubai
2021-10-16,35.2,25.2,0.0,Dubai
2021-10-17,39.5,24.2,0.0,Dubai
2021-10-18,36.5,24.3,0.0,Dubai
2021-10-19,34.4,26.6,0.0,Dubai
2021-10-20,33.8,23.8,0.0,Dubai
2021-10-21,34.1,24.9,0.0,Dubai
2021-10-22,35.0,25.9,0.0,Dubai
2021-10-23,34.0,25.6,0.0,Dubai
2021-10-24,32.2,25.5,0.0,Dubai
2021-10-25,32.6,23.6,0.0,Dubai
2021-10-26,33.4,24.5,0.0,Dubai
2021-10-27,32.4,23.4,0.0,Dubai
2021-10-28,32.1,23.7,0.0,Dubai
2021-10-29,34.1,23.6,0.0,Dubai
2021-10-30,33.0,21.4,0.0,Dubai
2021-10-31,33.6,23.5,0.0,Dubai
2021-11-01,35.7,22.8,0.0,Dubai
2021-11-02,31.7,23.0,0.0,Dubai
2021-11-03,31.0,23.2,0.0,Dubai
2021-11-04,30.7,22.0,0.0,Dubai
2021-11-05,31.4,22.9,0.0,Dubai
2021-11-06,30.4,22.3,0.2,Dubai
2021-11-07,30.9,22.1,0.0,Dubai
2021-11-08,32.6,21.5,0.0,Dubai
2021-11-09,29.2,20.1,0.0,Dubai
2021-11-10,29.9,21.1,0.0,Dubai
2021-11-11,30.9,19.8,0.0,Dubai
2021-11-12,31.8,19.5,0.0,Dubai
2021-11-13,29.9,19.2,0.0,Dubai
2021-11-14,30.1,24.5,0.0,Dubai
2021-11-15,33.3,18.9,0.0,Dubai
2021-11-16,29.9,18.4,0.0,Dubai
2021-11-17,30.5,20.0,0.0,Dubai
2021-11-18,32.0,21.7,0.0,Dubai
2021-11-19,29.8,20.8,0.0,Dubai
2021-11-20,29.0,18.2,0.0,Dubai
2021-11-21,32.8,19.7,0.0,Dubai
2021-11-22,33.9,20.1,0.0,Dubai
2021-11-23,30.1,18.7,0.0,Dubai
2021-11-24,30.3,23.4,0.0,Dubai
2021-11-25,28.9,23.6,0.0,Dubai
2021-11-26,28.8,18.6,0.0,Dubai
2021-11-27,30.0,19.3,0.0,Dubai
2021-11-28,29.4,22.7,0.0,Dubai
2021-11-29,27.3,20.9,0.0,Dubai
2021-11-30,27.7,19.5,0.0,Dubai
2021-12-01,30.2,19.6,0.0,Dubai
2021-12-02,28.2,16.2,0.0,Dubai
2021-12-03,28.4,18.0,0.0,Dubai
2021-12-04,25.6,22.2,0.0,Dubai
2021-12-05,26.6,17.7,0.0,Dubai
2021-12-06,26.1,17.4,0.0,Dubai
2021-12-07,25.9,17.4,0.0,Dubai
2021-12-08,29.9,16.9,0.0,Dubai
2021-12-09,29.4,14.3,0.0,Dubai
2021-12-10,27.4,13.3,0.0,Dubai
2021-12-11,26.4,15.9,0.0,Dubai
2021-12-12,26.2,20.0,0.0,Dubai
2021-12-13,26.8,15.5,0.0,Dubai
2021-12-14,29.3,15.1,0.0,Dubai
2021-12-15,27.2,14.1,0.0,Dubai
2021-12-16,26.8,15.4,0.0,Dubai
2021-12-17,26.8,16.7,0.0,Dubai
2021-12-18,27.1,17.1,0.0,Dubai
2021-12-19,26.7,16.0,0.0,Dubai
2021-12-20,26.1,16.0,0.0,Dubai
2021-12-21,27.5,16.7,0.0,Dubai
2021-12-22,26.9,17.8,0.0,Dubai
2021-12-23,26.3,20.9,0.0,Dubai
2021-12-24,26.9,18.5,0.0,Dubai
2021-12-25,26.0,18.3,0.0,Dubai
2021-12-26,26.1,22.4,0.0,Dubai
2021-12-27,25.3,21.5,0.9,Dubai
2021-12-28,25.2,16.4,0.0,Dubai
2021-12-29,25.5,15.1,0.0,Dubai
2021-12-30,26.8,17.5,0.0,Dubai
2021-12-31,26.0,17.2,0.6,Dubai
2022-01-01,24.1,18.8,9.9,Dubai
2022-01-02,25.5,18.8,4.2,Dubai
2022-01-03,24.1,21.0,5.3,Dubai
2022-01-04,22.1,19.6,0.4,Dubai
2022-01-05,22.0,19.1,0.4,Dubai
2022-01-06,21.8,16.6,0.0,Dubai
2022-01-07,23.0,11.1,0.0,Dubai
2022-01-08,22.1,11.4,0.0,Dubai
2022-01-09,22.0,12.5,0.0,Dubai
2022-01-10,23.1,13.1,0.0,Dubai
2022-01-11,24.0,13.2,0.0,Dubai
2022-01-12,23.5,14.1,0.0,Dubai
2022-01-13,24.0,14.8,0.0,Dubai
2022-01-14,24.0,14.7,0.0,Dubai
2022-01-15,27.1,16.3,0.1,Dubai
2022-01-16,23.9,19.3,10.2,Dubai
2022-01-17,27.2,17.9,4.7,Dubai
2022-01-18,26.6,19.5,0.0,Dubai
2022-01-19,23.7,19.7,0.0,Dubai
2022-01-20,24.3,19.7,0.0,Dubai
2022-01-21,20.2,16.6,0.0,Dubai
2022-01-22,20.9,15.8,0.0,Dubai
2022-01-23,21.7,13.3,0.0,Dubai
2022-01-24,21.5,14.7,0.0,Dubai
2022-01-25,23.3,12.8,0.0,Dubai
2022-01-26,23.4,11.6,0.0,Dubai
2022-01-27,26.3,12.3,0.0,Dubai
2022-01-28,24.1,12.7,0.0,Dubai
2022-01-29,23.0,16.3,0.0,Dubai
2022-01-30,23.4,15.1,0.0,Dubai
2022-01-31,23.8,16.1,0.0,Dubai
2022-02-01,23.3,14.1,0.0,Dubai
2022-02-02,23.0,17.3,0.0,Dubai
2022-02-03,24.0,13.3,0.0,Dubai
2022-02-04,24.2,14.1,0.0,Dubai
2022-02-05,25.5,13.9,0.0,Dubai
2022-02-06,22.5,19.2,0.0,Dubai
2022-02-07,21.7,18.3,0.0,Dubai
2022-02-08,22.5,18.1,0.0,Dubai
2022-02-09,23.2,14.1,0.0,Dubai
2022-02-10,24.8,12.4,0.0,Dubai
2022-02-11,26.0,13.6,0.0,Dubai
2022-02-12,27.3,14.2,0.0,Dubai
2022-02-13,21.8,17.3,0.1,Dubai
2022-02-14,22.3,13.4,0.0,Dubai
2022-02-15,25.2,16.4,0.0,Dubai
2022-02-16,24.4,17.9,0.0,Dubai
2022-02-17,23.0,14.8,0.0,Dubai
2022-02-18,24.3,14.3,0.0,Dubai
2022-02-19,25.8,13.0,0.0,Dubai
2022-02-20,30.2,15.3,0.0,Dubai
2022-02-21,24.7,17.5,0.0,Dubai
2022-02-22,23.2,19.0,0.0,Dubai
2022-02-23,24.0,14.8,0.0,Dubai
2022-02-24,23.8,16.4,0.0,Dubai
2022-02-25,24.7,15.1,0.0,Dubai
2022-02-26,27.5,13.8,0.0,Dubai
2022-02-27,31.9,16.7,0.0,Dubai
2022-02-28,26.0,19.8,0.0,Dubai
2022-03-01,23.9,18.1,0.0,Dubai
2022-03-02,24.5,16.1,0.0,Dubai
2022-03-03,24.2,15.6,0.0,Dubai
2022-03-04,31.5,15.9,0.0,Dubai
2022-03-05,30.2,18.3,0.0,Dubai
2022-03-06,28.4,18.0,0.0,Dubai
2022-03-07,31.5,17.4,0.0,Dubai
2022-03-08,35.8,22.1,0.0,Dubai
2022-03-09,31.6,24.8,0.0,Dubai
2022-03-10,34.9,21.3,0.0,Dubai
2022-03-11,37.6,23.6,0.0,Dubai
2022-03-12,36.1,23.0,0.0,Dubai
2022-03-13,34.7,20.9,0.0,Dubai
2022-03-14,31.9,18.9,0.0,Dubai
2022-03-15,34.3,19.0,0.0,Dubai
2022-03-16,34.7,20.4,0.0,Dubai
2022-03-17,25.8,21.6,0.0,Dubai
2022-03-18,24.5,20.2,0.0,Dubai
2022-03-19,25.0,18.8,0.0,Dubai
2022-03-20,26.3,17.2,0.0,Dubai
2022-03-21,27.9,16.9,0.0,Dubai
2022-03-22,28.9,16.5,0.0,Dubai
2022-03-23,31.5,16.9,0.0,Dubai
2022-03-24,34.2,18.6,0.0,Dubai
2022-03-25,38.6,19.7,0.0,Dubai
2022-03-26,29.5,22.6,0.0,Dubai
2022-03-27,26.9,20.5,0.0,Dubai
2022-03-28,25.6,20.6,0.0,Dubai
2022-03-29,26.1,19.8,0.0,Dubai
2022-03-30,26.5,17.3,0.0,Dubai
2022-03-31,29.1,17.4,0.0,Dubai
2022-04-01,29.5,17.4,0.0,Dubai
2022-04-02,31.9,18.3,0.0,Dubai
2022-04-03,29.2,18.7,0.0,Dubai
2022-04-04,29.4,18.0,0.0,Dubai
2022-04-05,31.8,18.7,0.0,Dubai
2022-04-06,34.2,18.5,0.0,Dubai
2022-04-07,36.5,18.8,0.0,Dubai
2022-04-08,37.9,20.8,0.0,Dubai
2022-04-09,33.2,19.8,0.0,Dubai
2022-04-10,35.1,21.0,0.0,Dubai
2022-04-11,31.2,22.8,0.0,Dubai
2022-04-12,33.1,22.2,0.0,Dubai
2022-04-13,36.3,22.7,0.0,Dubai
2022-04-14,39.0,23.8,0.0,Dubai
2022-04-15,39.3,23.8,0.0,Dubai
2022-04-16,35.1,24.1,0.0,Dubai
2022-04-17,33.7,26.0,0.0,Dubai
2022-04-18,29.5,24.5,0.0,Dubai
2022-04-19,29.9,20.9,0.0,Dubai
2022-04-20,29.6,19.5,0.0,Dubai
2022-04-21,31.4,19.6,0.0,Dubai
2022-04-22,34.4,19.1,0.0,Dubai
2022-04-23,32.1,22.1,0.0,Dubai
2022-04-24,36.0,21.7,0.0,Dubai
2022-04-25,37.4,21.9,0.0,Dubai
2022-04-26,37.9,23.7,0.0,Dubai
2022-04-27,33.6,24.7,0.0,Dubai
2022-04-28,35.3,26.0,0.0,Dubai
2022-04-29,39.0,23.8,0.0,Dubai
2022-04-30,31.3,26.3,0.0,Dubai
2022-05-01,31.2,24.8,0.0,Dubai
2022-05-02,35.0,22.9,0.0,Dubai
2022-05-03,31.8,26.0,0.0,Dubai
2022-05-04,31.6,24.2,0.0,Dubai
2022-05-05,33.7,22.0,0.0,Dubai
2022-05-06,39.6,23.3,0.0,Dubai
2022-05-07,36.8,28.4,0.0,Dubai
2022-05-08,37.0,26.2,0.0,Dubai
2022-05-09,32.9,25.7,0.0,Dubai
2022-05-10,31.4,25.0,0.0,Dubai
2022-05-11,33.9,22.2,0.0,Dubai
2022-05-12,35.0,23.3,0.0,Dubai
2022-05-13,33.2,23.6,0.0,Dubai
2022-05-14,30.8,25.2,0.0,Dubai
2022-05-15,32.8,20.7,0.0,Dubai
2022-05-16,35.5,24.6,0.0,Dubai
2022-05-17,34.2,22.2,0.0,Dubai
2022-05-18,35.6,23.1,0.0,Dubai
2022-05-19,37.8,24.0,0.0,Dubai
2022-05-20,38.7,26.0,0.0,Dubai
2022-05-21,38.2,23.5,0.0,Dubai
2022-05-22,38.5,26.4,0.0,Dubai
2022-05-23,39.2,24.1,0.0,Dubai
2022-05-24,35.9,26.1,0.0,Dubai
2022-05-25,35.2,25.9,0.0,Dubai
2022-05-26,35.1,26.7,0.0,Dubai
2022-05-27,35.5,27.5,0.0,Dubai
2022-05-28,35.1,26.5,0.0,Dubai
2022-05-29,36.6,26.1,0.0,Dubai
2022-05-30,34.0,27.1,0.0,Dubai
2022-05-31,36.3,23.8,0.0,Dubai
2022-06-01,41.9,24.9,0.0,Dubai
2022-06-02,38.8,28.1,0.0,Dubai
2022-06-03,39.4,25.4,0.0,Dubai
2022-06-04,39.5,23.7,0.0,Dubai
2022-06-05,40.8,24.2,0.0,Dubai
2022-06-06,40.2,24.6,0.0,Dubai
2022-06-07,42.9,25.2,0.0,Dubai
2022-06-08,41.7,26.3,0.0,Dubai
2022-06-09,39.7,27.0,0.0,Dubai
2022-06-10,41.3,28.2,0.0,Dubai
2022-06-11,36.4,29.7,0.0,Dubai
2022-06-12,39.8,26.4,0.0,Dubai
2022-06-13,40.4,29.9,0.0,Dubai
2022-06-14,39.6,29.9,0.0,Dubai
2022-06-15,39.4,29.6,0.0,Dubai
2022-06-16,37.3,28.0,0.0,Dubai
2022-06-17,37.5,27.0,0.0,Dubai
2022-06-18,37.6,26.2,0.0,Dubai
2022-06-19,41.7,29.4,0.0,Dubai
2022-06-20,42.9,30.2,0.0,Dubai
2022-06-21,39.4,28.0,0.0,Dubai
2022-06-22,42.8,26.9,0.0,Dubai
2022-06-23,44.7,30.6,0.0,Dubai
2022-06-24,41.0,31.1,0.0,Dubai
2022-06-25,36.9,29.1,0.0,Dubai
2022-06-26,38.2,28.2,0.0,Dubai
2022-06-27,39.9,27.9,0.0,Dubai
2022-06-28,39.8,30.2,0.0,Dubai
2022-06-29,38.0,30.4,0.0,Dubai
2022-06-30,36.0,28.5,0.0,Dubai
2022-07-01,39.7,27.0,0.0,Dubai
2022-07-02,39.5,30.7,0.0,Dubai
2022-07-03,36.9,30.2,0.0,Dubai
2022-07-04,38.7,31.0,0.0,Dubai
2022-07-05,38.3,32.9,0.0,Dubai
2022-07-06,42.0,33.2,0.0,Dubai
2022-07-07,40.7,33.3,3.0,Dubai
2022-07-08,37.9,31.4,0.0,Dubai
2022-07-09,37.2,30.9,0.0,Dubai
2022-07-10,41.6,32.0,0.0,Dubai
2022-07-11,39.9,31.8,0.0,Dubai
2022-07-12,36.4,32.4,0.0,Dubai
2022-07-13,37.1,31.6,0.0,Dubai
2022-07-14,40.3,31.4,0.0,Dubai
2022-07-15,41.1,30.3,0.0,Dubai
2022-07-16,41.8,31.7,0.0,Dubai
2022-07-17,42.5,31.1,0.0,Dubai
2022-07-18,40.7,30.6,0.0,Dubai
2022-07-19,39.3,31.4,0.0,Dubai
2022-07-20,41.1,33.5,0.0,Dubai
2022-07-21,42.0,32.4,0.0,Dubai
2022-07-22,43.4,33.0,0.0,Dubai
2022-07-23,41.9,33.3,0.0,Dubai
2022-07-24,42.6,31.8,0.0,Dubai
2022-07-25,41.0,32.2,0.0,Dubai
2022-07-26,38.5,30.2,0.0,Dubai
2022-07-27,32.5,27.7,17.7,Dubai
2022-07-28,33.8,28.1,5.5,Dubai
2022-07-29,35.4,27.3,0.0,Dubai
2022-07-30,37.1,27.6,0.0,Dubai
2022-07-31,40.2,29.6,0.0,Dubai
2022-08-01,41.5,32.6,0.0,Dubai
2022-08-02,40.5,32.2,0.0,Dubai
2022-08-03,40.9,31.5,0.0,Dubai
2022-08-04,43.0,31.3,0.0,Dubai
2022-08-05,39.7,29.8,0.0,Dubai
2022-08-06,38.4,29.8,0.0,Dubai
2022-08-07,40.6,31.4,0.0,Dubai
2022-08-08,43.7,31.9,0.0,Dubai
2022-08-09,42.0,30.2,0.0,Dubai
2022-08-10,41.7,30.8,0.0,Dubai
2022-08-11,42.4,30.3,0.0,Dubai
2022-08-12,41.9,31.1,0.0,Dubai
2022-08-13,46.0,32.9,0.0,Dubai
2022-08-14,41.4,30.7,0.0,Dubai
2022-08-15,41.1,28.9,0.0,Dubai
2022-08-16,42.2,28.4,0.0,Dubai
2022-08-17,37.3,29.2,0.0,Dubai
2022-08-18,40.1,27.4,0.0,Dubai
2022-08-19,39.1,27.3,0.0,Dubai
2022-08-20,41.3,26.8,0.0,Dubai
2022-08-21,40.4,28.4,0.0,Dubai
2022-08-22,40.7,28.9,0.0,Dubai
2022-08-23,40.8,27.7,0.0,Dubai
2022-08-24,43.4,30.1,0.0,Dubai
2022-08-25,42.6,28.2,0.0,Dubai
2022-08-26,42.9,27.7,0.0,Dubai
2022-08-27,39.9,26.6,0.0,Dubai
2022-08-28,39.5,27.1,0.0,Dubai
2022-08-29,40.2,26.0,0.0,Dubai
2022-08-30,38.1,25.9,0.0,Dubai
2022-08-31,39.9,27.0,0.0,Dubai
2022-09-01,38.0,26.5,0.0,Dubai
2022-09-02,38.2,26.0,0.0,Dubai
2022-09-03,41.2,26.4,0.0,Dubai
2022-09-04,39.8,28.1,0.0,Dubai
2022-09-05,39.7,26.0,0.0,Dubai
2022-09-06,40.2,26.1,0.0,Dubai
2022-09-07,40.6,28.1,0.0,Dubai
2022-09-08,39.1,29.0,0.0,Dubai
2022-09-09,39.1,29.0,0.0,Dubai
2022-09-10,40.2,27.2,0.0,Dubai
2022-09-11,37.5,26.7,0.0,Dubai
2022-09-12,37.0,26.2,0.0,Dubai
2022-09-13,40.0,26.4,0.0,Dubai
2022-09-14,40.3,28.2,0.0,Dubai
2022-09-15,40.0,27.3,0.0,Dubai
2022-09-16,36.7,30.2,0.0,Dubai
2022-09-17,37.7,30.1,0.0,Dubai
2022-09-18,35.9,28.2,0.0,Dubai
2022-09-19,41.3,28.9,0.0,Dubai
2022-09-20,38.5,28.3,0.0,Dubai
2022-09-21,39.4,27.0,0.0,Dubai
2022-09-22,39.2,26.3,0.0,Dubai
2022-09-23,37.7,26.0,0.0,Dubai
2022-09-24,36.7,26.0,0.0,Dubai
2022-09-25,34.9,27.3,0.0,Dubai
2022-09-26,40.2,26.6,0.0,Dubai
2022-09-27,36.8,26.9,0.0,Dubai
2022-09-28,34.1,27.3,0.0,Dubai
2022-09-29,34.4,26.8,0.0,Dubai
2022-09-30,36.3,27.8,0.0,Dubai
2022-10-01,36.0,27.1,0.0,Dubai
2022-10-02,34.2,26.4,0.0,Dubai
2022-10-03,39.0,26.2,0.0,Dubai
2022-10-04,36.8,25.3,0.0,Dubai
2022-10-05,36.6,26.3,0.0,Dubai
2022-10-06,34.1,25.4,0.0,Dubai
2022-10-07,41.5,25.4,0.0,Dubai
2022-10-08,38.6,25.2,0.0,Dubai
2022-10-09,37.6,20.2,0.0,Dubai
2022-10-10,34.6,22.0,0.0,Dubai
2022-10-11,32.7,23.9,0.0,Dubai
2022-10-12,33.2,23.0,0.0,Dubai
2022-10-13,36.9,21.9,0.0,Dubai
2022-10-14,36.7,20.8,0.0,Dubai
2022-10-15,35.3,22.5,0.0,Dubai
2022-10-16,34.0,23.8,0.0,Dubai
2022-10-17,34.5,23.5,0.0,Dubai
2022-10-18,37.1,22.5,0.0,Dubai
2022-10-19,33.2,24.0,0.0,Dubai
2022-10-20,33.6,22.2,0.0,Dubai
2022-10-21,34.8,24.1,0.0,Dubai
2022-10-22,37.3,23.1,0.0,Dubai
2022-10-23,35.0,23.3,0.0,Dubai
2022-10-24,34.6,23.4,0.0,Dubai
2022-10-25,33.1,22.9,0.0,Dubai
2022-10-26,33.5,23.2,0.0,Dubai
2022-10-27,32.9,22.6,0.0,Dubai
2022-10-28,32.6,22.5,0.0,Dubai
2022-10-29,32.1,22.5,0.0,Dubai
2022-10-30,33.6,23.0,0.0,Dubai
2022-10-31,31.6,22.6,0.0,Dubai
2022-11-01,31.5,22.0,0.0,Dubai
2022-11-02,33.3,21.3,0.0,Dubai
2022-11-03,35.0,21.4,0.0,Dubai
2022-11-04,33.7,22.6,0.0,Dubai
2022-11-05,31.2,24.1,0.0,Dubai
2022-11-06,30.8,24.9,0.6,Dubai
2022-11-07,31.6,25.5,0.5,Dubai
2022-11-08,33.7,23.2,0.0,Dubai
2022-11-09,34.7,24.5,0.0,Dubai
2022-11-10,32.6,23.3,0.0,Dubai
2022-11-11,34.3,21.0,0.0,Dubai
2022-11-12,33.9,21.2,0.0,Dubai
2022-11-13,32.0,22.4,0.0,Dubai
2022-11-14,31.3,26.5,0.0,Dubai
2022-11-15,31.5,24.0,0.0,Dubai
2022-11-16,31.4,24.4,0.0,Dubai
2022-11-17,34.0,21.2,0.0,Dubai
2022-11-18,32.1,20.9,0.0,Dubai
2022-11-19,30.6,21.3,0.0,Dubai
2022-11-20,30.5,24.8,0.0,Dubai
2022-11-21,28.9,23.6,0.0,Dubai
2022-11-22,32.6,22.2,0.0,Dubai
2022-11-23,30.5,19.9,0.0,Dubai
2022-11-24,29.0,21.7,0.0,Dubai
2022-11-25,28.7,20.1,0.0,Dubai
2022-11-26,29.4,20.2,0.0,Dubai
2022-11-27,29.5,19.8,0.0,Dubai
2022-11-28,29.9,19.3,0.0,Dubai
2022-11-29,33.0,17.9,0.0,Dubai
2022-11-30,30.1,21.1,0.0,Dubai
2022-12-01,28.7,19.4,0.0,Dubai
2022-12-02,28.9,20.2,0.0,Dubai
2022-12-03,28.8,19.3,0.0,Dubai
2022-12-04,28.1,19.3,0.0,Dubai
2022-12-05,28.5,20.1,0.0,Dubai
2022-12-06,29.9,19.1,0.0,Dubai
2022-12-07,29.9,18.6,0.0,Dubai
2022-12-08,27.9,19.0,1.8,Dubai
2022-12-09,27.6,22.9,1.0,Dubai
2022-12-10,25.9,22.8,0.6,Dubai
2022-12-11,25.6,22.1,0.0,Dubai
2022-12-12,25.8,16.8,0.0,Dubai
2022-12-13,26.4,15.2,0.0,Dubai
2022-12-14,28.4,18.3,0.0,Dubai
2022-12-15,27.8,18.1,0.0,Dubai
2022-12-16,27.0,18.0,0.0,Dubai
2022-12-17,27.4,18.3,0.1,Dubai
2022-12-18,26.3,19.9,0.0,Dubai
2022-12-19,26.4,16.7,0.0,Dubai
2022-12-20,27.1,16.5,0.0,Dubai
2022-12-21,28.3,18.4,0.0,Dubai
2022-12-22,26.8,16.1,0.0,Dubai
2022-12-23,27.8,16.1,0.0,Dubai
2022-12-24,28.0,19.3,0.0,Dubai
2022-12-25,27.4,20.9,1.9,Dubai
2022-12-26,24.0,18.8,5.4,Dubai
2022-12-27,21.8,17.6,23.5,Dubai
2022-12-28,22.3,17.4,0.9,Dubai
2022-12-29,22.7,16.0,0.0,Dubai
2022-12-30,23.8,14.3,0.0,Dubai
2022-12-31,23.1,14.7,0.0,Dubai
2023-01-01,24.0,18.5,0.0,Dubai
2023-01-02,24.9,15.6,0.0,Dubai
2023-01-03,23.7,16.6,1.0,Dubai
2023-01-04,26.3,15.2,0.3,Dubai
2023-01-05,27.3,17.2,0.0,Dubai
2023-01-06,25.0,18.7,0.5,Dubai
2023-01-07,22.7,17.2,3.0,Dubai
2023-01-08,22.8,15.4,0.2,Dubai
2023-01-09,22.6,17.5,0.0,Dubai
2023-01-10,27.6,16.0,0.0,Dubai
2023-01-11,22.6,19.6,0.0,Dubai
2023-01-12,22.9,15.8,0.0,Dubai
2023-01-13,24.1,14.7,0.0,Dubai
2023-01-14,24.7,15.2,0.0,Dubai
2023-01-15,25.8,16.5,0.0,Dubai
2023-01-16,24.3,16.0,0.0,Dubai
2023-01-17,28.6,16.2,0.0,Dubai
2023-01-18,23.1,20.5,0.0,Dubai
2023-01-19,22.9,18.8,0.0,Dubai
2023-01-20,24.2,13.8,0.0,Dubai
2023-01-21,25.6,14.1,0.0,Dubai
2023-01-22,24.6,13.7,0.0,Dubai
2023-01-23,23.9,16.2,0.0,Dubai
2023-01-24,24.2,15.0,0.0,Dubai
2023-01-25,21.0,15.9,10.4,Dubai
2023-01-26,19.8,14.9,13.1,Dubai
2023-01-27,19.7,15.3,17.1,Dubai
2023-01-28,19.7,15.1,0.9,Dubai
2023-01-29,20.5,11.9,0.0,Dubai
2023-01-30,21.1,13.1,0.0,Dubai
2023-01-31,24.5,12.6,0.0,Dubai
2023-02-01,25.5,15.3,0.0,Dubai
2023-02-02,25.0,15.5,0.0,Dubai
2023-02-03,23.7,17.1,0.0,Dubai
2023-02-04,22.0,17.3,0.3,Dubai
2023-02-05,22.4,16.3,0.0,Dubai
2023-02-06,24.3,14.4,0.0,Dubai
2023-02-07,29.5,14.5,0.0,Dubai
2023-02-08,28.1,19.2,0.0,Dubai
2023-02-09,22.7,19.1,0.0,Dubai
2023-02-10,20.9,17.7,0.0,Dubai
2023-02-11,22.9,15.3,0.0,Dubai
2023-02-12,25.4,13.4,0.0,Dubai
2023-02-13,30.4,15.6,0.0,Dubai
2023-02-14,32.1,16.5,0.0,Dubai
2023-02-15,32.6,17.0,0.0,Dubai
2023-02-16,29.3,18.7,0.0,Dubai
2023-02-17,24.3,16.1,0.0,Dubai
2023-02-18,23.7,18.4,0.0,Dubai
2023-02-19,22.5,18.0,0.0,Dubai
2023-02-20,22.2,18.7,0.0,Dubai
2023-02-21,22.9,16.6,0.0,Dubai
2023-02-22,24.7,16.4,0.0,Dubai
2023-02-23,26.8,14.6,0.0,Dubai
2023-02-24,30.3,14.1,0.0,Dubai
2023-02-25,32.3,17.7,0.0,Dubai
2023-02-26,31.5,19.0,0.0,Dubai
2023-02-27,31.3,18.4,0.0,Dubai
2023-02-28,30.4,20.8,0.1,Dubai
2023-03-01,26.7,20.0,0.1,Dubai
2023-03-02,26.3,19.8,0.7,Dubai
2023-03-03,27.0,19.4,0.0,Dubai
2023-03-04,25.7,19.2,0.0,Dubai
2023-03-05,26.0,17.1,0.0,Dubai
2023-03-06,28.4,16.6,0.0,Dubai
2023-03-07,28.8,15.8,0.0,Dubai
2023-03-08,30.5,15.3,0.0,Dubai
2023-03-09,34.8,19.4,0.0,Dubai
2023-03-10,33.5,23.3,0.0,Dubai
2023-03-11,28.5,20.5,0.0,Dubai
2023-03-12,32.8,20.0,0.0,Dubai
2023-03-13,34.0,20.7,0.2,Dubai
2023-03-14,30.6,22.6,0.0,Dubai
2023-03-15,29.4,20.0,0.0,Dubai
2023-03-16,29.6,20.2,0.0,Dubai
2023-03-17,26.6,21.8,0.0,Dubai
2023-03-18,25.5,19.8,0.0,Dubai
2023-03-19,26.9,17.4,0.6,Dubai
2023-03-20,29.2,17.9,0.0,Dubai
2023-03-21,33.9,20.3,0.0,Dubai
2023-03-22,25.8,22.1,0.0,Dubai
2023-03-23,24.8,21.4,0.0,Dubai
2023-03-24,25.0,20.1,0.0,Dubai
2023-03-25,25.3,17.6,0.0,Dubai
2023-03-26,30.2,18.1,0.0,Dubai
2023-03-27,31.1,22.7,0.0,Dubai
2023-03-28,27.8,22.4,2.4,Dubai
2023-03-29,25.9,21.5,0.0,Dubai
2023-03-30,26.0,18.7,0.0,Dubai
2023-03-31,26.6,18.1,0.0,Dubai
2023-04-01,27.4,18.1,0.0,Dubai
2023-04-02,24.5,20.9,0.0,Dubai
2023-04-03,24.5,20.1,0.0,Dubai
2023-04-04,25.8,19.2,0.0,Dubai
2023-04-05,25.7,17.5,0.0,Dubai
2023-04-06,27.0,17.4,0.0,Dubai
2023-04-07,27.6,17.0,0.0,Dubai
2023-04-08,30.6,20.0,0.0,Dubai
2023-04-09,28.3,21.3,0.0,Dubai
2023-04-10,30.9,18.3,0.0,Dubai
2023-04-11,34.7,19.6,0.0,Dubai
2023-04-12,33.3,21.4,0.0,Dubai
2023-04-13,35.7,24.7,0.0,Dubai
2023-04-14,28.9,24.1,0.0,Dubai
2023-04-15,27.8,22.9,0.0,Dubai
2023-04-16,26.9,20.6,0.0,Dubai
2023-04-17,27.5,22.5,0.0,Dubai
2023-04-18,28.2,22.0,0.0,Dubai
2023-04-19,27.6,18.6,0.0,Dubai
2023-04-20,27.8,18.8,0.0,Dubai
2023-04-21,29.7,19.8,0.0,Dubai
2023-04-22,31.6,19.4,0.0,Dubai
2023-04-23,31.4,19.2,0.0,Dubai
2023-04-24,31.5,20.7,0.0,Dubai
2023-04-25,33.4,21.7,0.0,Dubai
2023-04-26,32.9,22.9,0.0,Dubai
2023-04-27,30.5,22.9,0.0,Dubai
2023-04-28,29.6,21.3,0.0,Dubai
2023-04-29,31.6,21.1,0.0,Dubai
2023-04-30,34.0,20.9,0.0,Dubai
2023-05-01,33.4,21.9,0.0,Dubai
2023-05-02,32.1,23.0,0.0,Dubai
2023-05-03,30.5,23.0,0.0,Dubai
2023-05-04,31.4,21.2,0.0,Dubai
2023-05-05,31.3,22.1,0.0,Dubai
2023-05-06,30.6,20.7,0.0,Dubai
2023-05-07,31.3,21.4,0.0,Dubai
2023-05-08,33.8,18.4,0.0,Dubai
2023-05-09,37.1,21.6,0.0,Dubai
2023-05-10,35.3,23.6,0.0,Dubai
2023-05-11,38.9,24.3,0.0,Dubai
2023-05-12,34.6,24.9,0.0,Dubai
2023-05-13,36.3,26.6,0.0,Dubai
2023-05-14,37.9,26.0,0.0,Dubai
2023-05-15,34.0,27.0,0.0,Dubai
2023-05-16,34.0,24.6,0.0,Dubai
2023-05-17,36.3,28.1,0.0,Dubai
2023-05-18,38.3,26.0,0.0,Dubai
2023-05-19,38.0,26.1,0.0,Dubai
2023-05-20,40.4,26.9,0.0,Dubai
2023-05-21,37.8,29.4,0.0,Dubai
2023-05-22,37.5,29.1,0.0,Dubai
2023-05-23,37.1,27.5,0.0,Dubai
2023-05-24,36.3,26.3,0.0,Dubai
2023-05-25,38.7,26.4,0.0,Dubai
2023-05-26,37.9,27.2,0.0,Dubai
2023-05-27,36.3,28.3,0.0,Dubai
2023-05-28,35.5,28.6,0.0,Dubai
2023-05-29,37.5,25.9,0.0,Dubai
2023-05-30,41.9,25.8,0.0,Dubai
2023-05-31,39.1,27.2,0.0,Dubai
2023-06-01,35.3,28.7,0.0,Dubai
2023-06-02,35.4,29.8,0.0,Dubai
2023-06-03,38.1,26.8,0.0,Dubai
2023-06-04,36.6,26.5,0.0,Dubai
2023-06-05,43.3,27.4,0.0,Dubai
2023-06-06,41.3,29.6,0.0,Dubai
2023-06-07,36.8,28.1,0.0,Dubai
2023-06-08,37.1,27.0,0.0,Dubai
2023-06-09,38.0,27.6,0.0,Dubai
2023-06-10,37.9,26.6,0.0,Dubai
2023-06-11,37.5,26.0,0.0,Dubai
2023-06-12,39.2,26.0,0.0,Dubai
2023-06-13,38.2,27.7,0.0,Dubai
2023-06-14,37.2,31.2,0.0,Dubai
2023-06-15,41.6,28.4,0.0,Dubai
2023-06-16,38.1,29.0,0.0,Dubai
2023-06-17,36.2,30.0,0.0,Dubai
2023-06-18,35.8,27.1,0.0,Dubai
2023-06-19,38.0,29.1,0.0,Dubai
2023-06-20,40.5,30.1,0.0,Dubai
2023-06-21,37.9,28.9,0.0,Dubai
2023-06-22,37.8,28.7,0.0,Dubai
2023-06-23,37.6,28.3,0.0,Dubai
2023-06-24,38.1,29.1,0.0,Dubai
2023-06-25,38.5,29.5,0.0,Dubai
2023-06-26,41.6,28.7,0.0,Dubai
2023-06-27,42.9,30.0,0.0,Dubai
2023-06-28,40.7,32.4,0.0,Dubai
2023-06-29,40.8,31.5,0.0,Dubai
2023-06-30,38.1,29.5,0.0,Dubai
2023-07-01,39.2,28.5,0.0,Dubai
2023-07-02,38.9,28.4,0.0,Dubai
2023-07-03,38.1,28.1,0.0,Dubai
2023-07-04,38.9,29.3,0.0,Dubai
2023-07-05,37.1,28.7,0.0,Dubai
2023-07-06,38.3,28.0,0.0,Dubai
2023-07-07,44.4,32.4,0.0,Dubai
2023-07-08,42.9,32.9,0.0,Dubai
2023-07-09,44.1,31.9,0.0,Dubai
2023-07-10,43.3,31.7,0.0,Dubai
2023-07-11,42.1,32.2,0.0,Dubai
2023-07-12,39.5,30.2,0.0,Dubai
2023-07-13,42.3,30.4,0.0,Dubai
2023-07-14,43.9,32.7,0.0,Dubai
2023-07-15,43.9,33.8,0.0,Dubai
2023-07-16,44.3,32.9,0.0,Dubai
2023-07-17,39.0,31.7,0.0,Dubai
2023-07-18,41.7,29.3,0.0,Dubai
2023-07-19,38.4,30.7,0.0,Dubai
2023-07-20,40.0,30.4,0.0,Dubai
2023-07-21,44.3,29.5,0.0,Dubai
2023-07-22,44.3,33.0,0.0,Dubai
2023-07-23,44.8,33.0,0.0,Dubai
2023-07-24,41.5,32.3,0.0,Dubai
2023-07-25,43.1,33.5,0.0,Dubai
2023-07-26,42.8,33.3,0.0,Dubai
2023-07-27,41.1,31.9,0.0,Dubai
2023-07-28,41.5,32.6,0.0,Dubai
2023-07-29,40.0,33.0,0.0,Dubai
2023-07-30,37.5,31.0,0.0,Dubai
2023-07-31,37.4,30.0,0.0,Dubai
2023-08-01,38.6,29.8,0.0,Dubai
2023-08-02,38.4,30.6,0.0,Dubai
2023-08-03,45.2,32.7,0.0,Dubai
2023-08-04,41.4,31.9,0.0,Dubai
2023-08-05,46.1,33.2,0.0,Dubai
2023-08-06,44.2,34.0,0.0,Dubai
2023-08-07,43.6,32.6,0.0,Dubai
2023-08-08,40.8,31.8,0.0,Dubai
2023-08-09,40.7,30.4,0.0,Dubai
2023-08-10,42.5,32.9,0.0,Dubai
2023-08-11,43.2,32.5,0.0,Dubai
2023-08-12,42.1,32.0,0.0,Dubai
2023-08-13,41.8,32.4,0.0,Dubai
2023-08-14,39.2,30.9,0.0,Dubai
2023-08-15,43.5,30.1,0.0,Dubai
2023-08-16,43.2,33.5,0.0,Dubai
2023-08-17,40.1,32.4,0.0,Dubai
2023-08-18,38.7,30.3,0.0,Dubai
2023-08-19,38.9,30.4,0.0,Dubai
2023-08-20,41.6,30.5,0.0,Dubai
2023-08-21,40.0,29.4,0.0,Dubai
2023-08-22,40.0,28.9,0.0,Dubai
2023-08-23,39.0,29.8,0.0,Dubai
2023-08-24,37.4,30.7,0.0,Dubai
2023-08-25,45.9,30.9,0.0,Dubai
2023-08-26,44.1,30.6,0.0,Dubai
2023-08-27,43.9,29.7,0.0,Dubai
2023-08-28,43.0,30.1,0.0,Dubai
2023-08-29,37.9,29.6,0.0,Dubai
2023-08-30,43.2,30.1,0.0,Dubai
2023-08-31,39.8,30.1,0.0,Dubai
2023-09-01,36.9,30.2,0.0,Dubai
2023-09-02,41.4,31.3,0.0,Dubai
2023-09-03,40.8,30.2,0.0,Dubai
2023-09-04,39.9,30.5,0.0,Dubai
2023-09-05,37.6,30.4,0.0,Dubai
2023-09-06,42.6,30.4,0.0,Dubai
2023-09-07,43.7,29.8,0.0,Dubai
2023-09-08,42.1,29.2,0.0,Dubai
2023-09-09,39.6,28.7,0.0,Dubai
2023-09-10,38.3,30.1,0.0,Dubai
2023-09-11,40.6,30.7,0.0,Dubai
2023-09-12,41.8,30.1,0.0,Dubai
2023-09-13,41.2,28.2,0.0,Dubai
2023-09-14,38.7,29.7,0.0,Dubai
2023-09-15,41.9,30.8,0.0,Dubai
2023-09-16,38.7,30.4,0.0,Dubai
2023-09-17,37.5,31.6,0.0,Dubai
2023-09-18,39.5,31.5,0.0,Dubai
2023-09-19,40.1,30.9,0.0,Dubai
2023-09-20,39.9,30.9,0.0,Dubai
2023-09-21,36.7,28.2,0.0,Dubai
2023-09-22,38.3,28.3,0.0,Dubai
2023-09-23,44.2,28.5,0.0,Dubai
2023-09-24,43.8,29.9,0.0,Dubai
2023-09-25,40.8,27.9,0.0,Dubai
2023-09-26,41.4,28.9,0.0,Dubai
2023-09-27,41.3,28.0,0.0,Dubai
2023-09-28,40.2,27.4,0.0,Dubai
2023-09-29,36.6,27.0,0.0,Dubai
2023-09-30,36.6,26.2,0.0,Dubai
2023-10-01,35.3,27.8,0.0,Dubai
2023-10-02,35.6,28.1,0.0,Dubai
2023-10-03,38.2,27.4,0.0,Dubai
2023-10-04,37.6,26.7,0.0,Dubai
2023-10-05,35.6,26.1,0.0,Dubai
2023-10-06,39.0,27.6,0.0,Dubai
2023-10-07,41.9,27.0,0.0,Dubai
2023-10-08,37.7,28.4,0.0,Dubai
2023-10-09,39.2,26.5,0.0,Dubai
2023-10-10,35.4,27.4,0.0,Dubai
2023-10-11,34.9,26.3,0.0,Dubai
2023-10-12,36.1,25.8,0.0,Dubai
2023-10-13,35.5,26.0,0.0,Dubai
2023-10-14,35.1,25.7,0.0,Dubai
2023-10-15,34.4,25.2,0.0,Dubai
2023-10-16,35.8,26.1,0.0,Dubai
2023-10-17,37.4,25.5,0.0,Dubai
2023-10-18,34.6,25.8,0.0,Dubai
2023-10-19,34.5,25.2,0.0,Dubai
2023-10-20,33.3,26.2,0.0,Dubai
2023-10-21,34.6,26.3,0.0,Dubai
2023-10-22,37.1,26.3,0.0,Dubai
2023-10-23,35.6,25.7,0.0,Dubai
2023-10-24,34.4,25.5,0.0,Dubai
2023-10-25,33.8,25.6,0.0,Dubai
2023-10-26,31.9,25.1,8.6,Dubai
2023-10-27,29.5,23.8,0.0,Dubai
2023-10-28,31.4,23.7,0.0,Dubai
2023-10-29,32.7,24.8,0.0,Dubai
2023-10-30,34.4,24.5,0.0,Dubai
2023-10-31,35.0,24.5,0.0,Dubai
2023-11-01,37.0,23.7,0.0,Dubai
2023-11-02,36.1,23.7,0.0,Dubai
2023-11-03,33.3,22.8,0.0,Dubai
2023-11-04,32.1,28.0,0.0,Dubai
2023-11-05,32.4,25.7,0.0,Dubai
2023-11-06,32.5,23.9,0.1,Dubai
2023-11-07,30.6,24.0,0.0,Dubai
2023-11-08,31.2,22.6,0.1,Dubai
2023-11-09,33.7,23.0,0.0,Dubai
2023-11-10,33.4,22.4,0.0,Dubai
2023-11-11,33.5,20.8,0.0,Dubai
2023-11-12,34.0,19.9,0.0,Dubai
2023-11-13,32.7,18.0,0.0,Dubai
2023-11-14,33.1,17.8,0.0,Dubai
2023-11-15,34.0,21.7,0.0,Dubai
2023-11-16,32.4,24.4,0.0,Dubai
2023-11-17,26.1,21.4,21.0,Dubai
2023-11-18,28.4,21.0,0.0,Dubai
2023-11-19,28.5,19.7,0.0,Dubai
2023-11-20,32.1,21.3,0.0,Dubai
2023-11-21,32.3,22.6,0.0,Dubai
2023-11-22,29.8,21.8,1.5,Dubai
2023-11-23,29.3,23.2,0.0,Dubai
2023-11-24,28.2,20.1,0.0,Dubai
2023-11-25,27.5,22.5,0.5,Dubai
2023-11-26,29.5,19.9,0.0,Dubai
2023-11-27,28.2,20.8,0.0,Dubai
2023-11-28,28.9,20.9,0.0,Dubai
2023-11-29,29.3,22.0,0.0,Dubai
2023-11-30,27.7,22.2,0.0,Dubai
2023-12-01,27.9,18.7,0.0,Dubai
2023-12-02,28.0,19.1,0.0,Dubai
2023-12-03,28.5,19.6,0.0,Dubai
2023-12-04,29.1,19.4,0.0,Dubai
2023-12-05,29.4,20.6,0.0,Dubai
2023-12-06,28.6,20.2,0.0,Dubai
2023-12-07,27.5,19.3,0.0,Dubai
2023-12-08,27.2,18.6,0.0,Dubai
2023-12-09,28.6,16.6,0.0,Dubai
2023-12-10,27.4,18.7,0.0,Dubai
2023-12-11,27.0,17.9,0.0,Dubai
2023-12-12,26.5,16.1,0.0,Dubai
2023-12-13,27.5,16.3,0.0,Dubai
2023-12-14,27.0,16.8,0.2,Dubai
2023-12-15,25.7,22.3,0.0,Dubai
2023-12-16,27.1,16.6,0.0,Dubai
2023-12-17,28.4,17.6,0.0,Dubai
2023-12-18,28.4,15.5,0.0,Dubai
2023-12-19,26.3,14.6,0.0,Dubai
2023-12-20,26.6,15.8,0.0,Dubai
2023-12-21,25.7,17.4,0.3,Dubai
2023-12-22,25.5,17.5,0.0,Dubai
2023-12-23,25.3,16.3,0.0,Dubai
2023-12-24,26.5,16.2,0.0,Dubai
2023-12-25,26.7,17.4,0.0,Dubai
2023-12-26,28.0,21.2,0.0,Dubai
2023-12-27,26.6,18.8,0.0,Dubai
2023-12-28,24.8,17.3,0.0,Dubai
2023-12-29,25.9,16.7,0.0,Dubai
2023-12-30,27.2,16.1,0.0,Dubai
2023-12-31,26.6,17.3,0.2,Dubai
2024-01-01,26.4,20.8,0.0,Dubai
2024-01-02,25.9,21.6,0.0,Dubai
2024-01-03,25.6,18.7,0.0,Dubai
2024-01-04,24.5,21.1,0.3,Dubai
2024-01-05,25.0,18.4,0.0,Dubai
2024-01-06,24.8,17.3,0.0,Dubai
2024-01-07,24.2,17.0,0.0,Dubai
2024-01-08,27.5,14.3,0.0,Dubai
2024-01-09,25.1,13.6,0.0,Dubai
2024-01-10,23.5,13.4,0.0,Dubai
2024-01-11,22.9,14.5,0.0,Dubai
2024-01-12,23.3,13.2,0.0,Dubai
2024-01-13,25.0,13.1,0.0,Dubai
2024-01-14,26.5,13.7,0.0,Dubai
2024-01-15,27.6,13.9,0.0,Dubai
2024-01-16,26.8,17.2,0.0,Dubai
2024-01-17,25.6,20.9,0.0,Dubai
2024-01-18,24.3,18.9,0.0,Dubai
2024-01-19,24.5,18.9,0.0,Dubai
2024-01-20,24.1,16.1,0.0,Dubai
2024-01-21,24.2,18.3,0.0,Dubai
2024-01-22,24.4,15.6,0.0,Dubai
2024-01-23,24.5,16.1,0.0,Dubai
2024-01-24,24.2,15.1,0.0,Dubai
2024-01-25,26.5,12.6,0.0,Dubai
2024-01-26,29.0,15.5,0.0,Dubai
2024-01-27,28.7,17.5,0.0,Dubai
2024-01-28,24.7,19.9,0.1,Dubai
2024-01-29,24.0,20.2,0.0,Dubai
2024-01-30,25.6,17.3,0.0,Dubai
2024-01-31,26.3,17.7,0.0,Dubai
2024-02-01,27.7,20.4,8.6,Dubai
2024-02-02,26.4,19.5,2.8,Dubai
2024-02-03,21.2,18.1,0.0,Dubai
2024-02-04,21.9,18.6,0.0,Dubai
2024-02-05,23.3,18.8,0.0,Dubai
2024-02-06,23.8,19.7,0.0,Dubai
2024-02-07,23.1,18.5,0.0,Dubai
2024-02-08,22.9,17.6,0.0,Dubai
2024-02-09,22.8,16.1,0.0,Dubai
2024-02-10,22.5,13.9,0.0,Dubai
2024-02-11,19.6,16.8,7.9,Dubai
2024-02-12,21.1,17.5,56.9,Dubai
2024-02-13,24.3,17.4,0.8,Dubai
2024-02-14,25.5,18.6,0.8,Dubai
2024-02-15,26.6,18.5,0.0,Dubai
2024-02-16,28.0,19.2,0.0,Dubai
2024-02-17,28.0,20.1,0.0,Dubai
2024-02-18,24.3,19.2,0.0,Dubai
2024-02-19,22.9,19.0,0.0,Dubai
2024-02-20,23.7,17.2,0.0,Dubai
2024-02-21,23.6,19.6,0.0,Dubai
2024-02-22,24.0,17.1,0.0,Dubai
2024-02-23,23.6,14.6,0.0,Dubai
2024-02-24,26.1,16.2,0.0,Dubai
2024-02-25,27.6,17.5,0.7,Dubai
2024-02-26,22.5,20.0,0.4,Dubai
2024-02-27,23.1,18.4,0.0,Dubai
2024-02-28,23.0,14.7,0.0,Dubai
2024-02-29,23.9,18.6,0.0,Dubai
2024-03-01,22.0,16.7,0.0,Dubai
2024-03-02,23.6,14.0,0.0,Dubai
2024-03-03,24.1,12.3,0.0,Dubai
2024-03-04,28.0,15.2,0.2,Dubai
2024-03-05,24.1,19.1,5.3,Dubai
2024-03-06,22.6,17.3,0.0,Dubai
2024-03-07,23.0,15.3,0.0,Dubai
2024-03-08,29.5,17.3,0.0,Dubai
2024-03-09,24.2,19.0,37.2,Dubai
2024-03-10,23.0,16.9,0.0,Dubai
2024-03-11,26.8,14.1,0.0,Dubai
2024-03-12,24.0,17.8,0.0,Dubai
2024-03-13,26.0,15.6,0.0,Dubai
2024-03-14,28.8,16.3,0.0,Dubai
2024-03-15,26.9,17.4,0.0,Dubai
2024-03-16,28.5,17.6,0.0,Dubai
2024-03-17,29.2,19.4,0.0,Dubai
2024-03-18,27.9,19.8,0.0,Dubai
2024-03-19,30.4,18.6,0.0,Dubai
2024-03-20,32.2,22.8,0.0,Dubai
2024-03-21,26.4,20.0,0.0,Dubai
2024-03-22,25.8,17.4,0.0,Dubai
2024-03-23,31.9,21.3,1.0,Dubai
2024-03-24,33.4,22.4,0.3,Dubai
2024-03-25,32.2,25.3,0.0,Dubai
2024-03-26,25.4,21.3,0.0,Dubai
2024-03-27,24.5,20.4,0.0,Dubai
2024-03-28,26.1,18.6,0.0,Dubai
2024-03-29,26.0,21.2,0.0,Dubai
2024-03-30,26.4,17.7,0.0,Dubai
2024-03-31,27.5,20.9,0.1,Dubai
2024-04-01,26.4,18.4,0.0,Dubai
2024-04-02,27.4,19.4,0.0,Dubai
2024-04-03,28.9,18.7,0.0,Dubai
2024-04-04,28.9,19.2,0.0,Dubai
2024-04-05,28.0,18.3,0.0,Dubai
2024-04-06,28.1,18.0,0.0,Dubai
2024-04-07,28.7,17.5,0.0,Dubai
2024-04-08,31.1,19.7,0.0,Dubai
2024-04-09,29.8,24.1,0.0,Dubai
2024-04-10,30.7,24.1,0.0,Dubai
2024-04-11,31.4,23.4,0.0,Dubai
2024-04-12,29.5,24.8,0.0,Dubai
2024-04-13,30.6,23.2,4.4,Dubai
2024-04-14,28.4,21.6,0.0,Dubai
2024-04-15,31.9,19.6,0.0,Dubai
2024-04-16,27.4,21.2,113.0,Dubai
2024-04-17,25.2,21.4,1.2,Dubai
2024-04-18,27.1,20.1,0.0,Dubai
2024-04-19,27.9,18.4,0.0,Dubai
2024-04-20,27.2,17.7,0.0,Dubai
2024-04-21,28.2,18.5,0.0,Dubai
2024-04-22,31.3,19.3,0.0,Dubai
2024-04-23,34.7,22.1,0.0,Dubai
2024-04-24,29.2,22.4,0.0,Dubai
2024-04-25,31.4,19.1,0.0,Dubai
2024-04-26,30.7,21.8,0.0,Dubai
2024-04-27,33.6,22.0,0.0,Dubai
2024-04-28,36.5,22.6,0.0,Dubai
2024-04-29,37.2,25.4,0.0,Dubai
2024-04-30,36.3,25.6,0.0,Dubai
2024-05-01,37.1,26.6,0.0,Dubai
2024-05-02,31.2,23.8,14.5,Dubai
2024-05-03,30.0,22.4,0.0,Dubai
2024-05-04,33.9,21.6,0.0,Dubai
2024-05-05,34.0,23.0,0.0,Dubai
2024-05-06,34.9,24.0,0.0,Dubai
2024-05-07,38.7,23.7,0.0,Dubai
2024-05-08,37.0,25.1,0.0,Dubai
2024-05-09,34.8,26.1,0.0,Dubai
2024-05-10,31.0,25.2,0.0,Dubai
2024-05-11,32.2,22.0,0.0,Dubai
2024-05-12,36.0,22.0,0.0,Dubai
2024-05-13,40.2,24.4,0.0,Dubai
2024-05-14,41.2,27.0,0.0,Dubai
2024-05-15,39.9,28.7,0.0,Dubai
2024-05-16,40.2,27.6,0.0,Dubai
2024-05-17,39.3,26.6,0.0,Dubai
2024-05-18,36.8,26.8,0.0,Dubai
2024-05-19,33.2,27.0,0.0,Dubai
2024-05-20,35.0,25.3,0.0,Dubai
2024-05-21,33.0,24.7,0.0,Dubai
2024-05-22,35.4,24.7,0.0,Dubai
2024-05-23,38.0,25.9,0.0,Dubai
2024-05-24,35.6,29.4,0.0,Dubai
2024-05-25,36.2,27.7,0.0,Dubai
2024-05-26,37.5,24.9,0.0,Dubai
2024-05-27,38.4,26.8,0.0,Dubai
2024-05-28,38.0,28.4,0.0,Dubai
2024-05-29,37.5,24.9,0.0,Dubai
2024-05-30,36.9,26.3,0.0,Dubai
2024-05-31,39.3,28.3,0.0,Dubai
2024-06-01,41.8,27.8,0.0,Dubai
2024-06-02,38.0,28.0,0.0,Dubai
2024-06-03,38.6,28.8,0.0,Dubai
2024-06-04,36.1,27.6,0.0,Dubai
2024-06-05,36.1,28.1,0.0,Dubai
2024-06-06,35.7,25.7,0.0,Dubai
2024-06-07,38.4,24.7,0.0,Dubai
2024-06-08,39.6,26.2,0.0,Dubai
2024-06-09,42.0,30.3,0.0,Dubai
2024-06-10,40.5,31.4,0.0,Dubai
2024-06-11,41.7,29.0,0.0,Dubai
2024-06-12,39.6,28.5,0.0,Dubai
2024-06-13,38.2,30.2,0.0,Dubai
2024-06-14,36.9,30.3,0.0,Dubai
2024-06-15,39.6,26.7,0.0,Dubai
2024-06-16,41.2,27.9,0.0,Dubai
2024-06-17,42.7,28.3,0.0,Dubai
2024-06-18,41.0,29.5,0.0,Dubai
2024-06-19,39.8,29.5,0.0,Dubai
2024-06-20,40.1,31.1,0.0,Dubai
2024-06-21,40.5,30.7,0.0,Dubai
2024-06-22,43.1,29.9,0.0,Dubai
2024-06-23,43.3,29.0,0.0,Dubai
2024-06-24,45.0,30.1,0.0,Dubai
2024-06-25,40.9,29.2,0.0,Dubai
2024-06-26,40.5,29.9,0.0,Dubai
2024-06-27,38.2,30.1,0.0,Dubai
2024-06-28,38.0,29.1,0.0,Dubai
2024-06-29,38.6,30.2,0.0,Dubai
2024-06-30,37.6,28.9,0.0,Dubai
2024-07-01,37.4,29.6,0.0,Dubai
2024-07-02,40.6,29.9,0.0,Dubai
2024-07-03,40.8,29.0,0.0,Dubai
2024-07-04,38.3,32.4,0.0,Dubai
2024-07-05,39.0,30.7,0.0,Dubai
2024-07-06,38.0,30.4,0.0,Dubai
2024-07-07,42.4,29.5,0.0,Dubai
2024-07-08,41.3,30.1,0.0,Dubai
2024-07-09,46.2,32.2,0.0,Dubai
2024-07-10,42.5,32.9,0.0,Dubai
2024-07-11,42.7,33.7,0.0,Dubai
2024-07-12,42.1,31.4,0.0,Dubai
2024-07-13,41.2,30.4,0.0,Dubai
2024-07-14,40.7,30.3,0.0,Dubai
2024-07-15,38.9,30.6,0.0,Dubai
2024-07-16,45.7,32.6,0.0,Dubai
2024-07-17,42.9,32.9,0.0,Dubai
2024-07-18,40.2,33.0,0.0,Dubai
2024-07-19,38.2,32.1,0.0,Dubai
2024-07-20,37.9,30.4,0.0,Dubai
2024-07-21,40.9,33.1,0.0,Dubai
2024-07-22,39.1,31.9,0.0,Dubai
2024-07-23,38.0,31.5,0.0,Dubai
2024-07-24,39.3,31.3,0.0,Dubai
2024-07-25,39.6,30.8,0.0,Dubai
2024-07-26,40.1,31.2,0.0,Dubai
2024-07-27,39.6,31.5,0.0,Dubai
2024-07-28,38.8,33.2,0.0,Dubai
2024-07-29,39.4,31.7,0.0,Dubai
2024-07-30,44.9,31.4,0.0,Dubai
2024-07-31,42.9,33.1,0.0,Dubai
2024-08-01,42.5,34.4,0.0,Dubai
2024-08-02,39.4,32.5,0.0,Dubai
2024-08-03,41.0,32.8,0.0,Dubai
2024-08-04,37.7,32.3,0.0,Dubai
2024-08-05,42.1,31.4,0.0,Dubai
2024-08-06,37.4,31.6,0.0,Dubai
2024-08-07,40.9,33.0,0.0,Dubai
2024-08-08,42.1,32.2,0.0,Dubai
2024-08-09,43.1,31.7,0.0,Dubai
2024-08-10,42.0,30.6,0.0,Dubai
2024-08-11,40.9,30.8,0.0,Dubai
2024-08-12,41.5,32.5,0.0,Dubai
2024-08-13,42.9,32.5,0.0,Dubai
2024-08-14,42.7,32.3,0.0,Dubai
2024-08-15,42.2,32.6,0.0,Dubai
2024-08-16,38.3,31.3,0.0,Dubai
2024-08-17,43.6,31.2,0.0,Dubai
2024-08-18,42.3,31.0,0.0,Dubai
2024-08-19,40.8,31.5,0.0,Dubai
2024-08-20,40.1,31.2,0.0,Dubai
2024-08-21,39.6,30.3,0.0,Dubai
2024-08-22,38.0,30.9,0.0,Dubai
2024-08-23,38.9,31.2,0.0,Dubai
2024-08-24,39.9,31.1,0.0,Dubai
2024-08-25,42.0,31.9,0.0,Dubai
2024-08-26,37.1,30.0,0.0,Dubai
2024-08-27,40.4,30.0,0.0,Dubai
2024-08-28,43.4,30.1,0.0,Dubai
2024-08-29,40.6,29.4,0.0,Dubai
2024-08-30,38.9,30.0,0.0,Dubai
2024-08-31,43.7,30.3,0.0,Dubai
2024-09-01,41.7,29.9,0.0,Dubai
2024-09-02,41.5,29.3,0.0,Dubai
2024-09-03,42.5,30.1,0.0,Dubai
2024-09-04,41.1,29.3,0.0,Dubai
2024-09-05,40.6,29.3,0.0,Dubai
2024-09-06,35.6,27.2,0.0,Dubai
2024-09-07,38.4,27.7,0.0,Dubai
2024-09-08,42.0,28.7,0.0,Dubai
2024-09-09,38.7,28.0,0.0,Dubai
2024-09-10,36.6,28.5,0.0,Dubai
2024-09-11,41.5,28.3,0.0,Dubai
2024-09-12,43.2,28.2,0.0,Dubai
2024-09-13,40.5,28.1,0.0,Dubai
2024-09-14,40.5,27.8,0.0,Dubai
2024-09-15,39.4,28.3,0.0,Dubai
2024-09-16,37.6,27.0,0.0,Dubai
2024-09-17,36.4,26.5,0.0,Dubai
2024-09-18,37.2,27.0,0.0,Dubai
2024-09-19,35.9,28.4,0.0,Dubai
2024-09-20,35.8,29.1,0.0,Dubai
2024-09-21,36.0,28.3,0.0,Dubai
2024-09-22,37.7,28.0,0.0,Dubai
2024-09-23,39.9,27.6,0.0,Dubai
2024-09-24,37.9,27.9,0.0,Dubai
2024-09-25,37.9,27.9,0.0,Dubai
2024-09-26,35.8,28.6,0.0,Dubai
2024-09-27,35.9,27.3,0.0,Dubai
2024-09-28,36.4,29.2,0.0,Dubai
2024-09-29,38.5,28.8,0.0,Dubai
2024-09-30,37.9,29.5,0.5,Dubai
2024-10-01,36.4,28.6,0.0,Dubai
2024-10-02,37.5,29.2,0.0,Dubai
2024-10-03,36.4,28.3,0.0,Dubai
2024-10-04,36.6,28.6,0.0,Dubai
2024-10-05,35.3,29.5,0.0,Dubai
2024-10-06,34.1,26.5,0.0,Dubai
2024-10-07,37.1,27.7,0.0,Dubai
2024-10-08,38.5,27.2,0.0,Dubai
2024-10-09,36.7,26.0,0.0,Dubai
2024-10-10,35.4,26.9,0.0,Dubai
2024-10-11,36.0,26.7,0.0,Dubai
2024-10-12,35.2,26.5,0.0,Dubai
2024-10-13,34.7,26.0,0.0,Dubai
2024-10-14,38.1,26.5,0.0,Dubai
2024-10-15,38.3,26.4,0.2,Dubai
2024-10-16,35.7,26.4,0.1,Dubai
2024-10-17,33.4,26.8,0.0,Dubai
2024-10-18,34.6,26.9,0.0,Dubai
2024-10-19,36.3,27.5,0.0,Dubai
2024-10-20,34.8,28.6,0.0,Dubai
2024-10-21,37.0,27.3,0.0,Dubai
2024-10-22,35.6,26.6,0.0,Dubai
2024-10-23,37.4,25.1,0.0,Dubai
2024-10-24,38.3,27.4,0.1,Dubai
2024-10-25,34.4,26.6,0.0,Dubai
2024-10-26,33.8,27.7,0.0,Dubai
2024-10-27,33.2,26.2,0.0,Dubai
2024-10-28,32.8,28.7,0.0,Dubai
2024-10-29,32.8,25.9,0.0,Dubai
2024-10-30,32.5,25.3,0.0,Dubai
2024-10-31,33.4,23.7,0.0,Dubai
2024-11-01,33.0,24.1,0.0,Dubai
2024-11-02,32.4,24.0,0.0,Dubai
2024-11-03,32.6,23.0,0.0,Dubai
2024-11-04,32.4,22.4,0.0,Dubai
2024-11-05,34.1,23.1,0.0,Dubai
2024-11-06,32.7,23.4,0.0,Dubai
2024-11-07,32.2,24.6,0.0,Dubai
2024-11-08,31.1,23.2,0.0,Dubai
2024-11-09,31.4,21.6,0.0,Dubai
2024-11-10,32.2,22.4,0.0,Dubai
2024-11-11,31.4,22.7,0.0,Dubai
2024-11-12,31.2,22.9,0.0,Dubai
2024-11-13,31.3,23.1,0.0,Dubai
2024-11-14,31.9,23.3,0.0,Dubai
2024-11-15,31.1,26.3,0.0,Dubai
2024-11-16,29.3,25.0,0.0,Dubai
2024-11-17,30.9,22.4,0.0,Dubai
2024-11-18,31.6,21.1,0.0,Dubai
2024-11-19,31.2,21.0,0.0,Dubai
2024-11-20,30.7,21.6,0.0,Dubai
2024-11-21,30.0,19.8,0.0,Dubai
2024-11-22,30.2,21.5,0.0,Dubai
2024-11-23,30.7,21.4,0.0,Dubai
2024-11-24,29.7,22.4,0.0,Dubai
2024-11-25,31.2,21.0,0.0,Dubai
2024-11-26,31.4,22.6,0.0,Dubai
2024-11-27,31.3,20.8,0.0,Dubai
2024-11-28,29.4,21.8,0.2,Dubai
2024-11-29,26.7,23.8,0.0,Dubai
2024-11-30,26.6,23.1,0.0,Dubai
2024-12-01,25.8,22.7,0.0,Dubai
2024-12-02,26.6,20.6,0.0,Dubai
2024-12-03,27.0,17.3,0.0,Dubai
2024-12-04,27.3,17.0,0.0,Dubai
2024-12-05,26.7,16.2,0.0,Dubai
2024-12-06,27.5,17.6,0.0,Dubai
2024-12-07,29.0,22.2,0.0,Dubai
2024-12-08,29.8,17.6,0.0,Dubai
2024-12-09,29.0,18.6,0.0,Dubai
2024-12-10,27.0,17.9,0.0,Dubai
2024-12-11,28.8,19.0,0.0,Dubai
2024-12-12,28.7,19.4,0.0,Dubai
2024-12-13,26.6,17.2,0.0,Dubai
2024-12-14,26.2,18.6,0.0,Dubai
2024-12-15,25.1,18.0,1.2,Dubai
2024-12-16,25.1,19.7,0.0,Dubai
2024-12-17,24.7,16.1,0.0,Dubai
2024-12-18,24.0,21.0,0.2,Dubai
2024-12-19,24.3,16.3,0.0,Dubai
2024-12-20,25.8,15.4,0.0,Dubai
2024-12-21,24.5,14.5,0.0,Dubai
2024-12-22,24.9,16.5,0.0,Dubai
2024-12-23,24.2,16.3,0.0,Dubai
2024-12-24,26.8,15.4,0.0,Dubai
2024-12-25,24.8,19.9,0.0,Dubai
2024-12-26,24.8,16.6,0.1,Dubai
2024-12-27,27.6,16.0,0.0,Dubai
2024-12-28,26.5,16.1,0.0,Dubai
2024-12-29,25.7,16.6,0.0,Dubai
2024-12-30,26.1,17.2,0.0,Dubai
2024-12-31,26.6,18.1,0.0,Dubai
2025-01-01,25.0,18.4,0.7,Dubai
2025-01-02,22.6,19.9,0.0,Dubai
2025-01-03,21.5,17.6,0.0,Dubai
2025-01-04,22.9,13.0,0.0,Dubai
2025-01-05,22.8,15.6,0.0,Dubai
2025-01-06,25.1,12.5,0.0,Dubai
2025-01-07,25.8,14.3,0.0,Dubai
2025-01-08,24.1,14.0,0.0,Dubai
2025-01-09,22.5,18.0,0.4,Dubai
2025-01-10,24.8,14.2,0.0,Dubai
2025-01-11,26.9,13.5,0.0,Dubai
2025-01-12,24.9,13.8,0.0,Dubai
2025-01-13,23.2,17.3,1.9,Dubai
2025-01-14,23.5,19.6,0.1,Dubai
2025-01-15,24.3,14.1,0.0,Dubai
2025-01-16,24.4,15.2,0.0,Dubai
2025-01-17,22.4,16.1,0.0,Dubai
2025-01-18,22.6,17.0,0.3,Dubai
2025-01-19,22.2,19.7,0.0,Dubai
2025-01-20,21.6,18.4,0.0,Dubai
2025-01-21,22.3,19.4,0.0,Dubai
2025-01-22,24.9,16.2,0.0,Dubai
2025-01-23,25.3,14.6,0.0,Dubai
2025-01-24,25.9,13.9,0.0,Dubai
2025-01-25,23.5,12.6,0.0,Dubai
2025-01-26,24.4,13.6,0.0,Dubai
2025-01-27,25.0,13.7,0.0,Dubai
2025-01-28,23.8,20.0,0.0,Dubai
2025-01-29,22.9,19.5,0.0,Dubai
2025-01-30,23.6,14.2,0.0,Dubai
2025-01-31,22.8,18.2,0.0,Dubai
2025-02-01,24.5,13.2,0.0,Dubai
2025-02-02,22.0,14.4,1.1,Dubai
2025-02-03,23.2,19.3,0.0,Dubai
2025-02-04,22.8,16.0,0.0,Dubai
2025-02-05,23.5,12.8,0.0,Dubai
2025-02-06,28.0,15.0,0.0,Dubai
2025-02-07,28.5,18.3,0.0,Dubai
2025-02-08,26.7,20.0,0.0,Dubai
2025-02-09,23.0,19.1,0.0,Dubai
2025-02-10,21.6,18.3,0.0,Dubai
2025-02-11,24.4,13.7,0.0,Dubai
2025-02-12,28.3,18.5,0.0,Dubai
2025-02-13,30.2,19.9,0.0,Dubai
2025-02-14,27.2,21.3,0.0,Dubai
2025-02-15,24.7,19.4,0.0,Dubai
2025-02-16,24.4,21.0,0.6,Dubai
2025-02-17,28.0,20.4,2.4,Dubai
2025-02-18,26.2,20.3,1.5,Dubai
2025-02-19,24.5,19.6,0.0,Dubai
2025-02-20,25.4,16.7,0.3,Dubai
2025-02-21,29.9,18.9,0.4,Dubai
2025-02-22,26.1,18.2,0.0,Dubai
2025-02-23,33.6,19.0,0.0,Dubai
2025-02-24,27.2,21.9,0.0,Dubai
2025-02-25,23.5,19.3,0.3,Dubai
2025-02-26,21.9,18.3,0.0,Dubai
2025-02-27,21.8,19.8,0.0,Dubai
2025-02-28,22.2,18.6,0.0,Dubai
2025-03-01,22.5,17.7,0.0,Dubai
2025-03-02,23.2,17.7,0.0,Dubai
2025-03-03,23.1,17.7,0.0,Dubai
2025-03-04,29.3,15.8,0.8,Dubai
2025-03-05,29.6,20.4,0.0,Dubai
2025-03-06,28.8,20.0,0.0,Dubai
2025-03-07,32.5,21.6,0.0,Dubai
2025-03-08,36.4,23.8,0.0,Dubai
2025-03-09,30.1,22.9,0.0,Dubai
2025-03-10,29.8,21.5,0.5,Dubai
2025-03-11,32.8,23.1,1.4,Dubai
2025-03-12,29.7,22.8,0.0,Dubai
2025-03-13,26.2,21.2,0.0,Dubai
2025-03-14,27.1,17.5,0.0,Dubai
2025-03-15,28.8,17.9,0.0,Dubai
2025-03-16,32.5,18.5,0.0,Dubai
2025-03-17,26.8,21.3,0.0,Dubai
2025-03-18,26.8,18.5,0.0,Dubai
2025-03-19,28.2,17.5,0.0,Dubai
2025-03-20,31.0,16.6,0.0,Dubai
2025-03-21,36.9,19.2,0.0,Dubai
2025-03-22,34.6,22.7,0.0,Dubai
2025-03-23,33.0,23.6,0.0,Dubai
2025-03-24,26.4,20.8,0.0,Dubai
2025-03-25,23.7,20.2,0.0,Dubai
2025-03-26,26.4,18.3,0.0,Dubai
2025-03-27,27.0,16.4,0.0,Dubai
2025-03-28,29.0,18.6,0.0,Dubai
2025-03-29,30.7,19.7,0.0,Dubai
2025-03-30,32.0,19.5,0.0,Dubai
2025-03-31,33.8,20.7,0.0,Dubai
2025-04-01,32.2,19.9,0.0,Dubai
2025-04-02,31.8,19.3,0.0,Dubai
2025-04-03,36.6,19.7,0.0,Dubai
2025-04-04,38.9,22.7,0.0,Dubai
2025-04-05,38.4,24.1,0.0,Dubai
2025-04-06,37.8,22.1,0.0,Dubai
2025-04-07,36.1,21.6,0.0,Dubai
2025-04-08,33.4,23.3,0.0,Dubai
2025-04-09,31.3,23.9,0.0,Dubai
2025-04-10,30.8,21.0,0.0,Dubai
2025-04-11,33.3,21.1,0.0,Dubai
2025-04-12,37.6,22.7,0.0,Dubai
2025-04-13,40.5,25.6,0.0,Dubai
2025-04-14,39.3,24.7,0.0,Dubai
2025-04-15,36.4,26.0,0.0,Dubai
2025-04-16,32.3,24.7,0.0,Dubai
2025-04-17,29.9,25.1,0.0,Dubai
2025-04-18,28.3,23.9,0.0,Dubai
2025-04-19,28.9,22.6,0.0,Dubai
2025-04-20,29.1,22.9,0.0,Dubai
2025-04-21,33.0,21.8,0.0,Dubai
2025-04-22,33.7,21.4,0.0,Dubai
2025-04-23,36.7,23.1,0.0,Dubai
2025-04-24,32.2,24.2,0.0,Dubai
2025-04-25,36.9,21.7,0.0,Dubai
2025-04-26,41.2,23.3,0.0,Dubai
2025-04-27,42.7,25.8,0.0,Dubai
2025-04-28,41.6,27.1,0.0,Dubai
2025-04-29,41.2,25.6,0.0,Dubai
2025-04-30,40.8,26.0,0.0,Dubai
2025-05-01,38.6,25.6,0.0,Dubai
2025-05-02,37.3,25.4,0.0,Dubai
2025-05-03,37.1,26.8,0.0,Dubai
2025-05-04,40.7,27.2,0.0,Dubai
2025-05-05,38.9,26.9,0.0,Dubai
2025-05-06,35.2,28.9,0.0,Dubai
2025-05-07,32.1,27.0,0.0,Dubai
2025-05-08,31.4,25.2,0.0,Dubai
2025-05-09,33.5,22.8,0.0,Dubai
2025-05-10,32.7,23.1,0.0,Dubai
2025-05-11,35.0,25.2,0.0,Dubai
2025-05-12,37.9,25.8,0.0,Dubai
2025-05-13,40.3,26.2,0.0,Dubai
2025-05-14,40.9,26.6,0.0,Dubai
2025-05-15,39.1,27.5,0.0,Dubai
2025-05-16,36.9,26.7,0.0,Dubai
2025-05-17,34.9,26.9,0.0,Dubai
2025-05-18,35.0,25.7,0.0,Dubai
2025-05-19,35.4,24.6,0.0,Dubai
2025-05-20,35.9,25.2,0.0,Dubai
2025-05-21,39.8,25.2,0.0,Dubai
2025-05-22,41.0,25.8,0.0,Dubai
2025-05-23,43.7,26.9,0.0,Dubai
2025-05-24,43.9,27.7,0.0,Dubai
2025-05-25,41.6,27.6,0.0,Dubai
2025-05-26,41.6,27.9,0.0,Dubai
2025-05-27,35.9,29.5,0.0,Dubai
2025-05-28,37.8,27.2,0.0,Dubai
2025-05-29,39.8,26.0,0.0,Dubai
2025-05-30,39.1,27.3,0.0,Dubai
2025-05-31,37.1,28.3,0.0,Dubai
2025-06-01,38.1,26.8,0.0,Dubai
2025-06-02,37.8,26.3,0.0,Dubai
2025-06-03,37.8,26.1,0.0,Dubai
2025-06-04,35.7,27.6,0.0,Dubai
2025-06-05,36.5,26.7,0.0,Dubai
2025-06-06,34.3,26.7,0.0,Dubai
2025-06-07,35.4,24.8,0.2,Dubai
2025-06-08,36.9,28.1,0.0,Dubai
2025-06-09,39.6,28.3,0.0,Dubai
2025-06-10,41.7,29.7,0.0,Dubai
2025-06-11,41.0,28.9,0.0,Dubai
2025-06-12,42.2,28.8,0.0,Dubai
2025-06-13,41.7,29.0,0.0,Dubai
2025-06-14,42.0,27.9,0.0,Dubai
2025-06-15,38.4,27.8,0.0,Dubai
2025-06-16,40.9,28.3,0.0,Dubai
2025-06-17,39.4,29.0,0.0,Dubai
2025-06-18,41.1,29.7,0.0,Dubai
2025-06-19,41.4,28.4,0.0,Dubai
2025-06-20,41.4,28.6,0.0,Dubai
2025-06-21,38.0,28.2,0.0,Dubai
2025-06-22,37.6,28.0,0.0,Dubai
2025-06-23,37.8,28.6,0.0,Dubai
2025-06-24,37.9,29.2,0.0,Dubai
2025-06-25,40.9,28.2,0.0,Dubai
2025-06-26,39.7,28.0,0.0,Dubai
2025-06-27,42.4,28.8,0.0,Dubai
2025-06-28,41.1,29.3,0.0,Dubai
2025-06-29,36.0,28.6,0.0,Dubai
2025-06-30,36.9,28.2,0.0,Dubai
2025-07-01,39.7,28.4,0.0,Dubai
2025-07-02,37.4,28.0,0.0,Dubai
2025-07-03,39.9,29.6,0.0,Dubai
2025-07-04,41.2,29.2,0.0,Dubai
2025-07-05,38.4,30.2,0.0,Dubai
2025-07-06,37.2,29.9,0.0,Dubai
2025-07-07,36.9,29.1,0.0,Dubai
2025-07-08,36.6,28.6,0.0,Dubai
2025-07-09,37.2,27.3,0.0,Dubai
2025-07-10,37.5,28.0,0.0,Dubai
2025-07-11,42.7,28.0,0.0,Dubai
2025-07-12,42.0,31.0,0.0,Dubai
2025-07-13,44.9,32.2,0.0,Dubai
2025-07-14,44.4,33.2,0.0,Dubai
2025-07-15,46.1,33.2,0.0,Dubai
2025-07-16,44.0,32.8,0.0,Dubai
2025-07-17,40.8,30.2,0.0,Dubai
2025-07-18,45.1,32.2,0.0,Dubai
2025-07-19,43.9,33.2,0.0,Dubai
2025-07-20,39.3,31.4,0.0,Dubai
2025-07-21,46.5,31.9,0.0,Dubai
2025-07-22,46.3,32.7,0.0,Dubai
2025-07-23,38.0,32.0,0.0,Dubai
2025-07-24,37.6,29.7,0.0,Dubai
2025-07-25,46.5,33.1,0.0,Dubai
2025-07-26,44.7,33.3,0.0,Dubai
2025-07-27,44.1,31.6,0.0,Dubai
2025-07-28,46.0,32.2,0.0,Dubai
2025-07-29,46.1,32.2,0.0,Dubai
2025-07-30,39.8,30.9,0.0,Dubai
2025-07-31,41.8,31.7,0.0,Dubai
2025-08-01,45.9,33.0,0.0,Dubai
2025-08-02,44.6,31.5,0.0,Dubai
2025-08-03,43.0,32.6,0.0,Dubai
2025-08-04,43.1,31.5,0.0,Dubai
2025-08-05,42.0,32.8,0.0,Dubai
2025-08-06,42.3,33.1,0.0,Dubai
2025-08-07,42.5,33.5,0.0,Dubai
2025-08-08,42.2,32.0,0.0,Dubai
2025-08-09,41.5,32.7,0.0,Dubai
2025-08-10,42.1,32.3,0.0,Dubai
2025-08-11,41.2,33.3,0.0,Dubai
2025-08-12,41.2,31.2,0.0,Dubai
2025-08-13,38.2,30.8,0.0,Dubai
2025-08-14,39.0,30.4,0.0,Dubai
2025-08-15,42.5,32.5,0.0,Dubai
2025-08-16,45.0,30.8,0.0,Dubai
2025-08-17,42.7,32.2,0.0,Dubai
2025-08-18,42.3,31.7,0.0,Dubai
2025-08-19,41.5,33.0,0.0,Dubai
2025-08-20,42.3,31.8,0.0,Dubai
2025-08-21,41.4,32.1,0.0,Dubai
2025-08-22,39.3,32.1,0.0,Dubai
2025-08-23,38.8,31.4,0.0,Dubai
2025-08-24,37.7,30.7,0.0,Dubai
2025-08-25,40.0,30.0,0.0,Dubai
2025-08-26,41.4,29.3,0.0,Dubai
2025-08-27,44.3,30.8,0.0,Dubai
2025-08-28,43.6,31.2,0.0,Dubai
2025-08-29,42.1,31.2,0.0,Dubai
2025-08-30,44.0,30.3,0.0,Dubai
2025-08-31,43.6,30.8,0.0,Dubai
2025-09-01,43.0,29.4,0.0,Dubai
2025-09-02,37.8,29.5,0.0,Dubai
2025-09-03,41.5,29.4,0.0,Dubai
2025-09-04,43.2,29.4,0.0,Dubai
2025-09-05,42.1,31.5,0.0,Dubai
2025-09-06,40.7,31.1,0.0,Dubai
2025-09-07,39.1,29.2,0.0,Dubai
2025-09-08,38.3,30.0,0.0,Dubai
2025-09-09,43.9,29.5,0.0,Dubai
2025-09-10,40.8,29.6,0.0,Dubai
2025-09-11,40.7,30.0,0.0,Dubai
2025-09-12,40.1,30.7,0.0,Dubai
2025-09-13,40.2,29.8,0.0,Dubai
2025-09-14,38.6,29.0,0.0,Dubai
2025-09-15,37.3,29.5,0.0,Dubai
2025-09-16,37.4,30.1,0.0,Dubai
2025-09-17,37.6,29.5,0.0,Dubai
2025-09-18,38.4,28.1,0.0,Dubai
2025-09-19,36.4,26.8,0.0,Dubai
2025-09-20,41.1,30.2,0.0,Dubai
2025-09-21,38.8,30.0,0.0,Dubai
2025-09-22,38.1,29.2,0.0,Dubai
2025-09-23,35.9,28.4,0.0,Dubai
2025-09-24,36.9,28.6,0.0,Dubai
2025-09-25,37.6,28.8,0.0,Dubai
2025-09-26,37.3,27.4,0.0,Dubai
2025-09-27,40.4,29.7,0.0,Dubai
2025-09-28,38.1,28.6,0.0,Dubai
2025-09-29,36.7,27.4,0.0,Dubai
2025-09-30,37.3,26.9,0.0,Dubai
2025-10-01,36.0,27.6,0.0,Dubai
2025-10-02,35.4,28.2,0.0,Dubai
2025-10-03,37.1,27.3,0.0,Dubai
2025-10-04,35.5,26.1,0.0,Dubai
2025-10-05,34.5,27.6,0.0,Dubai
2025-10-06,38.2,25.8,0.0,Dubai
2025-10-07,38.7,26.1,0.0,Dubai
2025-10-08,36.3,26.1,0.0,Dubai
2025-10-09,37.1,25.8,0.0,Dubai
2025-10-10,37.1,25.7,0.0,Dubai
2025-10-11,35.0,25.8,0.0,Dubai
2025-10-12,37.5,27.2,0.0,Dubai
2025-10-13,36.4,29.6,0.1,Dubai
2025-10-14,34.6,27.2,0.0,Dubai
2025-10-15,34.1,27.2,0.0,Dubai
2025-10-16,35.8,25.9,0.0,Dubai
2025-10-17,36.1,26.3,0.0,Dubai
2025-10-18,35.9,25.4,0.0,Dubai
2025-10-19,33.1,25.2,0.0,Dubai
2025-10-20,33.6,25.1,0.0,Dubai
2025-10-21,35.4,24.6,0.0,Dubai
2025-10-22,34.5,25.6,0.1,Dubai
2025-10-23,33.4,26.5,0.0,Dubai
2025-10-24,33.8,25.4,0.0,Dubai
2025-10-25,33.5,23.7,0.0,Dubai
2025-10-26,31.2,23.8,0.0,Dubai
2025-10-27,31.9,22.6,0.0,Dubai
2025-10-28,32.7,24.4,0.0,Dubai
2025-10-29,32.7,25.5,0.0,Dubai
2025-10-30,32.3,25.5,0.0,Dubai
2025-10-31,32.9,24.8,0.0,Dubai
2025-11-01,32.9,25.0,0.0,Dubai
2025-11-02,31.9,27.1,0.0,Dubai
2025-11-03,31.6,24.3,0.0,Dubai
2025-11-04,33.6,23.4,0.0,Dubai
2025-11-05,34.0,23.3,0.0,Dubai
2025-11-06,33.2,22.6,0.0,Dubai
2025-11-07,32.8,20.4,0.0,Dubai
2025-11-08,32.3,20.1,0.0,Dubai
2025-11-09,30.7,20.9,0.0,Dubai
2025-11-10,30.9,20.9,0.0,Dubai
2025-11-11,31.4,20.8,0.0,Dubai
2025-11-12,32.1,18.5,0.0,Dubai
2025-11-13,30.4,20.7,0.0,Dubai
2025-11-14,30.9,20.0,0.0,Dubai
2025-11-15,30.6,19.7,0.0,Dubai
2025-11-16,32.1,20.9,0.0,Dubai
2025-11-17,30.2,20.9,0.0,Dubai
2025-11-18,29.7,18.8,0.0,Dubai
2025-11-19,30.8,18.4,0.0,Dubai
2025-11-20,30.4,18.6,0.0,Dubai
2025-11-21,29.7,19.0,0.0,Dubai
2025-11-22,31.7,17.0,0.0,Dubai
2025-11-23,31.0,17.3,0.0,Dubai
2025-11-24,30.8,19.3,0.0,Dubai
2025-11-25,30.2,18.1,0.0,Dubai
2025-11-26,28.8,18.0,0.0,Dubai
2025-11-27,28.8,19.0,0.0,Dubai
2025-11-28,28.1,18.4,0.1,Dubai
2025-11-29,28.7,19.4,0.0,Dubai
2025-11-30,28.9,17.5,0.0,Dubai
2025-12-01,27.9,19.3,0.0,Dubai
2025-12-02,28.3,17.5,0.0,Dubai
2025-12-03,28.1,19.1,0.0,Dubai
2025-12-04,29.7,19.4,0.0,Dubai
2025-12-05,28.4,21.5,0.0,Dubai
2025-12-06,28.2,18.9,0.0,Dubai
2025-12-07,30.0,20.3,0.0,Dubai
2025-12-08,31.5,19.9,0.0,Dubai
2025-12-09,29.4,18.0,0.0,Dubai
2025-12-10,29.8,18.0,0.0,Dubai
2025-12-11,29.5,17.4,0.0,Dubai
2025-12-12,29.7,18.0,0.0,Dubai
2025-12-13,28.1,19.4,0.0,Dubai
2025-12-14,24.9,20.2,0.3,Dubai
2025-12-15,30.5,17.6,0.0,Dubai
2025-12-16,26.1,21.0,0.2,Dubai
2025-12-17,28.4,20.8,0.3,Dubai
2025-12-18,24.7,20.2,6.6,Dubai
2025-12-19,21.4,17.2,15.4,Dubai
2025-12-20,20.7,13.7,0.7,Dubai
2025-12-21,21.2,12.7,0.0,Dubai
2025-12-22,22.7,15.1,0.0,Dubai
2025-12-23,23.3,12.8,0.0,Dubai
2025-12-24,24.4,14.3,0.0,Dubai
2025-12-25,24.9,15.8,0.0,Dubai
2025-12-26,24.7,16.6,0.0,Dubai
2025-12-27,25.8,16.3,0.0,Dubai
2025-12-28,27.6,18.0,0.0,Dubai
2025-12-29,27.6,20.8,0.3,Dubai
2025-12-30,23.7,21.6,0.1,Dubai
2025-12-31,22.3,17.9,0.0,Dubai
2026-01-01,22.8,13.9,0.0,Dubai
2026-01-02,23.5,14.8,0.0,Dubai
2026-01-03,24.2,15.2,0.0,Dubai
2026-01-04,25.4,16.6,0.0,Dubai
2026-01-05,26.0,15.8,0.0,Dubai
2026-01-06,26.2,16.4,0.0,Dubai
2026-01-07,24.6,17.3,0.0,Dubai
2026-01-08,24.4,14.8,0.0,Dubai
2026-01-09,23.9,16.3,0.0,Dubai
2026-01-10,24.2,15.6,0.0,Dubai
2026-01-11,25.1,16.3,0.0,Dubai
2026-01-12,24.0,15.1,0.0,Dubai
2026-01-13,24.5,15.2,0.0,Dubai
2026-01-14,25.8,13.8,0.0,Dubai
2026-01-15,27.3,15.7,0.1,Dubai
2026-01-16,21.7,19.3,0.0,Dubai
2026-01-17,21.7,19.1,0.0,Dubai
2026-01-18,22.4,17.3,0.0,Dubai
2026-01-19,23.4,14.6,0.0,Dubai
2026-01-20,25.5,15.4,0.0,Dubai
2026-01-21,22.7,18.0,0.0,Dubai
2026-01-22,20.2,16.8,0.0,Dubai
2026-01-23,23.4,14.3,0.0,Dubai
2026-01-24,23.8,13.3,0.0,Dubai
2026-01-25,24.8,16.8,5.3,Dubai
2026-01-26,21.4,17.2,0.4,Dubai
2026-01-27,24.2,13.9,0.0,Dubai
2026-01-28,25.5,15.9,0.0,Dubai
2026-01-29,26.2,17.2,0.0,Dubai
2026-01-30,23.3,15.5,0.0,Dubai
2026-01-31,22.7,17.2,0.0,Dubai
2026-02-01,24.4,14.4,0.0,Dubai
2026-02-02,25.8,14.7,0.0,Dubai
2026-02-03,26.0,13.4,0.0,Dubai
2026-02-04,30.2,16.7,0.0,Dubai
2026-02-05,24.5,18.2,0.0,Dubai
2026-02-06,25.6,16.9,0.0,Dubai
2026-02-07,26.6,16.7,0.0,Dubai
2026-02-08,27.7,19.1,0.0,Dubai
2026-02-09,27.2,16.6,0.0,Dubai
2026-02-10,25.5,19.6,0.0,Dubai
2026-02-11,29.5,16.6,0.0,Dubai
2026-02-12,31.2,19.6,0.0,Dubai
2026-02-13,29.8,18.0,0.0,Dubai
2026-02-14,29.0,16.0,0.0,Dubai
2026-02-15,28.3,16.6,0.0,Dubai
2026-02-16,25.7,21.4,0.0,Dubai
2026-02-17,28.0,17.3,0.0,Dubai
2026-02-18,28.9,16.9,0.0,Dubai
2026-02-19,29.8,16.3,0.0,Dubai
2026-02-20,28.9,18.0,0.0,Dubai
2026-02-21,30.0,16.9,0.0,Dubai
2026-02-22,27.9,16.9,0.0,Dubai
2026-02-23,27.2,17.9,0.0,Dubai
2026-02-24,29.1,16.1,0.0,Dubai
2026-02-25,30.7,17.1,0.0,Dubai
2026-02-26,25.4,19.4,0.0,Dubai
2026-02-27,24.4,19.4,0.0,Dubai
2026-02-28,27.2,15.7,0.0,Dubai
2026-03-01,33.0,17.1,0.0,Dubai
2026-03-02,33.1,23.2,0.0,Dubai
2026-03-03,32.8,23.9,0.0,Dubai
2026-03-04,29.5,23.2,0.0,Dubai
2026-03-05,26.0,22.5,0.0,Dubai
2026-03-06,25.1,21.1,0.0,Dubai
2026-03-07,25.6,20.3,0.0,Dubai
2026-03-08,26.5,18.8,0.1,Dubai
2026-03-09,29.2,21.3,0.3,Dubai
2026-03-10,28.6,22.5,1.3,Dubai
2026-03-11,29.4,21.7,1.4,Dubai
2026-03-12,27.9,22.0,0.0,Dubai
2026-03-13,29.6,22.1,1.5,Dubai
2026-03-14,30.0,20.3,0.0,Dubai
2026-03-15,32.5,20.2,0.0,Dubai
2026-03-16,35.4,20.0,0.0,Dubai
2026-03-17,34.0,23.5,0.0,Dubai
2026-03-18,28.1,23.9,0.5,Dubai
2026-03-19,29.8,22.4,0.0,Dubai
2026-03-20,32.7,23.3,0.3,Dubai
2026-03-21,29.1,20.9,12.9,Dubai
2026-03-22,30.6,21.6,3.4,Dubai
2026-03-23,25.5,20.5,35.5,Dubai
2026-03-24,24.8,19.6,15.6,Dubai
2026-03-25,25.8,19.4,47.0,Dubai
2026-03-26,29.6,21.1,52.3,Dubai
2026-03-27,25.7,20.9,108.2,Dubai
2026-03-28,23.3,20.8,0.0,Dubai
2026-03-29,23.9,20.8,0.0,Dubai
2026-03-30,24.6,20.5,0.0,Dubai
2026-03-31,23.2,18.8,5.0,Dubai
2026-04-01,24.5,19.9,0.0,Dubai
2026-04-02,24.9,21.2,0.0,Dubai
2026-04-03,24.5,20.4,0.0,Dubai
2026-04-04,25.7,19.0,0.0,Dubai
2026-04-05,27.4,19.6,0.0,Dubai
2026-04-06,25.6,22.8,0.0,Dubai
2026-04-07,25.4,22.1,0.0,Dubai
2026-04-08,26.0,21.1,0.0,Dubai
2026-04-09,28.4,18.8,0.0,Dubai
2026-04-10,28.1,20.8,0.1,Dubai
2026-04-11,25.3,20.5,7.7,Dubai
2026-04-12,25.7,20.3,1.1,Dubai
2026-04-13,29.1,20.3,0.1,Dubai
2026-04-14,28.4,20.1,0.0,Dubai
2026-04-15,26.9,21.3,0.0,Dubai
2026-04-16,26.8,21.4,0.0,Dubai
2026-04-17,27.2,19.0,0.0,Dubai
2026-04-18,27.9,21.7,0.0,Dubai
2026-04-19,29.8,17.6,0.0,Dubai
2026-04-20,30.6,19.0,0.0,Dubai
2026-04-21,31.6,21.0,0.0,Dubai
2026-04-22,35.1,25.0,0.0,Dubai
2026-04-23,36.5,26.1,0.0,Dubai
2026-04-24,35.8,25.2,0.0,Dubai
2026-04-25,32.8,24.9,0.0,Dubai
2026-04-26,33.0,26.4,0.0,Dubai
2026-04-27,34.1,27.3,0.0,Dubai
2026-04-28,36.1,25.9,0.0,Dubai
2026-04-29,37.6,26.4,0.0,Dubai
2026-04-30,35.3,27.8,0.0,Dubai
2026-05-01,34.7,25.7,0.0,Dubai
2026-05-02,35.6,27.2,0.0,Dubai
2026-05-03,38.7,27.7,0.0,Dubai
2026-05-04,34.2,26.9,0.0,Dubai
2026-05-05,36.8,24.2,0.0,Dubai
2026-05-06,38.5,25.5,0.0,Dubai
2026-05-07,39.0,25.8,0.0,Dubai
2026-05-08,34.1,26.1,0.0,Dubai
2026-05-09,34.9,27.3,0.0,Dubai
2026-05-10,34.2,27.7,0.0,Dubai
2026-05-11,33.0,24.7,0.0,Dubai
2026-05-12,33.0,23.5,0.0,Dubai
2026-05-13,35.8,24.6,0.0,Dubai
2026-05-14,34.1,27.4,0.0,Dubai
2026-05-15,33.7,28.3,0.0,Dubai
2026-05-16,33.3,25.5,0.0,Dubai
2026-05-17,38.3,25.3,0.0,Dubai
2026-05-18,32.0,27.2,0.0,Dubai
2026-05-19,32.2,24.9,0.0,Dubai
2026-05-20,37.7,27.2,0.0,Dubai
2026-05-21,33.4,26.7,0.0,Dubai
2026-05-22,36.2,26.3,0.0,Dubai
2026-05-23,35.5,27.5,0.0,Dubai
2026-05-24,36.8,25.4,0.0,Dubai
2026-05-25,37.3,25.4,0.0,Dubai
2026-05-26,35.9,27.0,0.0,Dubai
2026-05-27,36.5,26.9,0.0,Dubai
2026-05-28,37.3,27.0,0.0,Dubai
2026-05-29,36.1,26.8,0.0,Dubai
2026-05-30,37.1,27.1,0.0,Dubai
2026-05-31,36.1,28.2,0.0,Dubai
2026-06-01,36.0,27.8,0.0,Dubai
2026-06-02,36.6,28.9,0.0,Dubai
2026-06-03,37.5,29.5,0.0,Dubai
2026-06-04,36.8,28.8,0.0,Dubai
2026-06-05,37.3,29.5,0.0,Dubai
2026-06-06,36.3,28.1,0.0,Dubai
2026-06-07,38.7,26.9,0.0,Dubai
2026-06-08,38.6,28.3,0.0,Dubai
2026-06-09,36.8,29.9,0.0,Dubai
2026-06-10,36.3,28.6,0.0,Dubai
2026-06-11,37.6,29.9,0.0,Dubai
2026-06-12,36.9,28.8,0.0,Dubai
2026-06-13,36.5,26.6,0.0,Dubai
2026-06-14,38.3,29.0,0.0,Dubai
2026-06-15,37.2,28.0,0.0,Dubai
2026-06-16,36.7,29.3,0.0,Dubai
2026-06-17,39.7,27.2,0.0,Dubai
2026-06-18,39.3,28.9,0.0,Dubai
2026-06-19,42.2,31.0,0.0,Dubai
2026-06-20,39.6,29.9,0.0,Dubai
2026-06-21,37.4,29.8,0.0,Dubai
2026-06-22,37.4,27.9,0.0,Dubai
2026-06-23,41.6,30.6,0.0,Dubai
2026-06-24,41.8,31.9,0.0,Dubai
2026-06-25,38.2,29.4,0.0,Dubai
2026-06-26,38.5,29.2,0.0,Dubai
2026-06-27,35.8,27.7,0.0,Dubai
2026-06-28,39.0,31.3,0.0,Dubai
2026-06-29,38.4,30.9,0.0,Dubai
2026-06-30,37.0,29.7,0.0,Dubai
2026-07-01,36.9,29.5,0.0,Dubai
2026-07-02,37.9,29.5,0.0,Dubai
2026-07-03,41.3,29.3,0.0,Dubai
2026-07-04,38.0,31.5,0.0,Dubai
2026-07-05,37.2,29.5,0.0,Dubai
2026-07-06,38.4,30.2,0.0,Dubai
2026-07-07,38.5,30.7,0.0,Dubai
2026-07-08,37.8,29.3,0.0,Dubai
2026-07-09,37.7,31.2,0.0,Dubai
2026-07-10,38.9,31.2,0.0,Dubai
2026-07-11,39.0,30.6,0.0,Dubai
2026-07-12,38.6,30.2,0.0,Dubai
2026-07-13,36.8,30.3,0.0,Dubai
2026-07-14,40.4,30.3,0.0,Dubai
2026-07-15,44.2,33.6,0.0,Dubai
2026-07-16,45.2,31.3,0.0,Dubai
2026-07-17,41.4,29.8,0.0,Dubai
2026-07-18,39.9,31.1,0.0,Dubai
2026-07-19,39.9,31.8,0.0,Dubai
2026-07-20,40.4,30.3,0.0,Dubai
2026-07-21,40.5,33.5,0.0,Dubai
2026-07-22,38.5,31.6,0.0,Dubai
2026-07-23,39.8,30.0,0.0,Dubai
2026-07-24,40.8,29.1,0.0,Dubai
2026-07-25,39.8,29.5,0.0,Dubai
2026-07-26,41.2,31.1,0.0,Dubai
2026-07-27,39.4,31.2,0.0,Dubai
2026-07-28,38.6,30.7,0.0,Dubai
2026-07-29,43.2,32.4,0.0,Dubai
2026-07-30,43.9,32.8,0.0,Dubai
2026-07-31,44.6,33.1,0.0,Dubai
2026-08-01,43.1,32.2,0.0,Dubai
2026-08-02,43.5,31.0,0.0,Dubai
2026-08-03,43.2,31.2,0.0,Dubai
2026-08-04,44.3,33.4,0.0,Dubai
2026-08-05,45.4,35.1,0.0,Dubai
2026-08-06,42.3,32.8,0.0,Dubai
2026-08-07,42.6,32.4,0.0,Dubai
2026-08-08,44.3,32.1,0.0,Dubai
2026-08-09,44.3,34.2,0.3,Dubai
2026-08-10,42.0,34.7,0.0,Dubai
2026-08-11,41.0,33.7,0.0,Dubai
2026-08-12,39.4,31.6,0.0,Dubai
2026-08-13,45.9,31.5,0.0,Dubai
2026-08-14,41.3,31.2,0.0,Dubai
2026-08-15,39.9,31.2,0.0,Dubai
2026-08-16,38.6,31.3,0.0,Dubai
2026-08-17,39.9,31.3,0.0,Dubai
2026-08-18,43.0,32.8,0.0,Dubai
2026-08-19,42.3,33.7,0.0,Dubai
2026-08-20,38.5,31.8,0.0,Dubai
2026-08-21,39.9,31.8,0.1,Dubai
2026-08-22,42.5,33.4,0.0,Dubai
2026-08-23,42.0,32.7,0.0,Dubai
2026-08-24,40.7,31.5,0.0,Dubai
2026-08-25,40.9,30.7,0.0,Dubai
2026-08-26,42.4,32.0,0.0,Dubai
2026-08-27,43.0,30.7,0.0,Dubai
2026-08-28,41.5,30.0,0.0,Dubai
2026-08-29,41.3,29.8,0.0,Dubai
2026-08-30,40.3,28.6,0.0,Dubai
2026-08-31,40.4,30.3,0.0,Dubai
2016-01-01,25.8,12.0,0.0,Khartoum
2016-01-02,25.3,11.6,0.0,Khartoum
2016-01-03,27.4,11.8,0.0,Khartoum
2016-01-04,27.3,12.0,0.0,Khartoum
2016-01-05,29.3,13.2,0.0,Khartoum
2016-01-06,30.2,14.0,0.0,Khartoum
2016-01-07,30.7,14.6,0.0,Khartoum
2016-01-08,31.2,15.0,0.0,Khartoum
2016-01-09,30.3,15.9,0.0,Khartoum
2016-01-10,28.4,14.0,0.0,Khartoum
2016-01-11,30.3,14.6,0.0,Khartoum
2016-01-12,30.1,15.4,0.0,Khartoum
2016-01-13,31.3,15.7,0.0,Khartoum
2016-01-14,31.9,18.0,0.0,Khartoum
2016-01-15,30.7,17.3,0.0,Khartoum
2016-01-16,30.8,15.5,0.0,Khartoum
2016-01-17,31.7,14.9,0.0,Khartoum
2016-01-18,30.0,15.2,0.0,Khartoum
2016-01-19,26.2,12.4,0.0,Khartoum
2016-01-20,29.1,11.0,0.0,Khartoum
2016-01-21,30.4,14.2,0.0,Khartoum
2016-01-22,30.8,15.0,0.0,Khartoum
2016-01-23,30.9,15.7,0.0,Khartoum
2016-01-24,25.8,13.6,0.0,Khartoum
2016-01-25,24.8,11.9,0.0,Khartoum
2016-01-26,22.7,10.6,0.0,Khartoum
2016-01-27,21.7,9.2,0.0,Khartoum
2016-01-28,22.3,8.4,0.0,Khartoum
2016-01-29,24.0,8.4,0.0,Khartoum
2016-01-30,25.7,10.5,0.0,Khartoum
2016-01-31,27.9,11.5,0.0,Khartoum
2016-02-01,29.0,12.4,0.0,Khartoum
2016-02-02,29.2,14.1,0.0,Khartoum
2016-02-03,29.5,12.9,0.0,Khartoum
2016-02-04,32.0,15.1,0.0,Khartoum
2016-02-05,32.6,15.0,0.0,Khartoum
2016-02-06,31.6,18.0,0.0,Khartoum
2016-02-07,28.2,14.5,0.0,Khartoum
2016-02-08,27.8,12.2,0.0,Khartoum
2016-02-09,29.6,12.4,0.0,Khartoum
2016-02-10,27.8,12.9,0.0,Khartoum
2016-02-11,28.9,11.7,0.0,Khartoum
2016-02-12,30.1,14.5,0.0,Khartoum
2016-02-13,32.4,14.6,0.0,Khartoum
2016-02-14,34.2,17.6,0.0,Khartoum
2016-02-15,34.0,18.3,0.0,Khartoum
2016-02-16,34.7,19.9,0.0,Khartoum
2016-02-17,35.4,20.9,0.0,Khartoum
2016-02-18,35.8,20.6,0.0,Khartoum
2016-02-19,37.2,20.5,0.0,Khartoum
2016-02-20,38.0,20.9,0.0,Khartoum
2016-02-21,36.0,21.7,0.0,Khartoum
2016-02-22,28.6,17.1,0.0,Khartoum
2016-02-23,30.1,14.3,0.0,Khartoum
2016-02-24,33.0,14.8,0.0,Khartoum
2016-02-25,34.6,15.6,0.0,Khartoum
2016-02-26,35.1,16.6,0.0,Khartoum
2016-02-27,36.0,17.4,0.0,Khartoum
2016-02-28,38.4,20.8,0.0,Khartoum
2016-02-29,39.7,24.1,0.0,Khartoum
2016-03-01,39.8,22.5,0.0,Khartoum
2016-03-02,39.5,20.4,0.0,Khartoum
2016-03-03,39.6,21.1,0.0,Khartoum
2016-03-04,37.4,21.8,0.0,Khartoum
2016-03-05,38.4,21.3,0.0,Khartoum
2016-03-06,38.6,22.0,0.0,Khartoum
2016-03-07,38.7,20.5,0.0,Khartoum
2016-03-08,39.3,20.1,0.0,Khartoum
2016-03-09,41.0,21.5,0.0,Khartoum
2016-03-10,43.0,24.3,0.0,Khartoum
2016-03-11,43.8,24.5,0.0,Khartoum
2016-03-12,44.2,27.4,0.0,Khartoum
2016-03-13,43.1,28.3,0.0,Khartoum
2016-03-14,38.6,27.9,0.0,Khartoum
2016-03-15,38.8,27.9,0.0,Khartoum
2016-03-16,37.0,25.6,0.0,Khartoum
2016-03-17,36.8,23.5,0.0,Khartoum
2016-03-18,37.7,21.9,0.0,Khartoum
2016-03-19,38.3,22.9,0.0,Khartoum
2016-03-20,39.7,22.9,0.0,Khartoum
2016-03-21,38.7,24.6,0.0,Khartoum
2016-03-22,35.6,21.3,0.0,Khartoum
2016-03-23,35.6,17.7,0.0,Khartoum
2016-03-24,37.9,19.2,0.0,Khartoum
2016-03-25,40.3,20.8,0.0,Khartoum
2016-03-26,43.8,21.6,0.0,Khartoum
2016-03-27,44.3,25.0,0.0,Khartoum
2016-03-28,41.0,27.5,0.0,Khartoum
2016-03-29,38.3,24.3,0.0,Khartoum
2016-03-30,36.9,22.8,0.0,Khartoum
2016-03-31,35.5,21.5,0.0,Khartoum
2016-04-01,36.1,19.9,0.0,Khartoum
2016-04-02,37.2,19.9,0.0,Khartoum
2016-04-03,38.1,20.3,0.0,Khartoum
2016-04-04,38.7,22.4,0.0,Khartoum
2016-04-05,39.2,23.1,0.0,Khartoum
2016-04-06,39.7,22.2,0.0,Khartoum
2016-04-07,39.8,23.1,0.0,Khartoum
2016-04-08,40.7,23.9,0.0,Khartoum
2016-04-09,40.9,26.4,0.0,Khartoum
2016-04-10,42.1,22.8,0.0,Khartoum
2016-04-11,43.3,24.9,0.0,Khartoum
2016-04-12,42.9,28.6,0.0,Khartoum
2016-04-13,38.1,26.6,0.0,Khartoum
2016-04-14,34.8,20.8,0.0,Khartoum
2016-04-15,37.2,19.1,0.0,Khartoum
2016-04-16,37.6,21.1,0.0,Khartoum
2016-04-17,38.4,22.7,0.0,Khartoum
2016-04-18,39.9,25.6,0.0,Khartoum
2016-04-19,39.6,26.2,0.0,Khartoum
2016-04-20,38.7,22.9,0.0,Khartoum
2016-04-21,39.7,22.7,0.0,Khartoum
2016-04-22,40.6,22.9,0.0,Khartoum
2016-04-23,41.0,24.3,0.0,Khartoum
2016-04-24,41.7,26.9,0.0,Khartoum
2016-04-25,42.1,27.4,0.0,Khartoum
2016-04-26,42.7,24.6,0.0,Khartoum
2016-04-27,43.4,25.9,0.0,Khartoum
2016-04-28,42.2,29.0,0.0,Khartoum
2016-04-29,41.0,27.6,0.0,Khartoum
2016-04-30,41.6,26.2,0.0,Khartoum
2016-05-01,41.6,27.4,0.0,Khartoum
2016-05-02,41.2,30.2,0.0,Khartoum
2016-05-03,42.4,29.2,0.0,Khartoum
2016-05-04,42.9,26.8,0.0,Khartoum
2016-05-05,40.5,29.2,0.0,Khartoum
2016-05-06,38.8,28.7,0.0,Khartoum
2016-05-07,38.9,28.5,1.3,Khartoum
2016-05-08,40.5,28.4,0.0,Khartoum
2016-05-09,41.9,28.4,0.0,Khartoum
2016-05-10,41.5,27.6,0.0,Khartoum
2016-05-11,40.4,28.0,0.0,Khartoum
2016-05-12,40.9,24.4,0.0,Khartoum
2016-05-13,41.2,26.6,0.0,Khartoum
2016-05-14,42.4,25.4,0.0,Khartoum
2016-05-15,44.1,28.0,0.0,Khartoum
2016-05-16,43.3,30.9,0.0,Khartoum
2016-05-17,40.8,31.1,0.0,Khartoum
2016-05-18,41.8,27.8,0.0,Khartoum
2016-05-19,42.6,29.7,0.0,Khartoum
2016-05-20,42.2,29.3,0.0,Khartoum
2016-05-21,42.0,28.6,0.0,Khartoum
2016-05-22,42.4,25.9,0.0,Khartoum
2016-05-23,42.9,26.5,0.0,Khartoum
2016-05-24,42.0,28.2,0.0,Khartoum
2016-05-25,42.2,28.4,0.0,Khartoum
2016-05-26,39.3,24.3,0.0,Khartoum
2016-05-27,38.9,22.3,0.0,Khartoum
2016-05-28,39.7,23.2,0.0,Khartoum
2016-05-29,39.5,25.1,0.0,Khartoum
2016-05-30,40.3,25.6,0.0,Khartoum
2016-05-31,41.4,25.2,0.0,Khartoum
2016-06-01,42.9,26.2,0.0,Khartoum
2016-06-02,44.5,26.9,0.0,Khartoum
2016-06-03,45.4,29.7,0.0,Khartoum
2016-06-04,44.3,28.1,0.0,Khartoum
2016-06-05,44.5,29.2,0.0,Khartoum
2016-06-06,40.2,29.7,0.0,Khartoum
2016-06-07,41.2,30.1,0.1,Khartoum
2016-06-08,41.7,31.1,0.0,Khartoum
2016-06-09,42.1,30.2,0.0,Khartoum
2016-06-10,41.9,30.2,0.0,Khartoum
2016-06-11,41.9,30.4,0.0,Khartoum
2016-06-12,43.8,27.7,0.0,Khartoum
2016-06-13,42.6,29.8,0.0,Khartoum
2016-06-14,40.9,30.0,0.0,Khartoum
2016-06-15,39.9,29.0,0.0,Khartoum
2016-06-16,41.0,29.8,0.0,Khartoum
2016-06-17,37.0,28.2,0.0,Khartoum
2016-06-18,38.9,27.9,0.0,Khartoum
2016-06-19,34.5,28.3,1.0,Khartoum
2016-06-20,36.8,25.8,0.0,Khartoum
2016-06-21,39.6,26.6,0.0,Khartoum
2016-06-22,39.4,27.6,0.0,Khartoum
2016-06-23,39.2,27.4,0.0,Khartoum
2016-06-24,40.5,28.5,0.0,Khartoum
2016-06-25,39.8,28.7,0.0,Khartoum
2016-06-26,40.0,28.5,0.0,Khartoum
2016-06-27,40.6,28.9,0.1,Khartoum
2016-06-28,40.9,27.0,0.0,Khartoum
2016-06-29,40.3,27.8,0.0,Khartoum
2016-06-30,40.5,27.8,0.0,Khartoum
2016-07-01,41.2,26.9,0.0,Khartoum
2016-07-02,40.8,26.7,0.0,Khartoum
2016-07-03,41.3,28.2,0.0,Khartoum
2016-07-04,40.9,27.1,0.0,Khartoum
2016-07-05,40.7,27.8,0.0,Khartoum
2016-07-06,40.4,28.2,0.0,Khartoum
2016-07-07,38.9,27.3,0.0,Khartoum
2016-07-08,38.4,27.9,0.8,Khartoum
2016-07-09,37.4,27.7,0.2,Khartoum
2016-07-10,35.3,27.0,2.7,Khartoum
2016-07-11,33.5,25.6,1.0,Khartoum
2016-07-12,35.5,24.9,0.0,Khartoum
2016-07-13,36.8,25.8,0.0,Khartoum
2016-07-14,35.4,26.5,0.0,Khartoum
2016-07-15,37.0,25.7,0.8,Khartoum
2016-07-16,38.6,27.1,0.1,Khartoum
2016-07-17,40.1,28.0,0.0,Khartoum
2016-07-18,40.8,28.9,0.0,Khartoum
2016-07-19,38.5,28.8,1.7,Khartoum
2016-07-20,37.5,26.5,0.0,Khartoum
2016-07-21,38.3,26.8,0.5,Khartoum
2016-07-22,38.7,27.3,0.0,Khartoum
2016-07-23,41.1,27.5,0.0,Khartoum
2016-07-24,39.3,27.9,0.0,Khartoum
2016-07-25,36.8,26.6,0.0,Khartoum
2016-07-26,38.5,27.7,0.0,Khartoum
2016-07-27,38.6,29.1,0.3,Khartoum
2016-07-28,37.7,25.2,0.6,Khartoum
2016-07-29,35.0,26.6,0.4,Khartoum
2016-07-30,36.9,26.9,1.1,Khartoum
2016-07-31,35.4,25.8,0.0,Khartoum
2016-08-01,35.5,26.1,0.4,Khartoum
2016-08-02,31.8,25.6,1.3,Khartoum
2016-08-03,33.0,24.6,0.9,Khartoum
2016-08-04,32.6,24.1,1.3,Khartoum
2016-08-05,34.5,24.3,0.0,Khartoum
2016-08-06,36.0,25.1,0.0,Khartoum
2016-08-07,38.5,26.0,0.0,Khartoum
2016-08-08,38.8,26.5,0.3,Khartoum
2016-08-09,35.8,26.1,0.0,Khartoum
2016-08-10,37.4,25.5,0.6,Khartoum
2016-08-11,36.2,26.5,0.5,Khartoum
2016-08-12,37.8,26.0,0.2,Khartoum
2016-08-13,38.4,27.0,1.7,Khartoum
2016-08-14,35.5,25.2,0.0,Khartoum
2016-08-15,39.7,25.1,0.0,Khartoum
2016-08-16,41.5,26.8,0.0,Khartoum
2016-08-17,39.1,26.7,0.0,Khartoum
2016-08-18,38.6,26.4,0.3,Khartoum
2016-08-19,38.8,27.7,1.0,Khartoum
2016-08-20,33.0,25.0,1.4,Khartoum
2016-08-21,35.2,24.7,0.3,Khartoum
2016-08-22,37.3,25.1,0.0,Khartoum
2016-08-23,38.9,27.0,0.0,Khartoum
2016-08-24,40.2,27.7,0.0,Khartoum
2016-08-25,38.2,24.9,0.0,Khartoum
2016-08-26,39.2,25.7,0.0,Khartoum
2016-08-27,40.2,27.4,0.0,Khartoum
2016-08-28,40.8,26.6,0.0,Khartoum
2016-08-29,40.5,28.0,0.0,Khartoum
2016-08-30,38.6,27.9,0.0,Khartoum
2016-08-31,38.8,27.4,0.0,Khartoum
2016-09-01,40.1,27.9,0.0,Khartoum
2016-09-02,40.3,27.2,0.0,Khartoum
2016-09-03,38.4,26.6,0.0,Khartoum
2016-09-04,38.0,27.5,0.0,Khartoum
2016-09-05,39.6,27.4,0.0,Khartoum
2016-09-06,43.1,29.9,0.0,Khartoum
2016-09-07,41.1,27.7,0.7,Khartoum
2016-09-08,38.1,28.9,0.4,Khartoum
2016-09-09,38.8,27.4,0.9,Khartoum
2016-09-10,38.8,27.5,0.2,Khartoum
2016-09-11,39.0,26.3,0.0,Khartoum
2016-09-12,41.2,27.2,0.0,Khartoum
2016-09-13,41.6,28.1,0.0,Khartoum
2016-09-14,40.9,24.8,0.0,Khartoum
2016-09-15,40.6,25.4,0.0,Khartoum
2016-09-16,40.0,28.2,0.0,Khartoum
2016-09-17,33.8,26.5,0.0,Khartoum
2016-09-18,38.1,26.3,0.0,Khartoum
2016-09-19,39.9,27.4,0.0,Khartoum
2016-09-20,40.4,28.7,0.0,Khartoum
2016-09-21,37.9,26.4,0.0,Khartoum
2016-09-22,40.2,27.7,0.0,Khartoum
2016-09-23,41.8,27.7,0.0,Khartoum
2016-09-24,41.0,26.8,0.0,Khartoum
2016-09-25,39.3,26.5,0.0,Khartoum
2016-09-26,39.6,25.9,0.0,Khartoum
2016-09-27,40.6,27.1,0.0,Khartoum
2016-09-28,39.0,25.8,0.0,Khartoum
2016-09-29,39.8,27.4,0.0,Khartoum
2016-09-30,40.2,26.8,0.0,Khartoum
2016-10-01,39.8,25.6,0.0,Khartoum
2016-10-02,41.2,27.1,0.0,Khartoum
2016-10-03,39.7,28.7,0.0,Khartoum
2016-10-04,37.6,28.3,0.0,Khartoum
2016-10-05,38.6,29.5,0.0,Khartoum
2016-10-06,40.0,27.6,0.0,Khartoum
2016-10-07,40.9,27.9,0.0,Khartoum
2016-10-08,41.7,27.4,0.0,Khartoum
2016-10-09,41.5,26.2,0.0,Khartoum
2016-10-10,40.6,23.9,0.0,Khartoum
2016-10-11,40.3,23.3,0.0,Khartoum
2016-10-12,40.0,23.0,0.0,Khartoum
2016-10-13,39.9,25.5,0.0,Khartoum
2016-10-14,40.3,23.8,0.0,Khartoum
2016-10-15,39.7,28.2,0.0,Khartoum
2016-10-16,39.4,27.4,0.0,Khartoum
2016-10-17,41.0,27.8,0.0,Khartoum
2016-10-18,40.1,26.8,0.0,Khartoum
2016-10-19,40.0,27.2,0.0,Khartoum
2016-10-20,40.5,27.3,0.0,Khartoum
2016-10-21,40.1,27.4,0.0,Khartoum
2016-10-22,38.8,25.5,0.0,Khartoum
2016-10-23,39.4,25.0,0.0,Khartoum
2016-10-24,39.5,25.7,0.0,Khartoum
2016-10-25,38.7,25.3,0.0,Khartoum
2016-10-26,38.1,26.0,0.0,Khartoum
2016-10-27,37.0,25.0,0.0,Khartoum
2016-10-28,37.0,24.9,0.0,Khartoum
2016-10-29,38.9,25.4,0.0,Khartoum
2016-10-30,39.0,25.0,0.0,Khartoum
2016-10-31,39.2,24.6,0.0,Khartoum
2016-11-01,39.8,25.6,0.0,Khartoum
2016-11-02,38.4,25.9,0.0,Khartoum
2016-11-03,37.7,24.4,0.0,Khartoum
2016-11-04,37.4,23.8,0.0,Khartoum
2016-11-05,36.8,23.3,0.0,Khartoum
2016-11-06,35.9,23.1,0.0,Khartoum
2016-11-07,34.9,22.7,0.0,Khartoum
2016-11-08,35.9,21.6,0.0,Khartoum
2016-11-09,37.4,21.3,0.0,Khartoum
2016-11-10,37.9,23.2,0.0,Khartoum
2016-11-11,38.5,24.1,0.0,Khartoum
2016-11-12,38.6,23.1,0.0,Khartoum
2016-11-13,38.8,22.6,0.0,Khartoum
2016-11-14,38.4,21.3,0.0,Khartoum
2016-11-15,38.1,21.3,0.0,Khartoum
2016-11-16,37.1,21.4,0.0,Khartoum
2016-11-17,37.3,21.6,0.0,Khartoum
2016-11-18,37.8,22.7,0.0,Khartoum
2016-11-19,37.9,23.2,0.0,Khartoum
2016-11-20,38.2,23.5,0.0,Khartoum
2016-11-21,37.8,23.7,0.0,Khartoum
2016-11-22,37.5,22.2,0.0,Khartoum
2016-11-23,36.1,22.5,0.0,Khartoum
2016-11-24,33.2,21.9,0.0,Khartoum
2016-11-25,30.8,16.8,0.0,Khartoum
2016-11-26,31.3,17.0,0.0,Khartoum
2016-11-27,32.6,17.6,0.0,Khartoum
2016-11-28,34.1,18.5,0.0,Khartoum
2016-11-29,35.4,20.5,0.0,Khartoum
2016-11-30,36.2,22.4,0.0,Khartoum
2016-12-01,35.8,21.7,0.0,Khartoum
2016-12-02,34.1,21.4,0.0,Khartoum
2016-12-03,34.9,19.2,0.0,Khartoum
2016-12-04,35.9,23.1,0.0,Khartoum
2016-12-05,37.0,22.7,0.0,Khartoum
2016-12-06,35.1,22.9,0.0,Khartoum
2016-12-07,33.2,20.3,0.0,Khartoum
2016-12-08,33.2,18.9,0.0,Khartoum
2016-12-09,33.3,19.3,0.0,Khartoum
2016-12-10,33.3,20.1,0.0,Khartoum
2016-12-11,33.2,19.7,0.0,Khartoum
2016-12-12,33.4,19.7,0.0,Khartoum
2016-12-13,32.8,19.0,0.0,Khartoum
2016-12-14,30.6,17.4,0.0,Khartoum
2016-12-15,29.3,15.5,0.0,Khartoum
2016-12-16,29.6,15.0,0.0,Khartoum
2016-12-17,30.6,15.2,0.0,Khartoum
2016-12-18,31.9,18.3,0.0,Khartoum
2016-12-19,31.9,19.1,0.0,Khartoum
2016-12-20,30.8,19.7,0.0,Khartoum
2016-12-21,31.0,17.7,0.0,Khartoum
2016-12-22,33.2,17.1,0.0,Khartoum
2016-12-23,35.8,19.7,0.0,Khartoum
2016-12-24,34.9,20.7,0.0,Khartoum
2016-12-25,30.0,18.2,0.0,Khartoum
2016-12-26,31.0,16.7,0.0,Khartoum
2016-12-27,30.0,17.1,0.0,Khartoum
2016-12-28,30.2,16.4,0.0,Khartoum
2016-12-29,30.5,16.0,0.0,Khartoum
2016-12-30,31.9,16.1,0.0,Khartoum
2016-12-31,32.6,18.0,0.0,Khartoum
2017-01-01,32.1,19.5,0.0,Khartoum
2017-01-02,31.9,18.4,0.0,Khartoum
2017-01-03,31.9,18.6,0.0,Khartoum
2017-01-04,29.8,17.8,0.0,Khartoum
2017-01-05,32.1,17.4,0.0,Khartoum
2017-01-06,33.9,18.9,0.0,Khartoum
2017-01-07,34.1,18.8,0.0,Khartoum
2017-01-08,31.6,18.7,0.0,Khartoum
2017-01-09,28.1,15.8,0.0,Khartoum
2017-01-10,33.1,15.9,0.0,Khartoum
2017-01-11,35.7,18.6,0.0,Khartoum
2017-01-12,35.9,20.6,0.0,Khartoum
2017-01-13,34.8,20.2,0.0,Khartoum
2017-01-14,35.0,19.3,0.0,Khartoum
2017-01-15,35.3,17.9,0.0,Khartoum
2017-01-16,36.1,19.5,0.0,Khartoum
2017-01-17,35.9,20.4,0.0,Khartoum
2017-01-18,35.4,20.2,0.0,Khartoum
2017-01-19,34.2,21.0,0.0,Khartoum
2017-01-20,35.0,20.4,0.0,Khartoum
2017-01-21,35.5,22.0,0.0,Khartoum
2017-01-22,36.1,23.1,0.0,Khartoum
2017-01-23,35.9,22.1,0.0,Khartoum
2017-01-24,36.3,22.3,0.0,Khartoum
2017-01-25,36.0,21.4,0.0,Khartoum
2017-01-26,37.0,21.4,0.0,Khartoum
2017-01-27,32.1,21.3,0.0,Khartoum
2017-01-28,29.3,17.0,0.0,Khartoum
2017-01-29,29.6,14.8,0.0,Khartoum
2017-01-30,30.3,15.4,0.0,Khartoum
2017-01-31,29.9,16.0,0.0,Khartoum
2017-02-01,26.9,15.1,0.0,Khartoum
2017-02-02,27.0,13.7,0.0,Khartoum
2017-02-03,28.3,15.2,0.0,Khartoum
2017-02-04,31.0,15.6,0.0,Khartoum
2017-02-05,31.7,16.6,0.0,Khartoum
2017-02-06,32.5,18.2,0.0,Khartoum
2017-02-07,34.7,19.3,0.0,Khartoum
2017-02-08,34.6,19.9,0.0,Khartoum
2017-02-09,34.3,19.7,0.0,Khartoum
2017-02-10,34.6,19.5,0.0,Khartoum
2017-02-11,35.2,21.1,0.0,Khartoum
2017-02-12,32.5,19.4,0.0,Khartoum
2017-02-13,28.5,17.6,0.0,Khartoum
2017-02-14,29.2,15.8,0.0,Khartoum
2017-02-15,28.4,15.8,0.0,Khartoum
2017-02-16,26.7,16.5,0.0,Khartoum
2017-02-17,24.3,13.5,0.0,Khartoum
2017-02-18,27.2,13.0,0.0,Khartoum
2017-02-19,30.8,15.8,0.0,Khartoum
2017-02-20,31.8,18.0,0.0,Khartoum
2017-02-21,30.7,17.2,0.0,Khartoum
2017-02-22,29.7,16.0,0.0,Khartoum
2017-02-23,29.9,15.2,0.0,Khartoum
2017-02-24,28.3,15.2,0.0,Khartoum
2017-02-25,30.4,15.0,0.0,Khartoum
2017-02-26,31.9,15.6,0.0,Khartoum
2017-02-27,33.5,16.5,0.0,Khartoum
2017-02-28,35.0,17.5,0.0,Khartoum
2017-03-01,36.1,19.8,0.0,Khartoum
2017-03-02,33.5,20.0,0.0,Khartoum
2017-03-03,33.0,18.2,0.0,Khartoum
2017-03-04,33.7,17.4,0.0,Khartoum
2017-03-05,34.5,17.8,0.0,Khartoum
2017-03-06,35.2,19.5,0.0,Khartoum
2017-03-07,35.2,20.1,0.0,Khartoum
2017-03-08,35.9,20.5,0.0,Khartoum
2017-03-09,37.2,20.7,0.0,Khartoum
2017-03-10,37.2,23.2,0.0,Khartoum
2017-03-11,35.4,22.6,0.0,Khartoum
2017-03-12,38.7,21.9,0.0,Khartoum
2017-03-13,39.4,23.2,0.0,Khartoum
2017-03-14,39.5,24.0,0.0,Khartoum
2017-03-15,37.6,22.9,0.0,Khartoum
2017-03-16,35.4,21.7,0.0,Khartoum
2017-03-17,36.9,21.4,0.0,Khartoum
2017-03-18,40.2,21.3,0.0,Khartoum
2017-03-19,32.8,22.1,0.0,Khartoum
2017-03-20,31.6,18.8,0.0,Khartoum
2017-03-21,34.0,17.9,0.0,Khartoum
2017-03-22,36.7,19.3,0.0,Khartoum
2017-03-23,38.3,20.4,0.0,Khartoum
2017-03-24,37.9,21.9,0.0,Khartoum
2017-03-25,34.1,21.5,0.0,Khartoum
2017-03-26,31.7,19.1,0.0,Khartoum
2017-03-27,33.0,16.5,0.0,Khartoum
2017-03-28,34.7,17.2,0.0,Khartoum
2017-03-29,37.1,19.4,0.0,Khartoum
2017-03-30,38.5,21.2,0.0,Khartoum
2017-03-31,39.1,23.6,0.0,Khartoum
2017-04-01,40.5,24.3,0.0,Khartoum
2017-04-02,39.3,25.2,0.0,Khartoum
2017-04-03,38.8,24.8,0.0,Khartoum
2017-04-04,39.1,24.2,0.0,Khartoum
2017-04-05,40.5,25.1,0.0,Khartoum
2017-04-06,41.1,25.2,0.0,Khartoum
2017-04-07,40.8,27.4,0.0,Khartoum
2017-04-08,40.2,25.8,0.0,Khartoum
2017-04-09,40.1,26.0,0.0,Khartoum
2017-04-10,42.0,24.8,0.0,Khartoum
2017-04-11,42.4,25.8,0.0,Khartoum
2017-04-12,42.9,26.3,0.0,Khartoum
2017-04-13,43.3,27.4,0.0,Khartoum
2017-04-14,42.7,28.8,0.0,Khartoum
2017-04-15,38.9,27.3,0.0,Khartoum
2017-04-16,37.0,25.2,0.0,Khartoum
2017-04-17,37.0,25.0,0.0,Khartoum
2017-04-18,37.7,24.1,0.0,Khartoum
2017-04-19,38.7,24.0,0.0,Khartoum
2017-04-20,40.4,25.4,0.0,Khartoum
2017-04-21,42.2,27.0,0.0,Khartoum
2017-04-22,43.1,29.9,0.0,Khartoum
2017-04-23,43.6,30.8,0.0,Khartoum
2017-04-24,41.0,28.3,0.0,Khartoum
2017-04-25,37.6,25.4,0.0,Khartoum
2017-04-26,37.2,24.9,0.0,Khartoum
2017-04-27,39.7,23.2,0.0,Khartoum
2017-04-28,39.5,27.7,0.0,Khartoum
2017-04-29,40.4,27.6,0.0,Khartoum
2017-04-30,39.9,27.2,0.1,Khartoum
2017-05-01,40.8,25.8,0.0,Khartoum
2017-05-02,41.9,26.7,0.0,Khartoum
2017-05-03,42.0,28.3,0.0,Khartoum
2017-05-04,42.3,28.6,0.0,Khartoum
2017-05-05,41.9,27.0,0.0,Khartoum
2017-05-06,41.4,28.6,0.0,Khartoum
2017-05-07,39.0,26.6,0.0,Khartoum
2017-05-08,38.6,23.8,0.0,Khartoum
2017-05-09,40.6,23.9,0.0,Khartoum
2017-05-10,42.1,27.2,0.0,Khartoum
2017-05-11,43.2,26.2,0.0,Khartoum
2017-05-12,43.7,28.3,0.0,Khartoum
2017-05-13,42.0,29.0,0.0,Khartoum
2017-05-14,41.0,29.9,0.1,Khartoum
2017-05-15,38.1,29.7,0.4,Khartoum
2017-05-16,36.9,29.7,2.9,Khartoum
2017-05-17,39.5,28.8,1.2,Khartoum
2017-05-18,39.9,28.4,0.8,Khartoum
2017-05-19,38.2,29.4,0.1,Khartoum
2017-05-20,38.6,29.0,0.5,Khartoum
2017-05-21,35.7,28.5,3.8,Khartoum
2017-05-22,37.6,28.6,0.7,Khartoum
2017-05-23,39.0,28.9,0.0,Khartoum
2017-05-24,39.8,28.5,0.1,Khartoum
2017-05-25,42.2,30.6,0.0,Khartoum
2017-05-26,42.4,27.7,0.0,Khartoum
2017-05-27,43.2,28.4,0.0,Khartoum
2017-05-28,41.0,30.2,0.0,Khartoum
2017-05-29,40.3,29.6,0.0,Khartoum
2017-05-30,39.7,30.4,0.0,Khartoum
2017-05-31,39.3,28.7,0.4,Khartoum
2017-06-01,39.6,30.3,0.1,Khartoum
2017-06-02,41.3,30.6,0.1,Khartoum
2017-06-03,40.7,27.7,0.0,Khartoum
2017-06-04,41.1,25.9,0.0,Khartoum
2017-06-05,41.3,25.0,0.0,Khartoum
2017-06-06,41.9,26.9,0.0,Khartoum
2017-06-07,43.2,27.4,0.0,Khartoum
2017-06-08,42.0,26.3,0.0,Khartoum
2017-06-09,42.1,30.1,0.0,Khartoum
2017-06-10,42.4,31.7,0.0,Khartoum
2017-06-11,41.5,29.9,0.0,Khartoum
2017-06-12,43.4,30.0,0.0,Khartoum
2017-06-13,42.2,29.4,0.0,Khartoum
2017-06-14,42.1,30.6,0.0,Khartoum
2017-06-15,40.1,29.3,1.6,Khartoum
2017-06-16,38.1,28.7,0.0,Khartoum
2017-06-17,42.0,29.7,0.0,Khartoum
2017-06-18,42.3,29.2,0.0,Khartoum
2017-06-19,39.7,30.0,0.2,Khartoum
2017-06-20,39.2,29.2,0.0,Khartoum
2017-06-21,40.0,27.3,0.0,Khartoum
2017-06-22,41.1,29.2,0.0,Khartoum
2017-06-23,42.7,28.7,0.4,Khartoum
2017-06-24,40.0,28.7,5.3,Khartoum
2017-06-25,38.1,27.1,0.0,Khartoum
2017-06-26,39.2,26.7,0.0,Khartoum
2017-06-27,40.7,28.2,0.0,Khartoum
2017-06-28,40.9,29.8,0.0,Khartoum
2017-06-29,42.1,29.1,0.0,Khartoum
2017-06-30,40.3,30.2,0.0,Khartoum
2017-07-01,40.3,30.0,0.6,Khartoum
2017-07-02,37.5,28.6,0.0,Khartoum
2017-07-03,39.5,28.6,0.0,Khartoum
2017-07-04,39.2,29.1,0.0,Khartoum
2017-07-05,37.0,28.1,0.0,Khartoum
2017-07-06,38.6,27.4,0.0,Khartoum
2017-07-07,40.0,29.3,0.0,Khartoum
2017-07-08,38.6,28.9,0.1,Khartoum
2017-07-09,36.5,27.7,0.0,Khartoum
2017-07-10,37.3,26.7,0.0,Khartoum
2017-07-11,38.7,27.8,0.0,Khartoum
2017-07-12,40.4,30.1,0.0,Khartoum
2017-07-13,39.7,29.0,0.0,Khartoum
2017-07-14,38.8,28.3,0.0,Khartoum
2017-07-15,40.1,29.3,0.2,Khartoum
2017-07-16,40.8,30.1,0.0,Khartoum
2017-07-17,39.0,30.1,3.3,Khartoum
2017-07-18,38.6,28.2,1.6,Khartoum
2017-07-19,41.2,28.5,0.0,Khartoum
2017-07-20,40.3,29.3,0.0,Khartoum
2017-07-21,38.3,29.2,0.1,Khartoum
2017-07-22,39.2,28.3,0.0,Khartoum
2017-07-23,41.6,29.9,0.0,Khartoum
2017-07-24,41.2,29.7,0.0,Khartoum
2017-07-25,39.0,29.5,0.0,Khartoum
2017-07-26,39.8,29.8,0.2,Khartoum
2017-07-27,39.5,28.9,0.1,Khartoum
2017-07-28,38.7,28.8,0.5,Khartoum
2017-07-29,39.5,27.8,0.0,Khartoum
2017-07-30,42.7,30.0,0.0,Khartoum
2017-07-31,40.2,29.7,0.3,Khartoum
2017-08-01,35.3,27.2,0.1,Khartoum
2017-08-02,37.2,28.2,0.1,Khartoum
2017-08-03,39.3,28.0,0.2,Khartoum
2017-08-04,40.0,29.3,0.1,Khartoum
2017-08-05,39.8,27.5,0.0,Khartoum
2017-08-06,41.2,28.8,0.0,Khartoum
2017-08-07,40.3,28.9,0.0,Khartoum
2017-08-08,38.7,28.6,0.0,Khartoum
2017-08-09,38.2,27.7,0.2,Khartoum
2017-08-10,37.5,28.7,2.0,Khartoum
2017-08-11,39.9,28.6,0.0,Khartoum
2017-08-12,37.8,27.6,0.0,Khartoum
2017-08-13,36.6,26.8,0.0,Khartoum
2017-08-14,37.4,28.3,0.0,Khartoum
2017-08-15,38.5,28.3,0.0,Khartoum
2017-08-16,36.8,26.4,1.6,Khartoum
2017-08-17,35.8,27.3,0.1,Khartoum
2017-08-18,35.7,27.7,5.6,Khartoum
2017-08-19,38.0,28.3,0.1,Khartoum
2017-08-20,39.8,29.1,2.0,Khartoum
2017-08-21,38.3,26.2,0.3,Khartoum
2017-08-22,39.8,27.5,0.0,Khartoum
2017-08-23,39.9,29.1,0.1,Khartoum
2017-08-24,39.4,28.5,0.0,Khartoum
2017-08-25,38.6,28.3,2.0,Khartoum
2017-08-26,37.8,29.3,0.3,Khartoum
2017-08-27,38.2,27.1,0.4,Khartoum
2017-08-28,36.4,27.0,1.8,Khartoum
2017-08-29,37.3,26.1,0.3,Khartoum
2017-08-30,37.1,25.9,0.2,Khartoum
2017-08-31,38.0,26.4,0.0,Khartoum
2017-09-01,37.4,27.6,0.2,Khartoum
2017-09-02,37.7,26.4,0.0,Khartoum
2017-09-03,37.7,27.4,0.0,Khartoum
2017-09-04,38.1,27.8,0.0,Khartoum
2017-09-05,37.4,27.6,0.5,Khartoum
2017-09-06,37.4,25.6,0.0,Khartoum
2017-09-07,39.8,27.7,0.0,Khartoum
2017-09-08,39.2,27.9,0.0,Khartoum
2017-09-09,40.6,28.1,0.0,Khartoum
2017-09-10,40.9,29.3,0.0,Khartoum
2017-09-11,38.5,28.8,0.3,Khartoum
2017-09-12,38.3,26.9,0.1,Khartoum
2017-09-13,40.3,28.8,0.0,Khartoum
2017-09-14,42.0,29.4,0.0,Khartoum
2017-09-15,39.1,28.5,0.0,Khartoum
2017-09-16,37.8,28.3,0.0,Khartoum
2017-09-17,40.4,29.0,0.0,Khartoum
2017-09-18,41.1,28.2,0.0,Khartoum
2017-09-19,38.7,27.2,0.0,Khartoum
2017-09-20,39.2,28.8,0.1,Khartoum
2017-09-21,39.7,28.3,0.0,Khartoum
2017-09-22,38.0,27.4,0.2,Khartoum
2017-09-23,38.8,27.8,0.0,Khartoum
2017-09-24,40.5,29.2,0.0,Khartoum
2017-09-25,40.3,28.4,0.0,Khartoum
2017-09-26,39.3,27.5,0.0,Khartoum
2017-09-27,39.8,28.7,0.0,Khartoum
2017-09-28,42.3,27.7,0.0,Khartoum
2017-09-29,41.8,25.5,0.0,Khartoum
2017-09-30,40.1,26.6,0.0,Khartoum
2017-10-01,37.7,28.3,0.0,Khartoum
2017-10-02,39.0,27.9,0.0,Khartoum
2017-10-03,40.7,27.1,0.0,Khartoum
2017-10-04,40.9,27.0,0.0,Khartoum
2017-10-05,41.0,26.8,0.0,Khartoum
2017-10-06,40.1,25.6,0.0,Khartoum
2017-10-07,39.6,27.6,0.0,Khartoum
2017-10-08,41.1,27.4,0.0,Khartoum
2017-10-09,40.1,28.1,0.0,Khartoum
2017-10-10,38.9,27.2,0.0,Khartoum
2017-10-11,38.7,27.1,0.0,Khartoum
2017-10-12,39.8,27.7,0.0,Khartoum
2017-10-13,37.9,27.3,0.0,Khartoum
2017-10-14,39.8,27.1,0.0,Khartoum
2017-10-15,39.9,26.7,0.0,Khartoum
2017-10-16,38.4,25.7,0.0,Khartoum
2017-10-17,37.4,24.7,0.0,Khartoum
2017-10-18,37.0,23.7,0.0,Khartoum
2017-10-19,37.8,23.6,0.0,Khartoum
2017-10-20,38.5,24.5,0.0,Khartoum
2017-10-21,39.1,23.5,0.0,Khartoum
2017-10-22,38.9,25.2,0.0,Khartoum
2017-10-23,37.1,25.5,0.0,Khartoum
2017-10-24,35.9,23.2,0.0,Khartoum
2017-10-25,37.5,23.3,0.0,Khartoum
2017-10-26,38.3,24.6,0.0,Khartoum
2017-10-27,38.7,26.3,0.0,Khartoum
2017-10-28,38.7,26.6,0.0,Khartoum
2017-10-29,37.3,26.7,0.1,Khartoum
2017-10-30,37.7,26.1,0.0,Khartoum
2017-10-31,37.8,27.2,0.0,Khartoum
2017-11-01,38.0,26.7,0.0,Khartoum
2017-11-02,37.0,24.6,0.0,Khartoum
2017-11-03,35.2,22.0,0.0,Khartoum
2017-11-04,33.1,20.3,0.0,Khartoum
2017-11-05,31.5,18.4,0.0,Khartoum
2017-11-06,32.2,18.4,0.0,Khartoum
2017-11-07,34.6,19.9,0.0,Khartoum
2017-11-08,35.5,21.9,0.0,Khartoum
2017-11-09,36.6,23.4,0.0,Khartoum
2017-11-10,35.5,23.0,0.0,Khartoum
2017-11-11,35.1,22.7,0.0,Khartoum
2017-11-12,36.4,22.8,0.0,Khartoum
2017-11-13,37.2,24.7,0.0,Khartoum
2017-11-14,37.7,25.7,0.0,Khartoum
2017-11-15,38.1,24.9,0.0,Khartoum
2017-11-16,38.0,24.6,0.0,Khartoum
2017-11-17,37.5,23.6,0.0,Khartoum
2017-11-18,37.9,23.2,0.0,Khartoum
2017-11-19,37.5,23.0,0.0,Khartoum
2017-11-20,36.2,23.3,0.0,Khartoum
2017-11-21,31.7,20.8,0.0,Khartoum
2017-11-22,29.4,17.5,0.0,Khartoum
2017-11-23,29.2,16.2,0.0,Khartoum
2017-11-24,30.5,17.3,0.0,Khartoum
2017-11-25,31.3,17.9,0.0,Khartoum
2017-11-26,31.6,18.8,0.0,Khartoum
2017-11-27,32.1,18.8,0.0,Khartoum
2017-11-28,33.2,20.9,0.0,Khartoum
2017-11-29,33.5,20.7,0.0,Khartoum
2017-11-30,32.3,19.7,0.0,Khartoum
2017-12-01,31.2,18.2,0.0,Khartoum
2017-12-02,32.2,18.4,0.0,Khartoum
2017-12-03,33.9,19.8,0.0,Khartoum
2017-12-04,34.0,20.6,0.0,Khartoum
2017-12-05,35.1,20.4,0.0,Khartoum
2017-12-06,34.3,20.6,0.0,Khartoum
2017-12-07,32.5,20.9,0.0,Khartoum
2017-12-08,31.9,21.0,0.0,Khartoum
2017-12-09,33.3,20.5,0.0,Khartoum
2017-12-10,34.5,21.3,0.0,Khartoum
2017-12-11,34.9,20.6,0.0,Khartoum
2017-12-12,34.7,21.0,0.0,Khartoum
2017-12-13,33.8,20.5,0.0,Khartoum
2017-12-14,32.4,20.2,0.0,Khartoum
2017-12-15,31.5,19.4,0.0,Khartoum
2017-12-16,31.6,20.4,0.0,Khartoum
2017-12-17,31.5,18.6,0.0,Khartoum
2017-12-18,32.7,18.8,0.0,Khartoum
2017-12-19,34.7,19.4,0.0,Khartoum
2017-12-20,36.7,20.6,0.0,Khartoum
2017-12-21,35.9,20.7,0.0,Khartoum
2017-12-22,35.5,20.6,0.0,Khartoum
2017-12-23,35.0,18.9,0.0,Khartoum
2017-12-24,34.3,20.7,0.0,Khartoum
2017-12-25,30.8,19.3,0.0,Khartoum
2017-12-26,31.4,17.5,0.0,Khartoum
2017-12-27,32.9,18.8,0.0,Khartoum
2017-12-28,32.7,18.7,0.0,Khartoum
2017-12-29,32.9,17.1,0.0,Khartoum
2017-12-30,31.7,17.8,0.0,Khartoum
2017-12-31,29.8,17.9,0.0,Khartoum
2018-01-01,27.0,16.1,0.0,Khartoum
2018-01-02,26.3,13.7,0.0,Khartoum
2018-01-03,27.5,13.9,0.0,Khartoum
2018-01-04,25.8,14.4,0.0,Khartoum
2018-01-05,26.3,12.7,0.0,Khartoum
2018-01-06,27.9,12.9,0.0,Khartoum
2018-01-07,28.8,14.0,0.0,Khartoum
2018-01-08,28.5,15.1,0.0,Khartoum
2018-01-09,28.9,16.1,0.0,Khartoum
2018-01-10,30.4,16.1,0.0,Khartoum
2018-01-11,32.7,17.0,0.0,Khartoum
2018-01-12,34.6,18.0,0.0,Khartoum
2018-01-13,34.7,18.8,0.0,Khartoum
2018-01-14,32.3,20.0,0.0,Khartoum
2018-01-15,30.8,18.2,0.0,Khartoum
2018-01-16,29.9,18.7,0.0,Khartoum
2018-01-17,30.7,16.9,0.0,Khartoum
2018-01-18,30.1,16.5,0.0,Khartoum
2018-01-19,29.1,16.4,0.0,Khartoum
2018-01-20,30.0,14.8,0.0,Khartoum
2018-01-21,31.1,16.6,0.0,Khartoum
2018-01-22,31.1,17.9,0.0,Khartoum
2018-01-23,28.9,16.5,0.0,Khartoum
2018-01-24,28.7,15.3,0.0,Khartoum
2018-01-25,27.4,15.5,0.0,Khartoum
2018-01-26,26.6,14.8,0.0,Khartoum
2018-01-27,26.5,13.7,0.0,Khartoum
2018-01-28,26.6,13.1,0.0,Khartoum
2018-01-29,26.7,12.8,0.0,Khartoum
2018-01-30,27.4,13.5,0.0,Khartoum
2018-01-31,27.9,13.3,0.0,Khartoum
2018-02-01,29.9,14.1,0.0,Khartoum
2018-02-02,31.1,17.6,0.0,Khartoum
2018-02-03,31.8,18.6,0.0,Khartoum
2018-02-04,33.4,18.2,0.0,Khartoum
2018-02-05,34.5,19.2,0.0,Khartoum
2018-02-06,36.0,20.3,0.0,Khartoum
2018-02-07,36.1,20.2,0.0,Khartoum
2018-02-08,36.3,20.8,0.0,Khartoum
2018-02-09,37.1,20.7,0.0,Khartoum
2018-02-10,37.1,21.1,0.0,Khartoum
2018-02-11,39.9,20.6,0.0,Khartoum
2018-02-12,40.2,22.7,0.0,Khartoum
2018-02-13,42.0,23.8,0.0,Khartoum
2018-02-14,40.8,23.7,0.0,Khartoum
2018-02-15,37.1,23.9,0.0,Khartoum
2018-02-16,34.4,22.9,0.0,Khartoum
2018-02-17,31.5,20.9,0.0,Khartoum
2018-02-18,32.3,18.7,0.0,Khartoum
2018-02-19,35.3,19.0,0.0,Khartoum
2018-02-20,36.5,21.0,0.0,Khartoum
2018-02-21,38.3,21.5,0.0,Khartoum
2018-02-22,39.7,22.1,0.0,Khartoum
2018-02-23,40.9,25.2,0.0,Khartoum
2018-02-24,40.4,24.5,0.0,Khartoum
2018-02-25,37.6,24.0,0.0,Khartoum
2018-02-26,38.0,22.7,0.0,Khartoum
2018-02-27,38.9,22.7,0.0,Khartoum
2018-02-28,38.9,24.3,0.0,Khartoum
2018-03-01,33.7,23.1,0.0,Khartoum
2018-03-02,32.0,16.6,0.0,Khartoum
2018-03-03,34.4,17.5,0.0,Khartoum
2018-03-04,34.3,19.4,0.0,Khartoum
2018-03-05,35.1,19.6,0.0,Khartoum
2018-03-06,37.0,21.6,0.0,Khartoum
2018-03-07,37.3,22.1,0.0,Khartoum
2018-03-08,39.4,23.0,0.0,Khartoum
2018-03-09,39.7,23.4,0.0,Khartoum
2018-03-10,38.6,22.5,0.0,Khartoum
2018-03-11,36.8,23.1,0.0,Khartoum
2018-03-12,34.0,21.5,0.0,Khartoum
2018-03-13,34.4,19.2,0.0,Khartoum
2018-03-14,35.4,20.1,0.0,Khartoum
2018-03-15,36.3,19.8,0.0,Khartoum
2018-03-16,36.9,19.9,0.0,Khartoum
2018-03-17,37.3,21.8,0.0,Khartoum
2018-03-18,37.0,21.4,0.0,Khartoum
2018-03-19,37.8,21.3,0.0,Khartoum
2018-03-20,38.5,21.7,0.0,Khartoum
2018-03-21,39.7,23.4,0.0,Khartoum
2018-03-22,40.6,24.9,0.0,Khartoum
2018-03-23,40.9,24.6,0.0,Khartoum
2018-03-24,41.8,25.3,0.0,Khartoum
2018-03-25,41.3,26.1,0.0,Khartoum
2018-03-26,41.3,26.9,0.0,Khartoum
2018-03-27,41.6,27.2,0.0,Khartoum
2018-03-28,42.6,26.4,0.0,Khartoum
2018-03-29,39.1,28.4,0.0,Khartoum
2018-03-30,35.3,22.5,0.0,Khartoum
2018-03-31,35.9,22.7,0.0,Khartoum
2018-04-01,35.6,21.2,0.0,Khartoum
2018-04-02,36.6,21.0,0.0,Khartoum
2018-04-03,38.9,22.9,0.0,Khartoum
2018-04-04,39.5,24.1,0.0,Khartoum
2018-04-05,37.1,24.0,0.0,Khartoum
2018-04-06,35.3,21.6,0.0,Khartoum
2018-04-07,36.0,20.4,0.0,Khartoum
2018-04-08,36.6,20.2,0.0,Khartoum
2018-04-09,35.7,22.1,0.0,Khartoum
2018-04-10,36.3,21.8,0.0,Khartoum
2018-04-11,36.8,22.3,0.0,Khartoum
2018-04-12,37.7,23.0,0.0,Khartoum
2018-04-13,38.6,22.7,0.0,Khartoum
2018-04-14,39.9,22.7,0.0,Khartoum
2018-04-15,40.6,24.5,0.0,Khartoum
2018-04-16,38.8,25.2,0.0,Khartoum
2018-04-17,38.5,22.4,0.0,Khartoum
2018-04-18,40.5,25.1,0.0,Khartoum
2018-04-19,40.6,25.4,0.0,Khartoum
2018-04-20,41.1,26.6,0.0,Khartoum
2018-04-21,41.4,28.0,0.0,Khartoum
2018-04-22,41.5,27.3,0.0,Khartoum
2018-04-23,41.6,28.1,0.0,Khartoum
2018-04-24,40.1,26.1,0.0,Khartoum
2018-04-25,41.0,23.7,0.0,Khartoum
2018-04-26,37.7,25.8,0.0,Khartoum
2018-04-27,35.4,21.7,0.0,Khartoum
2018-04-28,37.0,21.9,0.0,Khartoum
2018-04-29,38.6,24.5,0.0,Khartoum
2018-04-30,40.5,23.9,0.0,Khartoum
2018-05-01,41.1,25.7,0.0,Khartoum
2018-05-02,42.5,25.0,0.0,Khartoum
2018-05-03,43.1,26.6,0.0,Khartoum
2018-05-04,44.1,27.5,0.0,Khartoum
2018-05-05,45.3,28.8,0.0,Khartoum
2018-05-06,43.8,30.0,0.0,Khartoum
2018-05-07,41.7,30.3,0.0,Khartoum
2018-05-08,42.4,31.3,0.0,Khartoum
2018-05-09,41.4,28.0,0.0,Khartoum
2018-05-10,41.8,28.5,0.0,Khartoum
2018-05-11,43.1,25.5,0.0,Khartoum
2018-05-12,44.2,26.8,0.0,Khartoum
2018-05-13,44.2,30.2,0.0,Khartoum
2018-05-14,43.6,29.6,0.0,Khartoum
2018-05-15,40.3,28.9,0.0,Khartoum
2018-05-16,38.7,26.3,0.0,Khartoum
2018-05-17,39.5,24.0,0.0,Khartoum
2018-05-18,40.8,23.9,0.0,Khartoum
2018-05-19,42.1,26.6,0.0,Khartoum
2018-05-20,43.5,27.4,0.0,Khartoum
2018-05-21,42.8,29.9,0.0,Khartoum
2018-05-22,38.5,28.6,3.5,Khartoum
2018-05-23,36.5,26.1,0.0,Khartoum
2018-05-24,39.4,30.4,0.0,Khartoum
2018-05-25,39.1,30.0,0.0,Khartoum
2018-05-26,38.8,29.3,0.0,Khartoum
2018-05-27,39.8,28.9,0.9,Khartoum
2018-05-28,36.3,28.2,0.0,Khartoum
2018-05-29,37.6,28.0,0.0,Khartoum
2018-05-30,35.1,28.2,0.2,Khartoum
2018-05-31,35.6,28.1,0.0,Khartoum
2018-06-01,38.5,28.2,0.0,Khartoum
2018-06-02,41.0,27.3,0.0,Khartoum
2018-06-03,39.8,27.7,0.0,Khartoum
2018-06-04,38.7,26.0,0.0,Khartoum
2018-06-05,38.6,25.1,0.0,Khartoum
2018-06-06,39.0,25.7,0.0,Khartoum
2018-06-07,41.5,25.4,0.0,Khartoum
2018-06-08,40.9,28.7,0.0,Khartoum
2018-06-09,41.8,29.6,0.0,Khartoum
2018-06-10,42.4,28.2,0.0,Khartoum
2018-06-11,40.8,31.1,0.0,Khartoum
2018-06-12,41.6,30.4,0.0,Khartoum
2018-06-13,40.6,30.6,0.0,Khartoum
2018-06-14,39.9,28.6,0.0,Khartoum
2018-06-15,40.4,30.6,0.0,Khartoum
2018-06-16,40.7,30.9,0.0,Khartoum
2018-06-17,40.0,30.1,0.0,Khartoum
2018-06-18,40.6,30.0,0.0,Khartoum
2018-06-19,39.2,29.9,0.2,Khartoum
2018-06-20,38.5,27.8,0.3,Khartoum
2018-06-21,37.8,27.6,0.0,Khartoum
2018-06-22,38.4,27.8,0.0,Khartoum
2018-06-23,38.8,30.2,0.0,Khartoum
2018-06-24,39.7,27.6,0.0,Khartoum
2018-06-25,39.9,29.7,0.0,Khartoum
2018-06-26,38.8,28.9,0.0,Khartoum
2018-06-27,39.0,28.8,0.0,Khartoum
2018-06-28,39.0,29.2,0.0,Khartoum
2018-06-29,37.4,26.3,0.0,Khartoum
2018-06-30,38.2,27.9,0.0,Khartoum
2018-07-01,39.0,28.9,0.0,Khartoum
2018-07-02,39.5,28.2,0.0,Khartoum
2018-07-03,41.0,29.2,0.0,Khartoum
2018-07-04,40.3,29.7,0.0,Khartoum
2018-07-05,38.6,28.2,0.0,Khartoum
2018-07-06,39.0,29.3,0.0,Khartoum
2018-07-07,38.6,28.5,0.0,Khartoum
2018-07-08,38.9,28.2,0.0,Khartoum
2018-07-09,39.8,29.5,0.0,Khartoum
2018-07-10,39.2,27.2,0.0,Khartoum
2018-07-11,39.3,29.5,0.0,Khartoum
2018-07-12,38.1,28.5,0.0,Khartoum
2018-07-13,38.6,28.4,0.0,Khartoum
2018-07-14,39.2,29.4,0.0,Khartoum
2018-07-15,39.9,29.3,0.0,Khartoum
2018-07-16,38.9,30.4,0.0,Khartoum
2018-07-17,33.8,25.3,4.3,Khartoum
2018-07-18,38.2,27.9,0.0,Khartoum
2018-07-19,38.4,29.2,0.0,Khartoum
2018-07-20,36.7,28.5,0.0,Khartoum
2018-07-21,38.9,29.3,0.0,Khartoum
2018-07-22,36.6,29.0,0.4,Khartoum
2018-07-23,35.2,26.9,0.0,Khartoum
2018-07-24,29.8,25.4,7.9,Khartoum
2018-07-25,31.0,24.8,0.1,Khartoum
2018-07-26,33.8,24.8,0.0,Khartoum
2018-07-27,36.5,25.8,0.0,Khartoum
2018-07-28,28.9,24.4,8.3,Khartoum
2018-07-29,33.7,24.2,0.0,Khartoum
2018-07-30,34.4,24.9,0.2,Khartoum
2018-07-31,34.6,25.4,1.9,Khartoum
2018-08-01,35.5,24.9,0.0,Khartoum
2018-08-02,37.4,27.1,0.1,Khartoum
2018-08-03,37.6,27.2,0.0,Khartoum
2018-08-04,34.7,27.0,2.0,Khartoum
2018-08-05,36.3,27.8,0.0,Khartoum
2018-08-06,36.7,26.8,0.1,Khartoum
2018-08-07,35.7,26.0,0.0,Khartoum
2018-08-08,37.5,26.6,0.0,Khartoum
2018-08-09,37.3,27.4,0.0,Khartoum
2018-08-10,39.1,27.2,0.0,Khartoum
2018-08-11,39.1,28.4,0.0,Khartoum
2018-08-12,36.7,26.0,2.9,Khartoum
2018-08-13,36.8,25.6,0.0,Khartoum
2018-08-14,38.9,28.4,0.0,Khartoum
2018-08-15,36.7,28.0,0.4,Khartoum
2018-08-16,35.4,25.9,0.0,Khartoum
2018-08-17,36.4,26.7,0.0,Khartoum
2018-08-18,37.4,27.2,0.3,Khartoum
2018-08-19,35.6,26.5,0.0,Khartoum
2018-08-20,35.4,27.0,0.0,Khartoum
2018-08-21,37.9,26.3,0.1,Khartoum
2018-08-22,37.8,26.8,0.1,Khartoum
2018-08-23,36.9,26.0,0.0,Khartoum
2018-08-24,37.8,27.3,0.0,Khartoum
2018-08-25,38.1,27.2,0.0,Khartoum
2018-08-26,39.2,27.7,0.0,Khartoum
2018-08-27,39.6,27.6,0.0,Khartoum
2018-08-28,40.4,29.1,0.0,Khartoum
2018-08-29,35.7,26.4,0.3,Khartoum
2018-08-30,36.6,25.6,0.0,Khartoum
2018-08-31,38.0,27.6,0.0,Khartoum
2018-09-01,38.6,27.6,0.0,Khartoum
2018-09-02,39.6,28.6,0.0,Khartoum
2018-09-03,39.9,28.4,0.0,Khartoum
2018-09-04,29.4,24.9,6.2,Khartoum
2018-09-05,34.4,25.2,0.0,Khartoum
2018-09-06,37.5,26.1,0.0,Khartoum
2018-09-07,37.7,24.8,0.0,Khartoum
2018-09-08,37.7,25.4,0.0,Khartoum
2018-09-09,36.7,24.4,0.0,Khartoum
2018-09-10,37.4,26.9,0.0,Khartoum
2018-09-11,36.9,26.0,0.9,Khartoum
2018-09-12,38.2,27.7,0.0,Khartoum
2018-09-13,37.1,26.1,0.0,Khartoum
2018-09-14,38.9,27.5,0.0,Khartoum
2018-09-15,40.2,28.6,0.0,Khartoum
2018-09-16,38.7,28.0,0.1,Khartoum
2018-09-17,39.2,28.1,0.0,Khartoum
2018-09-18,39.6,28.5,0.1,Khartoum
2018-09-19,38.0,27.1,0.0,Khartoum
2018-09-20,38.5,27.4,0.0,Khartoum
2018-09-21,40.0,29.1,0.0,Khartoum
2018-09-22,37.7,26.9,0.0,Khartoum
2018-09-23,40.3,27.0,0.0,Khartoum
2018-09-24,41.5,28.3,0.0,Khartoum
2018-09-25,40.0,28.2,0.0,Khartoum
2018-09-26,39.5,28.1,0.0,Khartoum
2018-09-27,40.0,27.9,0.0,Khartoum
2018-09-28,40.5,26.9,0.0,Khartoum
2018-09-29,41.6,26.5,0.0,Khartoum
2018-09-30,40.4,27.0,0.0,Khartoum
2018-10-01,38.5,26.4,0.0,Khartoum
2018-10-02,40.4,26.9,0.0,Khartoum
2018-10-03,39.7,25.5,0.0,Khartoum
2018-10-04,39.5,27.3,0.0,Khartoum
2018-10-05,40.4,28.0,0.0,Khartoum
2018-10-06,41.0,26.5,0.0,Khartoum
2018-10-07,40.4,28.1,0.0,Khartoum
2018-10-08,38.3,27.0,0.0,Khartoum
2018-10-09,38.1,27.2,0.0,Khartoum
2018-10-10,39.5,27.6,0.0,Khartoum
2018-10-11,39.9,27.2,0.0,Khartoum
2018-10-12,38.3,25.7,0.0,Khartoum
2018-10-13,37.7,24.9,0.0,Khartoum
2018-10-14,38.5,25.2,0.0,Khartoum
2018-10-15,39.6,26.4,0.0,Khartoum
2018-10-16,39.6,26.3,0.0,Khartoum
2018-10-17,39.1,25.9,0.0,Khartoum
2018-10-18,38.5,25.7,0.0,Khartoum
2018-10-19,38.5,25.2,0.0,Khartoum
2018-10-20,37.6,26.1,0.0,Khartoum
2018-10-21,37.6,26.1,0.0,Khartoum
2018-10-22,39.3,28.2,0.0,Khartoum
2018-10-23,38.4,28.6,0.0,Khartoum
2018-10-24,35.4,26.6,0.0,Khartoum
2018-10-25,37.9,27.0,0.0,Khartoum
2018-10-26,39.3,27.3,0.0,Khartoum
2018-10-27,38.9,27.5,0.0,Khartoum
2018-10-28,37.8,27.1,0.0,Khartoum
2018-10-29,37.5,25.7,0.0,Khartoum
2018-10-30,37.1,26.2,0.0,Khartoum
2018-10-31,37.3,25.6,0.0,Khartoum
2018-11-01,37.1,25.4,0.0,Khartoum
2018-11-02,35.9,24.2,0.0,Khartoum
2018-11-03,35.3,24.3,0.0,Khartoum
2018-11-04,34.7,22.4,0.0,Khartoum
2018-11-05,34.4,21.3,0.0,Khartoum
2018-11-06,34.3,20.6,0.0,Khartoum
2018-11-07,34.5,19.8,0.0,Khartoum
2018-11-08,33.1,19.7,0.0,Khartoum
2018-11-09,31.6,19.1,0.0,Khartoum
2018-11-10,31.9,18.3,0.0,Khartoum
2018-11-11,32.1,16.8,0.0,Khartoum
2018-11-12,33.6,18.3,0.0,Khartoum
2018-11-13,35.0,21.3,0.0,Khartoum
2018-11-14,33.2,20.6,0.0,Khartoum
2018-11-15,31.5,18.9,0.0,Khartoum
2018-11-16,30.3,17.4,0.0,Khartoum
2018-11-17,31.6,16.5,0.0,Khartoum
2018-11-18,34.1,17.1,0.0,Khartoum
2018-11-19,32.4,18.0,0.0,Khartoum
2018-11-20,35.2,19.3,0.0,Khartoum
2018-11-21,35.4,22.9,0.0,Khartoum
2018-11-22,35.0,22.4,0.0,Khartoum
2018-11-23,34.4,20.2,0.0,Khartoum
2018-11-24,32.9,21.7,0.0,Khartoum
2018-11-25,31.9,17.6,0.0,Khartoum
2018-11-26,35.0,18.6,0.0,Khartoum
2018-11-27,35.0,20.0,0.0,Khartoum
2018-11-28,35.6,19.8,0.0,Khartoum
2018-11-29,35.9,20.2,0.0,Khartoum
2018-11-30,35.9,21.9,0.0,Khartoum
2018-12-01,34.2,21.1,0.0,Khartoum
2018-12-02,34.3,19.7,0.0,Khartoum
2018-12-03,34.1,19.4,0.0,Khartoum
2018-12-04,31.8,19.5,0.0,Khartoum
2018-12-05,29.5,18.1,0.0,Khartoum
2018-12-06,27.8,15.6,0.0,Khartoum
2018-12-07,28.4,14.4,0.0,Khartoum
2018-12-08,29.6,15.1,0.0,Khartoum
2018-12-09,30.4,15.9,0.0,Khartoum
2018-12-10,27.9,16.4,0.0,Khartoum
2018-12-11,29.2,14.6,0.0,Khartoum
2018-12-12,29.3,15.8,0.0,Khartoum
2018-12-13,29.6,15.6,0.0,Khartoum
2018-12-14,31.2,17.1,0.0,Khartoum
2018-12-15,33.0,18.3,0.0,Khartoum
2018-12-16,33.7,17.5,0.0,Khartoum
2018-12-17,32.4,18.8,0.0,Khartoum
2018-12-18,30.8,17.9,0.0,Khartoum
2018-12-19,30.4,18.2,0.0,Khartoum
2018-12-20,30.2,16.8,0.0,Khartoum
2018-12-21,30.0,17.6,0.0,Khartoum
2018-12-22,29.2,16.5,0.0,Khartoum
2018-12-23,29.8,15.8,0.0,Khartoum
2018-12-24,31.5,17.6,0.0,Khartoum
2018-12-25,32.4,19.6,0.0,Khartoum
2018-12-26,32.8,19.0,0.0,Khartoum
2018-12-27,30.2,19.1,0.0,Khartoum
2018-12-28,29.4,16.2,0.0,Khartoum
2018-12-29,28.5,16.0,0.0,Khartoum
2018-12-30,27.5,15.2,0.0,Khartoum
2018-12-31,30.0,14.9,0.0,Khartoum
2019-01-01,31.6,17.5,0.0,Khartoum
2019-01-02,31.0,17.2,0.0,Khartoum
2019-01-03,29.9,16.4,0.0,Khartoum
2019-01-04,35.3,18.1,0.0,Khartoum
2019-01-05,34.6,19.9,0.0,Khartoum
2019-01-06,31.8,19.6,0.0,Khartoum
2019-01-07,27.7,15.5,0.0,Khartoum
2019-01-08,28.8,15.6,0.0,Khartoum
2019-01-09,29.9,16.0,0.0,Khartoum
2019-01-10,32.0,17.5,0.0,Khartoum
2019-01-11,32.0,18.8,0.0,Khartoum
2019-01-12,34.4,18.6,0.0,Khartoum
2019-01-13,34.4,19.6,0.0,Khartoum
2019-01-14,30.4,17.5,0.0,Khartoum
2019-01-15,31.4,16.7,0.0,Khartoum
2019-01-16,30.4,17.4,0.0,Khartoum
2019-01-17,29.0,15.7,0.0,Khartoum
2019-01-18,30.8,16.0,0.0,Khartoum
2019-01-19,30.7,15.7,0.0,Khartoum
2019-01-20,31.6,14.9,0.0,Khartoum
2019-01-21,32.9,15.9,0.0,Khartoum
2019-01-22,33.4,17.8,0.0,Khartoum
2019-01-23,34.9,17.6,0.0,Khartoum
2019-01-24,36.8,19.6,0.0,Khartoum
2019-01-25,37.9,19.3,0.0,Khartoum
2019-01-26,39.1,19.9,0.0,Khartoum
2019-01-27,40.4,21.5,0.0,Khartoum
2019-01-28,31.1,18.9,0.0,Khartoum
2019-01-29,34.9,18.8,0.0,Khartoum
2019-01-30,35.6,21.3,0.0,Khartoum
2019-01-31,36.0,22.3,0.0,Khartoum
2019-02-01,36.1,23.7,0.0,Khartoum
2019-02-02,36.2,23.2,0.0,Khartoum
2019-02-03,36.7,22.3,0.0,Khartoum
2019-02-04,38.3,23.2,0.0,Khartoum
2019-02-05,39.2,24.2,0.0,Khartoum
2019-02-06,39.1,22.1,0.0,Khartoum
2019-02-07,35.5,22.7,0.0,Khartoum
2019-02-08,33.6,19.8,0.0,Khartoum
2019-02-09,31.7,19.9,0.0,Khartoum
2019-02-10,29.9,18.9,0.0,Khartoum
2019-02-11,27.8,15.7,0.0,Khartoum
2019-02-12,31.7,15.6,0.0,Khartoum
2019-02-13,33.0,17.2,0.0,Khartoum
2019-02-14,32.1,22.0,0.0,Khartoum
2019-02-15,27.4,17.1,0.0,Khartoum
2019-02-16,25.9,14.2,0.0,Khartoum
2019-02-17,29.0,15.0,0.0,Khartoum
2019-02-18,29.0,15.4,0.0,Khartoum
2019-02-19,27.5,14.6,0.0,Khartoum
2019-02-20,30.7,14.9,0.0,Khartoum
2019-02-21,32.6,16.3,0.0,Khartoum
2019-02-22,32.7,17.4,0.0,Khartoum
2019-02-23,33.5,21.1,0.0,Khartoum
2019-02-24,37.1,19.4,0.0,Khartoum
2019-02-25,39.7,25.5,0.0,Khartoum
2019-02-26,41.0,24.0,0.0,Khartoum
2019-02-27,37.2,24.9,0.0,Khartoum
2019-02-28,32.9,21.8,0.0,Khartoum
2019-03-01,29.6,19.1,0.0,Khartoum
2019-03-02,30.2,16.8,0.0,Khartoum
2019-03-03,32.9,17.6,0.0,Khartoum
2019-03-04,35.0,20.7,0.0,Khartoum
2019-03-05,33.1,21.0,0.0,Khartoum
2019-03-06,30.6,18.1,0.0,Khartoum
2019-03-07,31.6,16.7,0.0,Khartoum
2019-03-08,31.8,17.3,0.0,Khartoum
2019-03-09,32.8,17.4,0.0,Khartoum
2019-03-10,34.5,18.5,0.0,Khartoum
2019-03-11,34.4,20.4,0.0,Khartoum
2019-03-12,35.3,20.4,0.0,Khartoum
2019-03-13,37.2,18.6,0.0,Khartoum
2019-03-14,36.2,22.4,0.0,Khartoum
2019-03-15,35.6,20.2,0.0,Khartoum
2019-03-16,33.5,19.1,0.0,Khartoum
2019-03-17,32.7,19.1,0.0,Khartoum
2019-03-18,34.4,18.7,0.0,Khartoum
2019-03-19,36.8,19.3,0.0,Khartoum
2019-03-20,38.2,21.7,0.0,Khartoum
2019-03-21,39.1,23.4,0.0,Khartoum
2019-03-22,39.3,24.2,0.0,Khartoum
2019-03-23,40.6,22.9,0.0,Khartoum
2019-03-24,42.5,23.3,0.0,Khartoum
2019-03-25,34.6,23.6,0.0,Khartoum
2019-03-26,33.0,19.8,0.0,Khartoum
2019-03-27,33.5,19.9,0.0,Khartoum
2019-03-28,35.1,19.6,0.0,Khartoum
2019-03-29,36.0,20.2,0.0,Khartoum
2019-03-30,37.7,19.8,0.0,Khartoum
2019-03-31,34.1,21.5,0.0,Khartoum
2019-04-01,31.8,19.2,0.0,Khartoum
2019-04-02,32.5,18.5,0.0,Khartoum
2019-04-03,34.8,18.8,0.0,Khartoum
2019-04-04,37.2,19.4,0.0,Khartoum
2019-04-05,37.4,21.9,0.0,Khartoum
2019-04-06,39.4,21.3,0.0,Khartoum
2019-04-07,41.1,23.8,0.0,Khartoum
2019-04-08,41.9,25.6,0.0,Khartoum
2019-04-09,43.8,23.9,0.0,Khartoum
2019-04-10,42.0,27.0,0.0,Khartoum
2019-04-11,41.4,27.7,0.0,Khartoum
2019-04-12,40.4,27.2,0.0,Khartoum
2019-04-13,39.2,25.2,0.0,Khartoum
2019-04-14,39.0,22.9,0.0,Khartoum
2019-04-15,40.3,22.4,0.0,Khartoum
2019-04-16,42.6,24.2,0.0,Khartoum
2019-04-17,40.4,27.7,0.0,Khartoum
2019-04-18,37.8,24.5,0.0,Khartoum
2019-04-19,38.6,24.3,0.0,Khartoum
2019-04-20,37.3,24.1,0.0,Khartoum
2019-04-21,35.8,23.6,0.0,Khartoum
2019-04-22,35.4,21.3,0.0,Khartoum
2019-04-23,36.8,21.4,0.0,Khartoum
2019-04-24,38.8,22.1,0.0,Khartoum
2019-04-25,41.0,24.5,0.0,Khartoum
2019-04-26,41.3,26.3,0.0,Khartoum
2019-04-27,40.6,26.7,0.0,Khartoum
2019-04-28,39.9,25.3,0.0,Khartoum
2019-04-29,41.1,25.2,0.0,Khartoum
2019-04-30,42.3,26.3,0.0,Khartoum
2019-05-01,43.3,27.0,0.0,Khartoum
2019-05-02,43.4,29.2,0.0,Khartoum
2019-05-03,44.3,29.3,0.0,Khartoum
2019-05-04,44.3,30.8,0.0,Khartoum
2019-05-05,43.9,29.7,0.0,Khartoum
2019-05-06,44.5,28.7,0.0,Khartoum
2019-05-07,44.9,28.7,0.0,Khartoum
2019-05-08,43.2,30.9,0.0,Khartoum
2019-05-09,41.0,28.4,0.0,Khartoum
2019-05-10,40.3,28.7,0.0,Khartoum
2019-05-11,40.0,27.6,0.0,Khartoum
2019-05-12,39.0,25.9,0.0,Khartoum
2019-05-13,39.9,26.4,0.0,Khartoum
2019-05-14,40.8,27.5,0.0,Khartoum
2019-05-15,41.5,28.4,0.0,Khartoum
2019-05-16,41.7,27.3,0.0,Khartoum
2019-05-17,42.5,26.2,0.0,Khartoum
2019-05-18,42.7,29.4,0.0,Khartoum
2019-05-19,41.5,30.3,0.0,Khartoum
2019-05-20,40.3,27.4,0.0,Khartoum
2019-05-21,39.8,24.8,0.0,Khartoum
2019-05-22,41.2,25.5,0.0,Khartoum
2019-05-23,41.0,27.1,0.0,Khartoum
2019-05-24,40.9,27.5,0.0,Khartoum
2019-05-25,38.2,30.9,0.0,Khartoum
2019-05-26,39.2,27.8,0.0,Khartoum
2019-05-27,40.5,29.8,0.0,Khartoum
2019-05-28,38.9,29.9,0.0,Khartoum
2019-05-29,39.5,28.8,0.0,Khartoum
2019-05-30,40.0,32.3,0.0,Khartoum
2019-05-31,40.4,29.2,0.0,Khartoum
2019-06-01,39.2,28.1,0.0,Khartoum
2019-06-02,39.0,29.7,0.1,Khartoum
2019-06-03,40.1,29.1,0.0,Khartoum
2019-06-04,37.0,29.9,0.2,Khartoum
2019-06-05,38.5,28.2,0.0,Khartoum
2019-06-06,38.5,29.7,0.8,Khartoum
2019-06-07,41.2,29.4,0.0,Khartoum
2019-06-08,40.4,29.9,0.8,Khartoum
2019-06-09,38.6,28.5,0.2,Khartoum
2019-06-10,40.6,28.8,0.0,Khartoum
2019-06-11,38.4,29.9,0.0,Khartoum
2019-06-12,39.2,30.1,0.0,Khartoum
2019-06-13,40.2,29.2,0.0,Khartoum
2019-06-14,41.1,30.1,0.0,Khartoum
2019-06-15,40.2,29.2,0.0,Khartoum
2019-06-16,40.5,26.9,0.0,Khartoum
2019-06-17,40.5,29.4,0.0,Khartoum
2019-06-18,39.1,29.5,0.0,Khartoum
2019-06-19,41.7,29.8,0.0,Khartoum
2019-06-20,41.5,30.0,0.0,Khartoum
2019-06-21,42.1,29.7,0.0,Khartoum
2019-06-22,42.3,31.1,0.0,Khartoum
2019-06-23,38.9,30.0,0.0,Khartoum
2019-06-24,40.6,28.4,0.0,Khartoum
2019-06-25,39.9,29.6,0.0,Khartoum
2019-06-26,40.5,29.1,0.0,Khartoum
2019-06-27,40.8,30.4,0.0,Khartoum
2019-06-28,42.0,30.3,0.0,Khartoum
2019-06-29,39.4,29.8,0.0,Khartoum
2019-06-30,38.4,26.3,0.0,Khartoum
2019-07-01,39.1,28.5,0.0,Khartoum
2019-07-02,39.3,29.7,0.0,Khartoum
2019-07-03,39.6,28.4,0.0,Khartoum
2019-07-04,39.2,28.8,0.0,Khartoum
2019-07-05,41.4,30.2,0.0,Khartoum
2019-07-06,40.6,29.6,0.0,Khartoum
2019-07-07,38.2,29.5,0.0,Khartoum
2019-07-08,36.2,27.9,0.0,Khartoum
2019-07-09,40.1,29.6,0.0,Khartoum
2019-07-10,41.9,28.6,0.0,Khartoum
2019-07-11,39.2,29.3,0.0,Khartoum
2019-07-12,37.0,29.1,0.0,Khartoum
2019-07-13,38.7,28.6,0.0,Khartoum
2019-07-14,37.6,29.9,0.9,Khartoum
2019-07-15,35.7,27.7,0.0,Khartoum
2019-07-16,40.0,28.7,0.0,Khartoum
2019-07-17,34.5,28.6,0.0,Khartoum
2019-07-18,36.7,26.9,0.0,Khartoum
2019-07-19,38.5,28.1,0.0,Khartoum
2019-07-20,38.6,26.6,0.0,Khartoum
2019-07-21,40.3,29.4,0.0,Khartoum
2019-07-22,39.0,26.5,0.0,Khartoum
2019-07-23,38.4,27.6,0.0,Khartoum
2019-07-24,39.5,28.0,0.0,Khartoum
2019-07-25,40.8,29.1,0.0,Khartoum
2019-07-26,41.4,29.7,0.0,Khartoum
2019-07-27,42.1,29.3,0.0,Khartoum
2019-07-28,40.4,28.8,0.0,Khartoum
2019-07-29,38.2,29.9,0.0,Khartoum
2019-07-30,39.9,29.1,0.0,Khartoum
2019-07-31,38.0,29.5,0.0,Khartoum
2019-08-01,35.5,28.2,0.0,Khartoum
2019-08-02,36.9,28.1,0.5,Khartoum
2019-08-03,38.4,29.2,0.0,Khartoum
2019-08-04,38.9,29.4,0.3,Khartoum
2019-08-05,35.4,26.9,0.2,Khartoum
2019-08-06,34.5,25.0,0.0,Khartoum
2019-08-07,36.1,26.0,0.0,Khartoum
2019-08-08,36.8,26.4,0.8,Khartoum
2019-08-09,31.3,25.3,14.4,Khartoum
2019-08-10,29.8,24.2,9.0,Khartoum
2019-08-11,28.2,23.7,4.7,Khartoum
2019-08-12,28.4,23.0,26.3,Khartoum
2019-08-13,28.7,24.2,9.2,Khartoum
2019-08-14,28.7,23.1,17.4,Khartoum
2019-08-15,31.1,23.6,1.2,Khartoum
2019-08-16,31.3,24.8,0.2,Khartoum
2019-08-17,32.4,25.1,0.0,Khartoum
2019-08-18,31.1,25.6,7.2,Khartoum
2019-08-19,30.8,25.1,0.1,Khartoum
2019-08-20,33.5,25.2,1.2,Khartoum
2019-08-21,37.0,26.3,0.0,Khartoum
2019-08-22,37.8,26.0,0.0,Khartoum
2019-08-23,35.0,25.6,0.0,Khartoum
2019-08-24,34.3,25.0,0.0,Khartoum
2019-08-25,36.2,25.5,0.0,Khartoum
2019-08-26,37.0,27.9,0.2,Khartoum
2019-08-27,35.7,25.3,0.0,Khartoum
2019-08-28,35.8,25.4,0.0,Khartoum
2019-08-29,38.5,27.6,0.0,Khartoum
2019-08-30,38.5,27.5,0.0,Khartoum
2019-08-31,39.2,28.3,0.0,Khartoum
2019-09-01,39.0,27.6,0.0,Khartoum
2019-09-02,39.3,28.9,0.0,Khartoum
2019-09-03,39.8,28.2,0.0,Khartoum
2019-09-04,39.2,29.2,0.0,Khartoum
2019-09-05,36.2,26.9,0.0,Khartoum
2019-09-06,38.0,27.2,0.0,Khartoum
2019-09-07,39.4,28.2,0.0,Khartoum
2019-09-08,39.2,28.9,0.0,Khartoum
2019-09-09,38.5,28.7,0.0,Khartoum
2019-09-10,35.4,26.2,0.2,Khartoum
2019-09-11,36.8,27.1,0.0,Khartoum
2019-09-12,35.9,27.0,0.0,Khartoum
2019-09-13,38.9,27.1,0.0,Khartoum
2019-09-14,38.1,27.9,0.0,Khartoum
2019-09-15,38.7,28.9,0.0,Khartoum
2019-09-16,38.3,28.4,0.0,Khartoum
2019-09-17,39.6,29.8,0.0,Khartoum
2019-09-18,38.3,26.7,0.0,Khartoum
2019-09-19,38.5,27.6,0.0,Khartoum
2019-09-20,40.3,29.5,0.0,Khartoum
2019-09-21,40.5,29.7,0.0,Khartoum
2019-09-22,38.9,29.1,0.0,Khartoum
2019-09-23,39.4,28.3,0.0,Khartoum
2019-09-24,39.6,29.6,0.0,Khartoum
2019-09-25,40.4,29.3,0.0,Khartoum
2019-09-26,39.9,28.9,0.0,Khartoum
2019-09-27,37.3,28.5,0.0,Khartoum
2019-09-28,36.9,27.4,0.0,Khartoum
2019-09-29,40.1,29.8,0.0,Khartoum
2019-09-30,39.4,28.6,0.1,Khartoum
2019-10-01,33.8,24.9,2.7,Khartoum
2019-10-02,35.1,26.3,0.3,Khartoum
2019-10-03,35.8,27.4,2.3,Khartoum
2019-10-04,37.6,26.0,0.0,Khartoum
2019-10-05,33.8,25.3,1.2,Khartoum
2019-10-06,35.5,25.5,0.2,Khartoum
2019-10-07,37.1,26.5,0.0,Khartoum
2019-10-08,39.7,26.5,0.0,Khartoum
2019-10-09,38.7,25.7,0.0,Khartoum
2019-10-10,38.9,27.1,0.0,Khartoum
2019-10-11,37.6,27.3,0.1,Khartoum
2019-10-12,36.9,27.9,0.3,Khartoum
2019-10-13,34.1,26.1,2.0,Khartoum
2019-10-14,32.9,25.8,0.0,Khartoum
2019-10-15,37.7,26.1,0.0,Khartoum
2019-10-16,38.9,27.8,0.0,Khartoum
2019-10-17,37.8,27.7,0.0,Khartoum
2019-10-18,36.6,28.5,0.0,Khartoum
2019-10-19,38.3,26.5,0.0,Khartoum
2019-10-20,39.4,28.0,0.0,Khartoum
2019-10-21,39.5,28.7,0.0,Khartoum
2019-10-22,39.6,28.2,0.0,Khartoum
2019-10-23,38.1,28.7,0.0,Khartoum
2019-10-24,38.2,29.3,0.0,Khartoum
2019-10-25,38.1,26.6,0.0,Khartoum
2019-10-26,35.8,24.2,0.0,Khartoum
2019-10-27,35.5,22.7,0.0,Khartoum
2019-10-28,35.7,23.7,0.0,Khartoum
2019-10-29,36.4,23.5,0.0,Khartoum
2019-10-30,38.8,25.5,0.0,Khartoum
2019-10-31,38.1,28.1,0.0,Khartoum
2019-11-01,38.2,26.1,0.0,Khartoum
2019-11-02,37.9,25.0,0.0,Khartoum
2019-11-03,38.3,24.8,0.0,Khartoum
2019-11-04,38.1,24.9,0.0,Khartoum
2019-11-05,36.9,24.9,0.0,Khartoum
2019-11-06,37.4,26.1,0.0,Khartoum
2019-11-07,37.1,24.9,0.0,Khartoum
2019-11-08,36.9,25.0,0.0,Khartoum
2019-11-09,35.3,23.8,0.0,Khartoum
2019-11-10,33.4,20.9,0.0,Khartoum
2019-11-11,33.9,18.7,0.0,Khartoum
2019-11-12,35.4,19.2,0.0,Khartoum
2019-11-13,36.2,19.5,0.0,Khartoum
2019-11-14,36.9,20.8,0.0,Khartoum
2019-11-15,36.7,21.8,0.0,Khartoum
2019-11-16,36.9,24.2,0.0,Khartoum
2019-11-17,34.8,24.7,0.0,Khartoum
2019-11-18,34.3,21.3,0.0,Khartoum
2019-11-19,34.3,20.0,0.0,Khartoum
2019-11-20,34.5,21.1,0.0,Khartoum
2019-11-21,33.8,22.7,0.0,Khartoum
2019-11-22,34.3,20.9,0.0,Khartoum
2019-11-23,34.4,21.4,0.0,Khartoum
2019-11-24,33.6,21.7,0.0,Khartoum
2019-11-25,34.0,21.0,0.0,Khartoum
2019-11-26,34.8,20.4,0.0,Khartoum
2019-11-27,34.8,19.9,0.0,Khartoum
2019-11-28,34.4,21.2,0.0,Khartoum
2019-11-29,33.0,21.7,0.0,Khartoum
2019-11-30,33.0,19.5,0.0,Khartoum
2019-12-01,33.3,20.2,0.0,Khartoum
2019-12-02,33.2,20.1,0.0,Khartoum
2019-12-03,33.3,20.8,0.0,Khartoum
2019-12-04,32.3,20.5,0.0,Khartoum
2019-12-05,32.2,18.7,0.0,Khartoum
2019-12-06,33.2,20.4,0.0,Khartoum
2019-12-07,33.6,22.7,0.0,Khartoum
2019-12-08,31.7,20.5,0.0,Khartoum
2019-12-09,31.7,18.1,0.0,Khartoum
2019-12-10,32.0,17.4,0.0,Khartoum
2019-12-11,33.9,19.2,0.0,Khartoum
2019-12-12,34.1,20.3,0.0,Khartoum
2019-12-13,33.0,20.6,0.0,Khartoum
2019-12-14,32.5,19.2,0.0,Khartoum
2019-12-15,32.1,19.3,0.0,Khartoum
2019-12-16,28.9,17.8,0.0,Khartoum
2019-12-17,28.7,15.2,0.0,Khartoum
2019-12-18,29.6,16.5,0.0,Khartoum
2019-12-19,30.2,16.7,0.0,Khartoum
2019-12-20,31.8,17.2,0.0,Khartoum
2019-12-21,32.3,18.4,0.0,Khartoum
2019-12-22,32.3,19.3,0.0,Khartoum
2019-12-23,32.5,18.5,0.0,Khartoum
2019-12-24,31.6,17.3,0.0,Khartoum
2019-12-25,30.1,16.5,0.0,Khartoum
2019-12-26,28.4,14.4,0.0,Khartoum
2019-12-27,27.8,14.0,0.0,Khartoum
2019-12-28,28.1,13.9,0.0,Khartoum
2019-12-29,28.6,14.0,0.0,Khartoum
2019-12-30,29.3,13.6,0.0,Khartoum
2019-12-31,30.6,15.8,0.0,Khartoum
2020-01-01,32.0,17.0,0.0,Khartoum
2020-01-02,33.5,17.2,0.0,Khartoum
2020-01-03,28.0,17.5,0.0,Khartoum
2020-01-04,26.1,15.3,0.0,Khartoum
2020-01-05,23.6,13.2,0.0,Khartoum
2020-01-06,26.0,12.9,0.0,Khartoum
2020-01-07,29.1,14.4,0.0,Khartoum
2020-01-08,27.6,15.8,0.0,Khartoum
2020-01-09,25.0,14.0,0.0,Khartoum
2020-01-10,22.3,11.4,0.0,Khartoum
2020-01-11,23.6,10.9,0.0,Khartoum
2020-01-12,26.5,11.4,0.0,Khartoum
2020-01-13,29.3,14.4,0.0,Khartoum
2020-01-14,32.9,15.5,0.0,Khartoum
2020-01-15,34.6,17.0,0.0,Khartoum
2020-01-16,35.1,17.2,0.0,Khartoum
2020-01-17,30.8,18.9,0.0,Khartoum
2020-01-18,28.5,15.6,0.0,Khartoum
2020-01-19,27.1,14.6,0.0,Khartoum
2020-01-20,28.0,14.7,0.0,Khartoum
2020-01-21,25.8,13.5,0.0,Khartoum
2020-01-22,25.7,13.0,0.0,Khartoum
2020-01-23,24.8,11.4,0.0,Khartoum
2020-01-24,25.4,10.7,0.0,Khartoum
2020-01-25,26.8,12.1,0.0,Khartoum
2020-01-26,27.4,13.1,0.0,Khartoum
2020-01-27,28.2,14.1,0.0,Khartoum
2020-01-28,29.7,13.7,0.0,Khartoum
2020-01-29,29.3,15.4,0.0,Khartoum
2020-01-30,30.5,16.7,0.0,Khartoum
2020-01-31,29.7,16.7,0.0,Khartoum
2020-02-01,29.6,15.2,0.0,Khartoum
2020-02-02,30.8,15.5,0.0,Khartoum
2020-02-03,31.2,16.5,0.0,Khartoum
2020-02-04,29.9,16.3,0.0,Khartoum
2020-02-05,31.0,15.5,0.0,Khartoum
2020-02-06,33.1,17.8,0.0,Khartoum
2020-02-07,33.7,19.4,0.0,Khartoum
2020-02-08,31.3,19.7,0.0,Khartoum
2020-02-09,30.0,17.2,0.0,Khartoum
2020-02-10,27.6,16.4,0.0,Khartoum
2020-02-11,25.7,12.8,0.0,Khartoum
2020-02-12,28.2,13.2,0.0,Khartoum
2020-02-13,30.2,14.6,0.0,Khartoum
2020-02-14,32.5,13.8,0.0,Khartoum
2020-02-15,34.4,17.0,0.0,Khartoum
2020-02-16,35.1,19.8,0.0,Khartoum
2020-02-17,33.0,20.4,0.0,Khartoum
2020-02-18,31.6,18.4,0.0,Khartoum
2020-02-19,29.9,18.3,0.0,Khartoum
2020-02-20,29.6,17.3,0.0,Khartoum
2020-02-21,30.9,16.2,0.0,Khartoum
2020-02-22,32.5,16.7,0.0,Khartoum
2020-02-23,32.5,18.4,0.0,Khartoum
2020-02-24,27.7,19.2,0.0,Khartoum
2020-02-25,24.0,15.6,0.0,Khartoum
2020-02-26,30.3,14.5,0.0,Khartoum
2020-02-27,35.6,16.7,0.0,Khartoum
2020-02-28,35.7,19.7,0.0,Khartoum
2020-02-29,34.4,18.1,0.0,Khartoum
2020-03-01,34.2,19.9,0.0,Khartoum
2020-03-02,34.5,18.6,0.0,Khartoum
2020-03-03,35.5,18.9,0.0,Khartoum
2020-03-04,37.2,18.8,0.0,Khartoum
2020-03-05,39.6,19.8,0.0,Khartoum
2020-03-06,39.5,21.6,0.0,Khartoum
2020-03-07,39.4,23.9,0.0,Khartoum
2020-03-08,39.0,23.6,0.0,Khartoum
2020-03-09,38.1,23.2,0.0,Khartoum
2020-03-10,40.5,22.2,0.0,Khartoum
2020-03-11,42.2,24.4,0.0,Khartoum
2020-03-12,41.1,24.6,0.0,Khartoum
2020-03-13,26.7,20.5,0.0,Khartoum
2020-03-14,30.0,18.3,0.0,Khartoum
2020-03-15,31.7,17.8,0.0,Khartoum
2020-03-16,33.8,17.7,0.0,Khartoum
2020-03-17,34.9,18.8,0.0,Khartoum
2020-03-18,34.0,20.5,0.0,Khartoum
2020-03-19,32.8,18.8,0.0,Khartoum
2020-03-20,34.2,18.0,0.0,Khartoum
2020-03-21,35.9,18.8,0.0,Khartoum
2020-03-22,36.4,20.7,0.0,Khartoum
2020-03-23,36.8,19.9,0.0,Khartoum
2020-03-24,39.0,22.3,0.0,Khartoum
2020-03-25,40.0,21.8,0.0,Khartoum
2020-03-26,40.7,22.5,0.0,Khartoum
2020-03-27,42.4,23.7,0.0,Khartoum
2020-03-28,40.2,26.9,0.0,Khartoum
2020-03-29,37.6,24.0,0.0,Khartoum
2020-03-30,37.8,20.6,0.0,Khartoum
2020-03-31,40.6,22.6,0.0,Khartoum
2020-04-01,42.0,25.1,0.0,Khartoum
2020-04-02,42.5,26.4,0.0,Khartoum
2020-04-03,40.1,27.2,0.0,Khartoum
2020-04-04,38.7,23.8,0.0,Khartoum
2020-04-05,40.2,22.6,0.0,Khartoum
2020-04-06,42.0,24.5,0.0,Khartoum
2020-04-07,43.1,26.6,0.0,Khartoum
2020-04-08,43.6,28.7,0.0,Khartoum
2020-04-09,41.6,28.4,0.0,Khartoum
2020-04-10,38.1,26.1,0.0,Khartoum
2020-04-11,35.9,23.7,0.0,Khartoum
2020-04-12,35.5,23.1,0.0,Khartoum
2020-04-13,35.2,22.6,0.0,Khartoum
2020-04-14,34.8,21.8,0.0,Khartoum
2020-04-15,35.2,20.6,0.0,Khartoum
2020-04-16,36.7,20.0,0.0,Khartoum
2020-04-17,38.5,21.2,0.0,Khartoum
2020-04-18,37.7,24.5,0.0,Khartoum
2020-04-19,36.2,23.9,0.0,Khartoum
2020-04-20,35.4,21.6,0.0,Khartoum
2020-04-21,36.7,20.9,0.0,Khartoum
2020-04-22,38.1,20.7,0.0,Khartoum
2020-04-23,40.1,20.4,0.0,Khartoum
2020-04-24,41.4,23.5,0.0,Khartoum
2020-04-25,41.7,26.4,0.0,Khartoum
2020-04-26,41.9,27.6,0.0,Khartoum
2020-04-27,40.0,26.2,0.0,Khartoum
2020-04-28,42.5,26.2,0.0,Khartoum
2020-04-29,43.0,24.6,0.0,Khartoum
2020-04-30,37.9,26.5,0.0,Khartoum
2020-05-01,37.1,22.0,0.0,Khartoum
2020-05-02,39.2,22.0,0.0,Khartoum
2020-05-03,41.0,21.6,0.0,Khartoum
2020-05-04,41.9,23.5,0.0,Khartoum
2020-05-05,43.0,25.4,0.0,Khartoum
2020-05-06,42.2,28.6,0.0,Khartoum
2020-05-07,40.5,27.4,0.0,Khartoum
2020-05-08,39.9,26.4,0.0,Khartoum
2020-05-09,37.4,27.5,0.0,Khartoum
2020-05-10,40.5,28.6,0.0,Khartoum
2020-05-11,41.0,27.0,0.0,Khartoum
2020-05-12,42.3,29.1,0.0,Khartoum
2020-05-13,43.5,30.3,0.0,Khartoum
2020-05-14,44.1,31.0,0.0,Khartoum
2020-05-15,42.4,29.3,0.0,Khartoum
2020-05-16,41.9,28.0,0.0,Khartoum
2020-05-17,40.9,28.5,0.0,Khartoum
2020-05-18,33.6,27.6,0.3,Khartoum
2020-05-19,38.0,27.1,0.0,Khartoum
2020-05-20,38.4,28.5,0.0,Khartoum
2020-05-21,39.6,29.5,0.0,Khartoum
2020-05-22,38.8,27.0,0.0,Khartoum
2020-05-23,37.1,29.9,0.0,Khartoum
2020-05-24,40.2,28.8,0.0,Khartoum
2020-05-25,41.0,30.3,0.0,Khartoum
2020-05-26,40.3,25.5,0.0,Khartoum
2020-05-27,40.8,26.0,0.0,Khartoum
2020-05-28,41.7,27.6,0.0,Khartoum
2020-05-29,42.0,28.7,0.0,Khartoum
2020-05-30,42.5,29.4,0.0,Khartoum
2020-05-31,42.1,28.4,0.0,Khartoum
2020-06-01,41.7,28.5,0.0,Khartoum
2020-06-02,41.8,27.5,0.0,Khartoum
2020-06-03,42.8,26.1,0.0,Khartoum
2020-06-04,42.3,27.2,0.0,Khartoum
2020-06-05,41.3,27.8,0.0,Khartoum
2020-06-06,41.9,27.5,0.0,Khartoum
2020-06-07,43.1,29.9,0.0,Khartoum
2020-06-08,40.8,29.2,0.0,Khartoum
2020-06-09,38.8,30.9,0.8,Khartoum
2020-06-10,37.9,28.0,0.0,Khartoum
2020-06-11,41.6,29.5,0.0,Khartoum
2020-06-12,40.2,28.9,0.0,Khartoum
2020-06-13,40.9,28.4,0.0,Khartoum
2020-06-14,41.8,30.1,0.0,Khartoum
2020-06-15,39.8,29.4,0.0,Khartoum
2020-06-16,39.7,27.8,0.0,Khartoum
2020-06-17,40.5,30.0,0.0,Khartoum
2020-06-18,41.0,28.8,0.0,Khartoum
2020-06-19,39.4,27.8,0.0,Khartoum
2020-06-20,40.0,25.3,0.0,Khartoum
2020-06-21,40.0,26.7,0.0,Khartoum
2020-06-22,40.3,27.2,0.0,Khartoum
2020-06-23,41.2,27.5,0.0,Khartoum
2020-06-24,40.8,28.9,0.0,Khartoum
2020-06-25,40.5,30.6,0.0,Khartoum
2020-06-26,38.1,28.7,0.0,Khartoum
2020-06-27,39.5,28.1,0.0,Khartoum
2020-06-28,38.2,27.6,0.0,Khartoum
2020-06-29,40.2,26.7,0.0,Khartoum
2020-06-30,41.3,27.4,0.0,Khartoum
2020-07-01,40.5,27.1,0.0,Khartoum
2020-07-02,40.2,27.9,0.0,Khartoum
2020-07-03,38.7,28.5,0.0,Khartoum
2020-07-04,40.8,30.0,0.0,Khartoum
2020-07-05,41.6,29.5,0.0,Khartoum
2020-07-06,40.5,29.0,0.0,Khartoum
2020-07-07,38.3,27.0,0.0,Khartoum
2020-07-08,37.9,28.3,0.0,Khartoum
2020-07-09,36.0,29.4,0.0,Khartoum
2020-07-10,39.0,28.5,0.0,Khartoum
2020-07-11,40.1,28.9,0.0,Khartoum
2020-07-12,39.5,29.1,0.0,Khartoum
2020-07-13,38.6,26.7,0.0,Khartoum
2020-07-14,39.0,27.8,0.0,Khartoum
2020-07-15,39.7,30.0,0.0,Khartoum
2020-07-16,38.4,26.5,0.0,Khartoum
2020-07-17,38.3,27.9,0.0,Khartoum
2020-07-18,37.3,28.8,0.0,Khartoum
2020-07-19,36.1,27.7,0.0,Khartoum
2020-07-20,36.6,26.9,0.0,Khartoum
2020-07-21,37.5,27.5,0.0,Khartoum
2020-07-22,39.8,28.6,0.0,Khartoum
2020-07-23,38.8,27.5,0.0,Khartoum
2020-07-24,38.6,26.7,0.0,Khartoum
2020-07-25,40.1,29.7,0.0,Khartoum
2020-07-26,37.7,28.0,0.0,Khartoum
2020-07-27,34.4,26.9,0.2,Khartoum
2020-07-28,32.5,24.8,1.4,Khartoum
2020-07-29,30.4,25.4,1.1,Khartoum
2020-07-30,32.9,24.8,0.0,Khartoum
2020-07-31,34.0,24.5,26.3,Khartoum
2020-08-01,28.0,23.4,7.3,Khartoum
2020-08-02,31.0,23.6,0.0,Khartoum
2020-08-03,32.4,25.0,0.2,Khartoum
2020-08-04,32.6,24.8,12.6,Khartoum
2020-08-05,27.3,23.1,2.4,Khartoum
2020-08-06,29.1,22.4,0.1,Khartoum
2020-08-07,30.2,23.6,0.8,Khartoum
2020-08-08,31.4,24.6,4.8,Khartoum
2020-08-09,27.9,23.7,20.8,Khartoum
2020-08-10,28.5,23.7,5.6,Khartoum
2020-08-11,29.8,23.5,4.6,Khartoum
2020-08-12,32.6,24.2,0.0,Khartoum
2020-08-13,32.5,25.3,0.0,Khartoum
2020-08-14,34.8,26.2,0.2,Khartoum
2020-08-15,33.3,26.3,1.5,Khartoum
2020-08-16,35.2,26.9,0.0,Khartoum
2020-08-17,34.7,26.5,0.0,Khartoum
2020-08-18,31.6,26.2,0.2,Khartoum
2020-08-19,35.7,24.7,0.0,Khartoum
2020-08-20,36.8,27.1,0.0,Khartoum
2020-08-21,38.0,27.5,0.0,Khartoum
2020-08-22,38.3,27.2,0.0,Khartoum
2020-08-23,38.6,28.9,0.0,Khartoum
2020-08-24,35.5,27.4,0.0,Khartoum
2020-08-25,35.0,26.9,0.0,Khartoum
2020-08-26,37.8,27.5,0.0,Khartoum
2020-08-27,39.2,28.7,0.0,Khartoum
2020-08-28,37.1,27.3,0.0,Khartoum
2020-08-29,37.3,26.6,0.0,Khartoum
2020-08-30,37.4,28.2,0.0,Khartoum
2020-08-31,36.3,25.3,0.0,Khartoum
2020-09-01,37.3,27.2,0.0,Khartoum
2020-09-02,38.7,28.2,0.0,Khartoum
2020-09-03,38.3,28.3,0.0,Khartoum
2020-09-04,33.8,26.9,0.0,Khartoum
2020-09-05,37.5,26.2,0.0,Khartoum
2020-09-06,39.1,27.8,0.0,Khartoum
2020-09-07,39.3,28.8,0.0,Khartoum
2020-09-08,38.2,27.8,0.0,Khartoum
2020-09-09,39.3,28.3,0.0,Khartoum
2020-09-10,38.1,27.6,0.0,Khartoum
2020-09-11,37.0,26.2,0.4,Khartoum
2020-09-12,37.1,27.0,0.0,Khartoum
2020-09-13,38.5,28.1,0.0,Khartoum
2020-09-14,38.4,27.2,0.0,Khartoum
2020-09-15,40.0,28.5,0.0,Khartoum
2020-09-16,39.7,28.7,0.0,Khartoum
2020-09-17,38.7,28.5,0.0,Khartoum
2020-09-18,40.4,28.3,0.0,Khartoum
2020-09-19,41.5,30.1,0.0,Khartoum
2020-09-20,39.0,27.9,0.0,Khartoum
2020-09-21,38.3,27.9,0.0,Khartoum
2020-09-22,38.5,27.6,0.0,Khartoum
2020-09-23,40.1,28.4,0.0,Khartoum
2020-09-24,39.9,29.0,0.0,Khartoum
2020-09-25,37.5,27.8,0.0,Khartoum
2020-09-26,38.6,28.4,0.0,Khartoum
2020-09-27,38.4,27.2,0.0,Khartoum
2020-09-28,39.9,26.7,0.0,Khartoum
2020-09-29,42.6,28.3,0.0,Khartoum
2020-09-30,38.8,28.2,0.0,Khartoum
2020-10-01,38.9,28.8,0.0,Khartoum
2020-10-02,37.9,26.4,0.0,Khartoum
2020-10-03,39.3,27.5,0.0,Khartoum
2020-10-04,39.3,25.9,0.0,Khartoum
2020-10-05,37.3,27.7,0.0,Khartoum
2020-10-06,38.2,29.0,0.0,Khartoum
2020-10-07,39.2,28.9,0.0,Khartoum
2020-10-08,39.3,27.2,0.0,Khartoum
2020-10-09,41.4,26.9,0.0,Khartoum
2020-10-10,40.7,26.0,0.0,Khartoum
2020-10-11,39.8,25.7,0.0,Khartoum
2020-10-12,39.5,24.4,0.0,Khartoum
2020-10-13,39.5,25.0,0.0,Khartoum
2020-10-14,38.1,23.9,0.0,Khartoum
2020-10-15,39.0,25.8,0.0,Khartoum
2020-10-16,39.1,24.3,0.0,Khartoum
2020-10-17,39.4,23.5,0.0,Khartoum
2020-10-18,39.2,23.2,0.0,Khartoum
2020-10-19,38.4,25.2,0.0,Khartoum
2020-10-20,39.2,24.3,0.0,Khartoum
2020-10-21,39.1,25.0,0.0,Khartoum
2020-10-22,38.4,23.7,0.0,Khartoum
2020-10-23,39.3,24.2,0.0,Khartoum
2020-10-24,39.6,26.2,0.0,Khartoum
2020-10-25,38.2,25.7,0.0,Khartoum
2020-10-26,38.5,24.9,0.0,Khartoum
2020-10-27,38.9,26.3,0.0,Khartoum
2020-10-28,38.7,27.7,0.0,Khartoum
2020-10-29,38.5,26.1,0.0,Khartoum
2020-10-30,38.3,25.9,0.0,Khartoum
2020-10-31,38.3,25.8,0.0,Khartoum
2020-11-01,37.9,25.6,0.0,Khartoum
2020-11-02,37.7,26.9,0.0,Khartoum
2020-11-03,37.7,26.2,0.0,Khartoum
2020-11-04,37.4,25.7,0.0,Khartoum
2020-11-05,35.4,24.2,0.0,Khartoum
2020-11-06,33.4,20.8,0.0,Khartoum
2020-11-07,32.8,19.0,0.0,Khartoum
2020-11-08,33.0,19.9,0.0,Khartoum
2020-11-09,32.4,19.8,0.0,Khartoum
2020-11-10,33.2,20.7,0.0,Khartoum
2020-11-11,34.2,21.1,0.0,Khartoum
2020-11-12,34.5,22.3,0.0,Khartoum
2020-11-13,34.9,21.2,0.0,Khartoum
2020-11-14,34.6,21.6,0.0,Khartoum
2020-11-15,33.4,20.7,0.0,Khartoum
2020-11-16,34.0,20.3,0.0,Khartoum
2020-11-17,35.6,22.1,0.0,Khartoum
2020-11-18,35.6,21.9,0.0,Khartoum
2020-11-19,34.9,22.6,0.0,Khartoum
2020-11-20,33.7,21.2,0.0,Khartoum
2020-11-21,31.2,19.7,0.0,Khartoum
2020-11-22,32.3,19.6,0.0,Khartoum
2020-11-23,34.3,21.4,0.0,Khartoum
2020-11-24,34.9,21.1,0.0,Khartoum
2020-11-25,34.3,20.6,0.0,Khartoum
2020-11-26,32.7,19.7,0.0,Khartoum
2020-11-27,31.9,18.5,0.0,Khartoum
2020-11-28,30.4,17.4,0.0,Khartoum
2020-11-29,30.3,16.9,0.0,Khartoum
2020-11-30,30.9,18.2,0.0,Khartoum
2020-12-01,30.7,18.1,0.0,Khartoum
2020-12-02,31.2,16.5,0.0,Khartoum
2020-12-03,30.9,16.5,0.0,Khartoum
2020-12-04,31.2,17.2,0.0,Khartoum
2020-12-05,31.6,17.2,0.0,Khartoum
2020-12-06,33.2,16.8,0.0,Khartoum
2020-12-07,33.9,20.4,0.0,Khartoum
2020-12-08,34.9,21.1,0.0,Khartoum
2020-12-09,35.1,19.3,0.0,Khartoum
2020-12-10,35.2,20.6,0.0,Khartoum
2020-12-11,34.5,20.7,0.0,Khartoum
2020-12-12,34.5,20.3,0.0,Khartoum
2020-12-13,34.1,17.7,0.0,Khartoum
2020-12-14,34.4,16.1,0.0,Khartoum
2020-12-15,34.5,19.0,0.0,Khartoum
2020-12-16,31.3,18.1,0.0,Khartoum
2020-12-17,29.7,16.0,0.0,Khartoum
2020-12-18,30.9,16.5,0.0,Khartoum
2020-12-19,32.6,17.8,0.0,Khartoum
2020-12-20,32.4,18.6,0.0,Khartoum
2020-12-21,33.4,19.0,0.0,Khartoum
2020-12-22,35.2,20.1,0.0,Khartoum
2020-12-23,35.0,21.2,0.0,Khartoum
2020-12-24,34.0,21.7,0.0,Khartoum
2020-12-25,33.6,21.4,0.0,Khartoum
2020-12-26,31.8,20.2,0.0,Khartoum
2020-12-27,30.9,17.9,0.0,Khartoum
2020-12-28,33.3,17.7,0.0,Khartoum
2020-12-29,33.9,19.3,0.0,Khartoum
2020-12-30,33.2,19.5,0.0,Khartoum
2020-12-31,32.6,19.4,0.0,Khartoum
2021-01-01,31.9,19.0,0.0,Khartoum
2021-01-02,33.6,18.9,0.0,Khartoum
2021-01-03,34.5,20.1,0.0,Khartoum
2021-01-04,33.9,21.0,0.0,Khartoum
2021-01-05,34.5,21.3,0.0,Khartoum
2021-01-06,33.6,20.2,0.0,Khartoum
2021-01-07,32.5,21.1,0.0,Khartoum
2021-01-08,31.7,21.5,0.0,Khartoum
2021-01-09,32.0,21.1,0.0,Khartoum
2021-01-10,31.9,20.5,0.0,Khartoum
2021-01-11,32.0,20.2,0.0,Khartoum
2021-01-12,31.6,19.7,0.0,Khartoum
2021-01-13,32.1,18.0,0.0,Khartoum
2021-01-14,31.9,18.7,0.0,Khartoum
2021-01-15,30.2,17.6,0.0,Khartoum
2021-01-16,31.0,16.2,0.0,Khartoum
2021-01-17,32.3,16.8,0.0,Khartoum
2021-01-18,32.0,19.3,0.0,Khartoum
2021-01-19,29.9,17.7,0.0,Khartoum
2021-01-20,28.2,15.7,0.0,Khartoum
2021-01-21,29.1,16.8,0.0,Khartoum
2021-01-22,30.1,16.9,0.0,Khartoum
2021-01-23,31.7,18.0,0.0,Khartoum
2021-01-24,33.2,19.1,0.0,Khartoum
2021-01-25,32.9,19.8,0.0,Khartoum
2021-01-26,33.6,20.8,0.0,Khartoum
2021-01-27,34.1,20.0,0.0,Khartoum
2021-01-28,33.6,19.3,0.0,Khartoum
2021-01-29,30.1,18.3,0.0,Khartoum
2021-01-30,30.2,15.7,0.0,Khartoum
2021-01-31,31.3,16.5,0.0,Khartoum
2021-02-01,33.2,17.3,0.0,Khartoum
2021-02-02,36.8,18.9,0.0,Khartoum
2021-02-03,38.9,21.7,0.0,Khartoum
2021-02-04,30.9,21.6,0.0,Khartoum
2021-02-05,26.0,16.4,0.0,Khartoum
2021-02-06,26.5,13.7,0.0,Khartoum
2021-02-07,29.4,15.4,0.0,Khartoum
2021-02-08,29.7,16.7,0.0,Khartoum
2021-02-09,31.9,16.8,0.0,Khartoum
2021-02-10,34.5,18.2,0.0,Khartoum
2021-02-11,35.1,20.3,0.0,Khartoum
2021-02-12,35.4,22.7,0.0,Khartoum
2021-02-13,34.7,23.1,0.0,Khartoum
2021-02-14,36.0,21.8,0.0,Khartoum
2021-02-15,36.4,22.6,0.0,Khartoum
2021-02-16,35.8,22.7,0.0,Khartoum
2021-02-17,24.6,17.3,0.0,Khartoum
2021-02-18,22.7,13.3,0.0,Khartoum
2021-02-19,25.8,14.6,0.0,Khartoum
2021-02-20,27.8,14.6,0.0,Khartoum
2021-02-21,28.6,16.0,0.0,Khartoum
2021-02-22,31.3,16.4,0.0,Khartoum
2021-02-23,30.9,18.3,0.0,Khartoum
2021-02-24,28.5,16.8,0.0,Khartoum
2021-02-25,29.6,14.9,0.0,Khartoum
2021-02-26,31.5,16.3,0.0,Khartoum
2021-02-27,32.6,16.3,0.0,Khartoum
2021-02-28,31.5,19.8,0.0,Khartoum
2021-03-01,31.8,17.7,0.0,Khartoum
2021-03-02,32.4,18.4,0.0,Khartoum
2021-03-03,33.2,18.2,0.0,Khartoum
2021-03-04,33.1,19.0,0.0,Khartoum
2021-03-05,34.6,18.1,0.0,Khartoum
2021-03-06,36.3,19.9,0.0,Khartoum
2021-03-07,36.7,19.9,0.0,Khartoum
2021-03-08,37.3,20.5,0.0,Khartoum
2021-03-09,38.5,22.0,0.0,Khartoum
2021-03-10,40.4,23.4,0.0,Khartoum
2021-03-11,40.9,24.6,0.0,Khartoum
2021-03-12,40.8,24.9,0.0,Khartoum
2021-03-13,39.8,25.1,0.0,Khartoum
2021-03-14,38.8,24.8,0.0,Khartoum
2021-03-15,39.6,23.5,0.0,Khartoum
2021-03-16,41.3,25.1,0.0,Khartoum
2021-03-17,42.7,26.7,0.0,Khartoum
2021-03-18,42.0,27.3,0.0,Khartoum
2021-03-19,40.3,25.7,0.0,Khartoum
2021-03-20,40.4,24.9,0.0,Khartoum
2021-03-21,41.8,25.7,0.0,Khartoum
2021-03-22,41.6,23.5,0.0,Khartoum
2021-03-23,42.0,23.9,0.0,Khartoum
2021-03-24,42.8,24.5,0.0,Khartoum
2021-03-25,39.1,24.8,0.0,Khartoum
2021-03-26,37.6,23.7,0.0,Khartoum
2021-03-27,35.7,22.1,0.0,Khartoum
2021-03-28,34.0,21.0,0.0,Khartoum
2021-03-29,34.9,20.0,0.0,Khartoum
2021-03-30,34.2,20.5,0.0,Khartoum
2021-03-31,33.7,19.4,0.0,Khartoum
2021-04-01,34.7,21.5,0.0,Khartoum
2021-04-02,34.4,22.8,0.0,Khartoum
2021-04-03,36.4,22.1,0.0,Khartoum
2021-04-04,37.5,22.2,0.0,Khartoum
2021-04-05,38.4,22.0,0.0,Khartoum
2021-04-06,38.9,21.7,0.0,Khartoum
2021-04-07,40.1,22.3,0.0,Khartoum
2021-04-08,41.2,24.4,0.0,Khartoum
2021-04-09,40.8,25.7,0.0,Khartoum
2021-04-10,39.3,25.5,0.0,Khartoum
2021-04-11,37.8,24.8,0.0,Khartoum
2021-04-12,37.0,21.6,0.0,Khartoum
2021-04-13,37.1,20.8,0.0,Khartoum
2021-04-14,37.8,22.2,0.0,Khartoum
2021-04-15,37.6,23.4,0.0,Khartoum
2021-04-16,38.5,22.2,0.0,Khartoum
2021-04-17,39.7,23.3,0.0,Khartoum
2021-04-18,41.1,23.4,0.0,Khartoum
2021-04-19,41.9,25.6,0.0,Khartoum
2021-04-20,42.7,27.1,0.0,Khartoum
2021-04-21,43.3,28.6,0.0,Khartoum
2021-04-22,42.4,26.6,0.0,Khartoum
2021-04-23,42.0,27.7,0.0,Khartoum
2021-04-24,41.6,28.7,0.0,Khartoum
2021-04-25,41.0,29.4,0.0,Khartoum
2021-04-26,40.1,28.2,0.0,Khartoum
2021-04-27,38.6,27.1,0.0,Khartoum
2021-04-28,39.5,26.2,0.0,Khartoum
2021-04-29,40.9,29.2,0.0,Khartoum
2021-04-30,39.9,30.0,0.0,Khartoum
2021-05-01,38.8,30.9,0.0,Khartoum
2021-05-02,38.9,29.4,0.0,Khartoum
2021-05-03,37.0,28.0,0.0,Khartoum
2021-05-04,37.6,27.5,0.0,Khartoum
2021-05-05,37.6,28.0,0.0,Khartoum
2021-05-06,41.0,27.7,0.0,Khartoum
2021-05-07,39.9,28.7,0.0,Khartoum
2021-05-08,39.2,29.8,0.0,Khartoum
2021-05-09,35.9,28.4,0.0,Khartoum
2021-05-10,37.3,29.0,0.0,Khartoum
2021-05-11,38.2,29.0,0.0,Khartoum
2021-05-12,38.2,29.0,0.0,Khartoum
2021-05-13,39.7,27.5,0.0,Khartoum
2021-05-14,40.2,26.8,0.0,Khartoum
2021-05-15,40.2,24.8,0.0,Khartoum
2021-05-16,40.3,23.0,0.0,Khartoum
2021-05-17,41.0,23.0,0.0,Khartoum
2021-05-18,42.4,23.3,0.0,Khartoum
2021-05-19,41.1,27.6,0.0,Khartoum
2021-05-20,41.3,28.4,0.0,Khartoum
2021-05-21,41.7,28.0,0.0,Khartoum
2021-05-22,41.0,27.2,0.0,Khartoum
2021-05-23,40.5,27.3,0.0,Khartoum
2021-05-24,40.3,26.2,0.0,Khartoum
2021-05-25,40.8,25.2,0.0,Khartoum
2021-05-26,42.4,27.0,0.0,Khartoum
2021-05-27,42.5,28.2,0.0,Khartoum
2021-05-28,42.7,29.9,0.0,Khartoum
2021-05-29,42.7,30.2,0.0,Khartoum
2021-05-30,41.6,30.7,0.0,Khartoum
2021-05-31,43.7,30.1,0.0,Khartoum
2021-06-01,45.3,30.1,0.0,Khartoum
2021-06-02,42.8,29.9,0.0,Khartoum
2021-06-03,41.1,31.1,0.0,Khartoum
2021-06-04,40.8,29.2,0.0,Khartoum
2021-06-05,41.6,30.1,0.0,Khartoum
2021-06-06,41.1,30.6,0.0,Khartoum
2021-06-07,42.0,29.6,0.0,Khartoum
2021-06-08,40.9,28.6,0.0,Khartoum
2021-06-09,41.9,29.6,0.0,Khartoum
2021-06-10,41.6,30.7,0.0,Khartoum
2021-06-11,42.8,30.1,0.0,Khartoum
2021-06-12,44.7,30.7,0.0,Khartoum
2021-06-13,43.9,29.3,0.0,Khartoum
2021-06-14,38.2,29.3,0.0,Khartoum
2021-06-15,38.7,28.4,0.0,Khartoum
2021-06-16,38.5,27.4,6.5,Khartoum
2021-06-17,39.1,28.7,0.0,Khartoum
2021-06-18,40.9,28.6,0.0,Khartoum
2021-06-19,40.8,28.2,0.0,Khartoum
2021-06-20,39.5,28.1,0.0,Khartoum
2021-06-21,39.9,30.1,0.0,Khartoum
2021-06-22,40.1,29.6,0.0,Khartoum
2021-06-23,41.4,30.0,0.0,Khartoum
2021-06-24,40.8,29.8,0.0,Khartoum
2021-06-25,41.2,29.6,0.0,Khartoum
2021-06-26,42.6,30.5,0.0,Khartoum
2021-06-27,41.5,31.7,0.0,Khartoum
2021-06-28,42.6,30.2,0.0,Khartoum
2021-06-29,41.7,30.0,0.0,Khartoum
2021-06-30,36.7,28.0,0.0,Khartoum
2021-07-01,36.1,26.0,0.0,Khartoum
2021-07-02,38.6,28.1,0.0,Khartoum
2021-07-03,42.4,30.1,0.0,Khartoum
2021-07-04,41.2,28.4,0.0,Khartoum
2021-07-05,41.0,29.4,0.0,Khartoum
2021-07-06,38.6,29.1,0.0,Khartoum
2021-07-07,38.1,25.3,0.0,Khartoum
2021-07-08,39.5,27.7,0.0,Khartoum
2021-07-09,40.1,28.0,0.0,Khartoum
2021-07-10,41.2,29.6,0.0,Khartoum
2021-07-11,37.8,29.6,0.0,Khartoum
2021-07-12,39.1,27.8,0.0,Khartoum
2021-07-13,39.4,29.4,0.0,Khartoum
2021-07-14,38.9,27.0,0.0,Khartoum
2021-07-15,38.9,27.9,0.0,Khartoum
2021-07-16,37.1,28.5,0.0,Khartoum
2021-07-17,37.2,28.2,0.0,Khartoum
2021-07-18,35.9,27.7,0.0,Khartoum
2021-07-19,37.2,28.1,0.0,Khartoum
2021-07-20,34.5,27.0,1.4,Khartoum
2021-07-21,28.0,24.5,3.7,Khartoum
2021-07-22,32.6,24.3,0.0,Khartoum
2021-07-23,35.4,25.4,0.0,Khartoum
2021-07-24,38.1,27.0,0.1,Khartoum
2021-07-25,34.2,24.8,0.0,Khartoum
2021-07-26,33.5,23.9,0.0,Khartoum
2021-07-27,34.8,24.6,1.8,Khartoum
2021-07-28,36.5,25.9,0.0,Khartoum
2021-07-29,38.6,27.7,0.0,Khartoum
2021-07-30,38.5,27.7,0.0,Khartoum
2021-07-31,37.5,26.5,0.5,Khartoum
2021-08-01,35.1,25.7,0.0,Khartoum
2021-08-02,34.8,26.1,0.0,Khartoum
2021-08-03,36.1,26.4,0.0,Khartoum
2021-08-04,36.6,27.3,0.0,Khartoum
2021-08-05,37.3,28.4,0.0,Khartoum
2021-08-06,36.7,29.4,0.8,Khartoum
2021-08-07,36.5,26.7,1.1,Khartoum
2021-08-08,35.6,28.0,0.0,Khartoum
2021-08-09,37.3,26.0,0.6,Khartoum
2021-08-10,39.3,28.3,0.0,Khartoum
2021-08-11,34.3,25.2,2.0,Khartoum
2021-08-12,36.2,26.1,0.0,Khartoum
2021-08-13,39.5,28.5,0.0,Khartoum
2021-08-14,41.1,29.1,0.0,Khartoum
2021-08-15,38.5,28.7,0.1,Khartoum
2021-08-16,38.4,28.1,0.0,Khartoum
2021-08-17,39.6,28.9,0.0,Khartoum
2021-08-18,40.7,29.8,0.0,Khartoum
2021-08-19,40.8,30.9,0.0,Khartoum
2021-08-20,38.3,28.9,0.0,Khartoum
2021-08-21,38.7,27.7,0.0,Khartoum
2021-08-22,39.8,28.7,0.0,Khartoum
2021-08-23,36.0,28.6,0.0,Khartoum
2021-08-24,36.2,25.1,0.0,Khartoum
2021-08-25,38.6,27.5,0.0,Khartoum
2021-08-26,39.8,28.7,0.0,Khartoum
2021-08-27,38.7,25.7,0.0,Khartoum
2021-08-28,39.6,28.0,0.0,Khartoum
2021-08-29,41.4,30.3,0.0,Khartoum
2021-08-30,38.9,28.5,0.0,Khartoum
2021-08-31,40.6,28.3,0.0,Khartoum
2021-09-01,40.7,30.7,0.0,Khartoum
2021-09-02,37.8,30.3,0.0,Khartoum
2021-09-03,33.8,26.3,1.5,Khartoum
2021-09-04,37.0,26.9,0.0,Khartoum
2021-09-05,37.8,27.7,0.0,Khartoum
2021-09-06,36.5,26.1,1.9,Khartoum
2021-09-07,36.9,26.8,0.0,Khartoum
2021-09-08,39.8,27.6,0.0,Khartoum
2021-09-09,39.5,27.7,0.0,Khartoum
2021-09-10,34.7,26.7,0.0,Khartoum
2021-09-11,38.9,26.6,0.0,Khartoum
2021-09-12,39.8,29.3,0.0,Khartoum
2021-09-13,37.5,28.8,0.0,Khartoum
2021-09-14,39.3,28.3,0.0,Khartoum
2021-09-15,39.8,28.0,0.0,Khartoum
2021-09-16,39.4,27.4,0.0,Khartoum
2021-09-17,38.7,30.7,0.0,Khartoum
2021-09-18,37.5,26.7,0.0,Khartoum
2021-09-19,37.6,27.0,0.0,Khartoum
2021-09-20,39.5,26.9,0.0,Khartoum
2021-09-21,42.2,26.5,0.0,Khartoum
2021-09-22,40.5,27.2,0.0,Khartoum
2021-09-23,40.4,29.2,0.0,Khartoum
2021-09-24,36.9,29.5,0.0,Khartoum
2021-09-25,37.3,26.6,0.1,Khartoum
2021-09-26,35.8,27.8,0.0,Khartoum
2021-09-27,38.7,27.0,0.0,Khartoum
2021-09-28,41.3,27.5,0.0,Khartoum
2021-09-29,41.1,29.0,0.0,Khartoum
2021-09-30,39.6,27.0,0.0,Khartoum
2021-10-01,39.6,24.7,0.0,Khartoum
2021-10-02,40.3,25.9,0.0,Khartoum
2021-10-03,40.0,26.4,0.0,Khartoum
2021-10-04,39.6,26.6,0.0,Khartoum
2021-10-05,40.4,26.8,0.0,Khartoum
2021-10-06,40.2,27.1,0.0,Khartoum
2021-10-07,39.5,27.3,0.0,Khartoum
2021-10-08,40.4,27.9,0.0,Khartoum
2021-10-09,41.7,27.7,0.0,Khartoum
2021-10-10,40.8,26.8,0.0,Khartoum
2021-10-11,38.2,29.7,0.0,Khartoum
2021-10-12,39.1,28.2,2.5,Khartoum
2021-10-13,36.5,27.8,0.0,Khartoum
2021-10-14,37.4,26.6,0.0,Khartoum
2021-10-15,39.6,25.4,0.0,Khartoum
2021-10-16,40.5,24.9,0.0,Khartoum
2021-10-17,40.1,24.3,0.0,Khartoum
2021-10-18,41.4,24.3,0.0,Khartoum
2021-10-19,40.8,25.2,0.0,Khartoum
2021-10-20,40.5,25.9,0.0,Khartoum
2021-10-21,40.6,27.5,0.0,Khartoum
2021-10-22,40.9,26.5,0.0,Khartoum
2021-10-23,40.7,29.3,0.0,Khartoum
2021-10-24,40.4,26.7,0.0,Khartoum
2021-10-25,40.0,27.6,0.0,Khartoum
2021-10-26,39.4,26.2,0.0,Khartoum
2021-10-27,38.9,25.7,0.0,Khartoum
2021-10-28,38.1,24.6,0.0,Khartoum
2021-10-29,38.6,25.1,0.0,Khartoum
2021-10-30,39.7,26.5,0.0,Khartoum
2021-10-31,39.8,27.4,0.0,Khartoum
2021-11-01,40.1,25.7,0.0,Khartoum
2021-11-02,40.4,29.4,0.0,Khartoum
2021-11-03,39.4,27.9,0.0,Khartoum
2021-11-04,38.1,26.0,0.0,Khartoum
2021-11-05,38.8,24.8,0.0,Khartoum
2021-11-06,38.5,25.1,0.0,Khartoum
2021-11-07,38.0,25.4,0.0,Khartoum
2021-11-08,37.6,24.7,0.0,Khartoum
2021-11-09,37.8,23.7,0.0,Khartoum
2021-11-10,38.1,25.3,0.0,Khartoum
2021-11-11,37.1,24.2,0.0,Khartoum
2021-11-12,36.5,23.8,0.0,Khartoum
2021-11-13,36.1,22.2,0.0,Khartoum
2021-11-14,34.8,20.2,0.0,Khartoum
2021-11-15,35.3,18.8,0.0,Khartoum
2021-11-16,36.1,19.8,0.0,Khartoum
2021-11-17,37.1,22.2,0.0,Khartoum
2021-11-18,37.7,24.0,0.0,Khartoum
2021-11-19,36.5,23.3,0.0,Khartoum
2021-11-20,31.8,20.5,0.0,Khartoum
2021-11-21,30.4,17.8,0.0,Khartoum
2021-11-22,31.9,18.1,0.0,Khartoum
2021-11-23,33.4,19.2,0.0,Khartoum
2021-11-24,33.1,18.8,0.0,Khartoum
2021-11-25,33.7,17.8,0.0,Khartoum
2021-11-26,35.9,19.5,0.0,Khartoum
2021-11-27,37.5,22.6,0.0,Khartoum
2021-11-28,37.8,24.6,0.0,Khartoum
2021-11-29,38.7,24.5,0.0,Khartoum
2021-11-30,37.3,23.5,0.0,Khartoum
2021-12-01,36.5,21.8,0.0,Khartoum
2021-12-02,34.6,21.3,0.0,Khartoum
2021-12-03,35.6,20.7,0.0,Khartoum
2021-12-04,36.3,22.2,0.0,Khartoum
2021-12-05,34.8,21.7,0.0,Khartoum
2021-12-06,34.9,20.7,0.0,Khartoum
2021-12-07,35.0,20.1,0.0,Khartoum
2021-12-08,34.3,20.7,0.0,Khartoum
2021-12-09,34.1,20.4,0.0,Khartoum
2021-12-10,34.1,21.7,0.0,Khartoum
2021-12-11,35.0,20.3,0.0,Khartoum
2021-12-12,35.6,20.5,0.0,Khartoum
2021-12-13,35.3,19.2,0.0,Khartoum
2021-12-14,34.6,21.1,0.0,Khartoum
2021-12-15,32.7,20.1,0.0,Khartoum
2021-12-16,31.3,18.2,0.0,Khartoum
2021-12-17,29.5,17.1,0.0,Khartoum
2021-12-18,27.6,15.6,0.0,Khartoum
2021-12-19,28.2,15.3,0.0,Khartoum
2021-12-20,28.5,16.2,0.0,Khartoum
2021-12-21,28.7,16.3,0.0,Khartoum
2021-12-22,30.2,16.9,0.0,Khartoum
2021-12-23,30.2,16.2,0.0,Khartoum
2021-12-24,29.5,16.3,0.0,Khartoum
2021-12-25,29.6,16.2,0.0,Khartoum
2021-12-26,30.7,17.0,0.0,Khartoum
2021-12-27,31.5,17.7,0.0,Khartoum
2021-12-28,29.5,18.4,0.0,Khartoum
2021-12-29,28.1,16.6,0.0,Khartoum
2021-12-30,28.4,15.0,0.0,Khartoum
2021-12-31,28.9,13.2,0.0,Khartoum
2022-01-01,28.9,14.6,0.0,Khartoum
2022-01-02,25.7,15.0,0.0,Khartoum
2022-01-03,24.7,13.3,0.0,Khartoum
2022-01-04,27.5,12.8,0.0,Khartoum
2022-01-05,28.6,14.3,0.0,Khartoum
2022-01-06,30.0,15.2,0.0,Khartoum
2022-01-07,32.6,16.3,0.0,Khartoum
2022-01-08,34.0,19.1,0.0,Khartoum
2022-01-09,36.2,20.8,0.0,Khartoum
2022-01-10,35.3,22.3,0.0,Khartoum
2022-01-11,35.9,21.8,0.0,Khartoum
2022-01-12,38.4,22.5,0.0,Khartoum
2022-01-13,38.2,22.6,0.0,Khartoum
2022-01-14,34.6,22.9,0.0,Khartoum
2022-01-15,31.4,19.7,0.0,Khartoum
2022-01-16,29.7,17.5,0.0,Khartoum
2022-01-17,26.6,15.9,0.0,Khartoum
2022-01-18,24.8,14.5,0.0,Khartoum
2022-01-19,23.9,12.3,0.0,Khartoum
2022-01-20,24.6,10.4,0.0,Khartoum
2022-01-21,29.2,12.6,0.0,Khartoum
2022-01-22,29.8,13.9,0.0,Khartoum
2022-01-23,30.9,14.8,0.0,Khartoum
2022-01-24,31.2,15.9,0.0,Khartoum
2022-01-25,32.2,17.3,0.0,Khartoum
2022-01-26,30.1,17.4,0.0,Khartoum
2022-01-27,26.7,13.9,0.0,Khartoum
2022-01-28,26.9,12.5,0.0,Khartoum
2022-01-29,26.9,12.5,0.0,Khartoum
2022-01-30,28.1,13.1,0.0,Khartoum
2022-01-31,25.4,14.2,0.0,Khartoum
2022-02-01,27.1,12.2,0.0,Khartoum
2022-02-02,31.9,13.3,0.0,Khartoum
2022-02-03,34.9,17.7,0.0,Khartoum
2022-02-04,28.8,18.1,0.0,Khartoum
2022-02-05,25.0,13.1,0.0,Khartoum
2022-02-06,26.9,11.5,0.0,Khartoum
2022-02-07,28.7,13.4,0.0,Khartoum
2022-02-08,31.2,14.9,0.0,Khartoum
2022-02-09,32.7,16.6,0.0,Khartoum
2022-02-10,32.3,19.1,0.0,Khartoum
2022-02-11,29.6,16.0,0.0,Khartoum
2022-02-12,33.0,15.2,0.0,Khartoum
2022-02-13,33.0,16.8,0.0,Khartoum
2022-02-14,33.1,17.7,0.0,Khartoum
2022-02-15,33.5,18.1,0.0,Khartoum
2022-02-16,33.0,17.5,0.0,Khartoum
2022-02-17,33.0,16.5,0.0,Khartoum
2022-02-18,32.8,16.1,0.0,Khartoum
2022-02-19,28.3,17.3,0.0,Khartoum
2022-02-20,28.4,14.2,0.0,Khartoum
2022-02-21,29.7,14.8,0.0,Khartoum
2022-02-22,31.8,16.1,0.0,Khartoum
2022-02-23,32.9,17.0,0.0,Khartoum
2022-02-24,33.4,20.6,0.0,Khartoum
2022-02-25,30.4,17.3,0.0,Khartoum
2022-02-26,30.7,16.3,0.0,Khartoum
2022-02-27,33.4,16.8,0.0,Khartoum
2022-02-28,35.1,18.9,0.0,Khartoum
2022-03-01,36.7,21.2,0.0,Khartoum
2022-03-02,40.9,22.1,0.0,Khartoum
2022-03-03,39.5,23.5,0.0,Khartoum
2022-03-04,37.9,22.2,0.0,Khartoum
2022-03-05,38.1,23.6,0.0,Khartoum
2022-03-06,39.7,22.7,0.0,Khartoum
2022-03-07,39.9,23.3,0.0,Khartoum
2022-03-08,40.3,24.8,0.0,Khartoum
2022-03-09,42.3,22.8,0.0,Khartoum
2022-03-10,41.5,25.6,0.0,Khartoum
2022-03-11,34.8,22.1,0.0,Khartoum
2022-03-12,34.1,20.0,0.0,Khartoum
2022-03-13,35.0,20.4,0.0,Khartoum
2022-03-14,34.8,20.4,0.0,Khartoum
2022-03-15,31.1,19.0,0.0,Khartoum
2022-03-16,27.9,15.5,0.0,Khartoum
2022-03-17,30.9,15.7,0.0,Khartoum
2022-03-18,34.3,17.7,0.0,Khartoum
2022-03-19,36.0,19.5,0.0,Khartoum
2022-03-20,36.4,20.9,0.0,Khartoum
2022-03-21,36.6,19.3,0.0,Khartoum
2022-03-22,38.2,18.7,0.0,Khartoum
2022-03-23,38.4,21.7,0.0,Khartoum
2022-03-24,35.4,20.5,0.0,Khartoum
2022-03-25,33.2,18.6,0.0,Khartoum
2022-03-26,32.5,17.5,0.0,Khartoum
2022-03-27,34.0,18.6,0.0,Khartoum
2022-03-28,35.8,19.5,0.0,Khartoum
2022-03-29,37.8,20.9,0.0,Khartoum
2022-03-30,39.4,23.1,0.0,Khartoum
2022-03-31,42.2,24.9,0.0,Khartoum
2022-04-01,41.0,25.1,0.0,Khartoum
2022-04-02,41.5,23.9,0.0,Khartoum
2022-04-03,42.6,26.2,0.0,Khartoum
2022-04-04,43.9,27.7,0.0,Khartoum
2022-04-05,43.8,27.0,0.0,Khartoum
2022-04-06,43.1,26.6,0.0,Khartoum
2022-04-07,42.1,27.5,0.0,Khartoum
2022-04-08,42.1,29.4,0.0,Khartoum
2022-04-09,43.0,28.5,0.0,Khartoum
2022-04-10,43.2,24.8,0.0,Khartoum
2022-04-11,43.0,27.3,0.0,Khartoum
2022-04-12,41.8,25.0,0.0,Khartoum
2022-04-13,42.2,26.4,0.0,Khartoum
2022-04-14,41.7,29.4,0.0,Khartoum
2022-04-15,42.2,27.3,0.0,Khartoum
2022-04-16,42.0,28.6,0.0,Khartoum
2022-04-17,40.9,25.0,0.0,Khartoum
2022-04-18,43.0,26.1,0.0,Khartoum
2022-04-19,44.6,27.4,0.0,Khartoum
2022-04-20,43.3,27.7,0.0,Khartoum
2022-04-21,42.9,28.8,0.0,Khartoum
2022-04-22,41.9,28.5,0.0,Khartoum
2022-04-23,40.0,26.9,0.0,Khartoum
2022-04-24,40.2,24.6,0.0,Khartoum
2022-04-25,42.5,22.8,0.0,Khartoum
2022-04-26,42.2,24.7,0.0,Khartoum
2022-04-27,42.8,26.6,0.0,Khartoum
2022-04-28,42.3,26.5,0.0,Khartoum
2022-04-29,42.0,25.5,0.0,Khartoum
2022-04-30,43.8,25.3,0.0,Khartoum
2022-05-01,44.6,28.0,0.0,Khartoum
2022-05-02,45.4,29.1,0.0,Khartoum
2022-05-03,42.8,28.5,0.0,Khartoum
2022-05-04,44.4,28.3,0.0,Khartoum
2022-05-05,42.7,29.7,0.0,Khartoum
2022-05-06,42.6,30.7,0.0,Khartoum
2022-05-07,41.8,26.2,0.0,Khartoum
2022-05-08,42.6,27.6,0.0,Khartoum
2022-05-09,42.4,27.9,0.0,Khartoum
2022-05-10,42.9,28.0,0.0,Khartoum
2022-05-11,43.3,29.2,0.0,Khartoum
2022-05-12,43.9,27.7,0.0,Khartoum
2022-05-13,41.5,30.1,0.0,Khartoum
2022-05-14,43.0,30.0,0.0,Khartoum
2022-05-15,42.5,30.1,0.0,Khartoum
2022-05-16,44.3,28.9,0.0,Khartoum
2022-05-17,42.2,27.5,0.0,Khartoum
2022-05-18,43.5,30.2,0.0,Khartoum
2022-05-19,44.3,28.5,0.0,Khartoum
2022-05-20,44.2,28.2,0.0,Khartoum
2022-05-21,41.7,29.1,0.0,Khartoum
2022-05-22,40.6,29.4,0.0,Khartoum
2022-05-23,40.7,28.4,0.0,Khartoum
2022-05-24,41.4,27.3,0.0,Khartoum
2022-05-25,41.1,27.7,0.0,Khartoum
2022-05-26,40.4,27.1,0.0,Khartoum
2022-05-27,39.7,25.9,0.0,Khartoum
2022-05-28,39.9,25.6,0.0,Khartoum
2022-05-29,41.2,26.7,0.0,Khartoum
2022-05-30,42.8,27.7,0.0,Khartoum
2022-05-31,43.7,28.6,0.0,Khartoum
2022-06-01,43.8,28.5,0.0,Khartoum
2022-06-02,42.0,30.8,0.0,Khartoum
2022-06-03,41.2,30.7,0.0,Khartoum
2022-06-04,42.8,28.7,0.0,Khartoum
2022-06-05,42.0,30.4,0.0,Khartoum
2022-06-06,41.5,30.2,0.0,Khartoum
2022-06-07,40.7,29.1,0.0,Khartoum
2022-06-08,39.9,30.1,0.0,Khartoum
2022-06-09,37.3,28.8,0.0,Khartoum
2022-06-10,39.4,27.7,0.0,Khartoum
2022-06-11,41.2,28.8,0.0,Khartoum
2022-06-12,42.0,28.9,0.0,Khartoum
2022-06-13,41.3,29.4,0.0,Khartoum
2022-06-14,41.4,29.4,0.0,Khartoum
2022-06-15,40.9,28.7,0.0,Khartoum
2022-06-16,40.3,28.9,0.0,Khartoum
2022-06-17,41.9,27.3,0.0,Khartoum
2022-06-18,42.6,27.7,0.0,Khartoum
2022-06-19,41.2,29.3,0.0,Khartoum
2022-06-20,41.0,29.2,0.0,Khartoum
2022-06-21,40.4,29.8,0.0,Khartoum
2022-06-22,42.1,27.9,0.0,Khartoum
2022-06-23,41.9,29.5,0.0,Khartoum
2022-06-24,41.4,28.9,0.0,Khartoum
2022-06-25,39.9,27.3,0.0,Khartoum
2022-06-26,40.2,29.5,0.0,Khartoum
2022-06-27,41.3,29.7,0.1,Khartoum
2022-06-28,38.5,27.4,0.1,Khartoum
2022-06-29,39.1,25.7,0.0,Khartoum
2022-06-30,39.4,24.9,1.2,Khartoum
2022-07-01,40.8,28.4,0.0,Khartoum
2022-07-02,39.4,27.9,0.0,Khartoum
2022-07-03,40.5,29.9,0.0,Khartoum
2022-07-04,34.4,26.7,0.0,Khartoum
2022-07-05,38.8,26.3,0.0,Khartoum
2022-07-06,40.3,29.4,0.0,Khartoum
2022-07-07,35.4,26.4,0.8,Khartoum
2022-07-08,37.8,25.0,0.0,Khartoum
2022-07-09,36.4,28.8,0.0,Khartoum
2022-07-10,35.6,24.2,3.1,Khartoum
2022-07-11,33.6,23.7,1.0,Khartoum
2022-07-12,35.0,25.8,0.0,Khartoum
2022-07-13,36.6,26.8,0.2,Khartoum
2022-07-14,36.8,25.0,0.5,Khartoum
2022-07-15,35.2,26.1,0.1,Khartoum
2022-07-16,39.3,26.6,0.0,Khartoum
2022-07-17,39.2,27.1,0.0,Khartoum
2022-07-18,39.9,28.0,0.0,Khartoum
2022-07-19,39.5,27.0,0.0,Khartoum
2022-07-20,39.9,28.2,0.0,Khartoum
2022-07-21,36.2,25.0,0.0,Khartoum
2022-07-22,38.0,26.5,0.0,Khartoum
2022-07-23,42.1,29.0,0.0,Khartoum
2022-07-24,38.2,28.2,0.0,Khartoum
2022-07-25,38.2,25.8,0.0,Khartoum
2022-07-26,40.3,29.0,0.0,Khartoum
2022-07-27,35.8,26.8,0.0,Khartoum
2022-07-28,34.0,26.4,0.0,Khartoum
2022-07-29,34.5,25.8,1.7,Khartoum
2022-07-30,37.0,25.3,0.5,Khartoum
2022-07-31,37.0,25.3,0.0,Khartoum
2022-08-01,36.6,27.0,0.1,Khartoum
2022-08-02,37.6,26.3,0.0,Khartoum
2022-08-03,33.2,25.6,0.0,Khartoum
2022-08-04,36.8,26.3,0.0,Khartoum
2022-08-05,32.6,26.3,6.3,Khartoum
2022-08-06,33.4,24.7,3.9,Khartoum
2022-08-07,34.0,25.2,1.7,Khartoum
2022-08-08,33.7,24.8,0.0,Khartoum
2022-08-09,34.6,24.5,0.0,Khartoum
2022-08-10,35.1,25.5,0.1,Khartoum
2022-08-11,34.0,25.8,0.1,Khartoum
2022-08-12,33.7,25.2,0.5,Khartoum
2022-08-13,31.6,23.5,11.1,Khartoum
2022-08-14,34.5,24.6,0.3,Khartoum
2022-08-15,32.2,24.5,1.5,Khartoum
2022-08-16,34.3,24.9,0.1,Khartoum
2022-08-17,33.7,25.5,0.1,Khartoum
2022-08-18,35.3,24.6,0.0,Khartoum
2022-08-19,35.2,26.3,2.0,Khartoum
2022-08-20,30.9,24.1,4.5,Khartoum
2022-08-21,34.9,24.9,0.1,Khartoum
2022-08-22,35.3,27.0,0.0,Khartoum
2022-08-23,37.6,25.2,0.0,Khartoum
2022-08-24,39.1,26.6,0.0,Khartoum
2022-08-25,36.1,24.2,0.1,Khartoum
2022-08-26,36.6,26.0,0.0,Khartoum
2022-08-27,35.0,24.3,10.4,Khartoum
2022-08-28,34.3,24.2,0.0,Khartoum
2022-08-29,35.8,26.3,0.0,Khartoum
2022-08-30,37.5,27.3,0.0,Khartoum
2022-08-31,39.2,24.6,10.1,Khartoum
2022-09-01,37.6,26.6,0.2,Khartoum
2022-09-02,37.8,25.8,0.0,Khartoum
2022-09-03,38.0,27.8,1.0,Khartoum
2022-09-04,32.7,24.6,0.7,Khartoum
2022-09-05,34.4,24.8,0.2,Khartoum
2022-09-06,37.1,25.4,0.1,Khartoum
2022-09-07,39.8,27.0,0.2,Khartoum
2022-09-08,38.1,25.7,0.0,Khartoum
2022-09-09,38.8,27.1,0.0,Khartoum
2022-09-10,39.7,27.9,0.0,Khartoum
2022-09-11,37.8,26.8,0.0,Khartoum
2022-09-12,38.0,26.5,2.3,Khartoum
2022-09-13,34.9,26.1,3.9,Khartoum
2022-09-14,35.8,26.3,0.0,Khartoum
2022-09-15,38.4,27.5,0.0,Khartoum
2022-09-16,39.2,28.6,0.0,Khartoum
2022-09-17,38.5,26.5,0.0,Khartoum
2022-09-18,38.3,27.1,0.0,Khartoum
2022-09-19,40.6,28.6,0.0,Khartoum
2022-09-20,36.6,27.0,0.0,Khartoum
2022-09-21,38.2,27.0,0.0,Khartoum
2022-09-22,41.0,27.3,0.0,Khartoum
2022-09-23,39.4,26.4,0.0,Khartoum
2022-09-24,38.6,27.4,0.0,Khartoum
2022-09-25,38.9,26.9,0.0,Khartoum
2022-09-26,40.0,28.6,0.0,Khartoum
2022-09-27,39.4,28.2,0.0,Khartoum
2022-09-28,39.8,29.6,0.0,Khartoum
2022-09-29,40.1,27.4,0.0,Khartoum
2022-09-30,37.7,27.5,0.0,Khartoum
2022-10-01,38.1,27.3,0.0,Khartoum
2022-10-02,39.1,28.0,0.0,Khartoum
2022-10-03,39.1,29.2,0.0,Khartoum
2022-10-04,37.8,26.2,0.2,Khartoum
2022-10-05,38.4,28.0,0.0,Khartoum
2022-10-06,38.8,28.0,0.0,Khartoum
2022-10-07,38.6,28.1,0.0,Khartoum
2022-10-08,40.6,27.8,0.0,Khartoum
2022-10-09,37.0,26.8,0.0,Khartoum
2022-10-10,37.0,27.6,0.0,Khartoum
2022-10-11,38.6,26.4,0.0,Khartoum
2022-10-12,40.0,25.3,0.0,Khartoum
2022-10-13,39.8,25.4,0.0,Khartoum
2022-10-14,39.9,24.5,0.0,Khartoum
2022-10-15,39.3,25.2,0.0,Khartoum
2022-10-16,39.7,27.5,0.0,Khartoum
2022-10-17,39.1,27.3,0.0,Khartoum
2022-10-18,37.7,26.9,0.2,Khartoum
2022-10-19,38.3,26.9,0.1,Khartoum
2022-10-20,39.1,27.1,0.0,Khartoum
2022-10-21,39.1,25.9,0.0,Khartoum
2022-10-22,38.9,26.5,0.0,Khartoum
2022-10-23,38.4,26.6,0.0,Khartoum
2022-10-24,36.3,24.4,0.0,Khartoum
2022-10-25,34.2,22.2,0.0,Khartoum
2022-10-26,35.1,21.4,0.0,Khartoum
2022-10-27,36.8,22.1,0.0,Khartoum
2022-10-28,37.9,25.3,0.0,Khartoum
2022-10-29,37.9,26.3,0.0,Khartoum
2022-10-30,37.9,25.8,0.0,Khartoum
2022-10-31,37.6,25.6,0.0,Khartoum
2022-11-01,36.1,23.8,0.0,Khartoum
2022-11-02,34.2,21.4,0.0,Khartoum
2022-11-03,34.8,21.0,0.0,Khartoum
2022-11-04,37.0,21.9,0.0,Khartoum
2022-11-05,37.9,23.2,0.0,Khartoum
2022-11-06,37.9,23.0,0.0,Khartoum
2022-11-07,37.2,23.1,0.0,Khartoum
2022-11-08,34.8,21.1,0.0,Khartoum
2022-11-09,34.0,19.5,0.0,Khartoum
2022-11-10,32.8,18.7,0.0,Khartoum
2022-11-11,34.0,19.3,0.0,Khartoum
2022-11-12,32.9,19.6,0.0,Khartoum
2022-11-13,34.0,18.8,0.0,Khartoum
2022-11-14,34.2,20.0,0.0,Khartoum
2022-11-15,34.8,20.5,0.0,Khartoum
2022-11-16,34.2,19.8,0.0,Khartoum
2022-11-17,33.1,18.6,0.0,Khartoum
2022-11-18,33.7,17.9,0.0,Khartoum
2022-11-19,34.8,18.8,0.0,Khartoum
2022-11-20,35.5,20.2,0.0,Khartoum
2022-11-21,36.6,21.4,0.0,Khartoum
2022-11-22,36.0,21.5,0.0,Khartoum
2022-11-23,35.5,21.6,0.0,Khartoum
2022-11-24,33.4,20.0,0.0,Khartoum
2022-11-25,32.5,18.5,0.0,Khartoum
2022-11-26,34.7,18.2,0.0,Khartoum
2022-11-27,35.1,20.8,0.0,Khartoum
2022-11-28,36.7,22.9,0.0,Khartoum
2022-11-29,36.7,23.9,0.0,Khartoum
2022-11-30,36.7,23.4,0.0,Khartoum
2022-12-01,35.9,22.1,0.0,Khartoum
2022-12-02,34.1,20.0,0.0,Khartoum
2022-12-03,35.1,20.4,0.0,Khartoum
2022-12-04,34.6,22.0,0.0,Khartoum
2022-12-05,34.1,22.0,0.0,Khartoum
2022-12-06,31.1,19.2,0.0,Khartoum
2022-12-07,31.8,18.1,0.0,Khartoum
2022-12-08,33.1,19.2,0.0,Khartoum
2022-12-09,32.2,20.5,0.0,Khartoum
2022-12-10,31.1,17.3,0.0,Khartoum
2022-12-11,32.4,18.1,0.0,Khartoum
2022-12-12,32.5,17.6,0.0,Khartoum
2022-12-13,32.4,18.3,0.0,Khartoum
2022-12-14,32.3,17.1,0.0,Khartoum
2022-12-15,32.7,20.4,0.0,Khartoum
2022-12-16,32.8,21.5,0.0,Khartoum
2022-12-17,32.9,20.7,0.0,Khartoum
2022-12-18,33.3,20.3,0.0,Khartoum
2022-12-19,33.5,18.5,0.0,Khartoum
2022-12-20,33.4,18.2,0.0,Khartoum
2022-12-21,32.6,19.0,0.0,Khartoum
2022-12-22,32.1,17.9,0.0,Khartoum
2022-12-23,28.3,16.8,0.0,Khartoum
2022-12-24,26.3,14.7,0.0,Khartoum
2022-12-25,24.3,13.3,0.0,Khartoum
2022-12-26,25.3,12.2,0.0,Khartoum
2022-12-27,26.7,13.1,0.0,Khartoum
2022-12-28,28.1,13.2,0.0,Khartoum
2022-12-29,28.0,14.6,0.0,Khartoum
2022-12-30,29.4,14.6,0.0,Khartoum
2022-12-31,30.5,16.8,0.0,Khartoum
2023-01-01,31.2,17.5,0.0,Khartoum
2023-01-02,30.9,17.3,0.0,Khartoum
2023-01-03,30.6,17.8,0.0,Khartoum
2023-01-04,29.8,17.7,0.0,Khartoum
2023-01-05,28.5,15.6,0.0,Khartoum
2023-01-06,28.3,14.1,0.0,Khartoum
2023-01-07,29.0,15.6,0.0,Khartoum
2023-01-08,29.3,14.8,0.0,Khartoum
2023-01-09,27.7,15.1,0.0,Khartoum
2023-01-10,27.5,13.9,0.0,Khartoum
2023-01-11,28.6,14.4,0.0,Khartoum
2023-01-12,29.3,16.1,0.0,Khartoum
2023-01-13,28.5,14.9,0.0,Khartoum
2023-01-14,27.8,14.6,0.0,Khartoum
2023-01-15,29.0,14.2,0.0,Khartoum
2023-01-16,28.9,15.5,0.0,Khartoum
2023-01-17,29.6,15.2,0.0,Khartoum
2023-01-18,31.6,17.1,0.0,Khartoum
2023-01-19,33.3,17.7,0.0,Khartoum
2023-01-20,34.3,18.1,0.0,Khartoum
2023-01-21,33.2,18.6,0.0,Khartoum
2023-01-22,31.4,16.6,0.0,Khartoum
2023-01-23,34.1,16.7,0.0,Khartoum
2023-01-24,34.5,20.9,0.0,Khartoum
2023-01-25,35.0,19.7,0.0,Khartoum
2023-01-26,34.9,18.6,0.0,Khartoum
2023-01-27,34.3,17.8,0.0,Khartoum
2023-01-28,34.5,17.1,0.0,Khartoum
2023-01-29,34.3,17.2,0.0,Khartoum
2023-01-30,34.5,17.8,0.0,Khartoum
2023-01-31,36.1,16.5,0.0,Khartoum
2023-02-01,32.6,19.5,0.0,Khartoum
2023-02-02,28.9,16.2,0.0,Khartoum
2023-02-03,29.9,13.9,0.0,Khartoum
2023-02-04,32.1,16.1,0.0,Khartoum
2023-02-05,34.2,17.2,0.0,Khartoum
2023-02-06,33.6,18.6,0.0,Khartoum
2023-02-07,30.7,17.2,0.0,Khartoum
2023-02-08,29.3,14.3,0.0,Khartoum
2023-02-09,32.3,15.8,0.0,Khartoum
2023-02-10,33.0,17.9,0.0,Khartoum
2023-02-11,36.4,19.5,0.0,Khartoum
2023-02-12,33.1,20.1,0.0,Khartoum
2023-02-13,31.9,18.1,0.0,Khartoum
2023-02-14,29.8,17.3,0.0,Khartoum
2023-02-15,26.3,15.1,0.0,Khartoum
2023-02-16,27.3,14.1,0.0,Khartoum
2023-02-17,28.8,14.4,0.0,Khartoum
2023-02-18,30.3,15.6,0.0,Khartoum
2023-02-19,32.9,17.7,0.0,Khartoum
2023-02-20,34.9,19.6,0.0,Khartoum
2023-02-21,34.8,19.8,0.0,Khartoum
2023-02-22,35.6,19.6,0.0,Khartoum
2023-02-23,35.8,19.2,0.0,Khartoum
2023-02-24,35.9,19.7,0.0,Khartoum
2023-02-25,36.8,20.0,0.0,Khartoum
2023-02-26,36.9,20.7,0.0,Khartoum
2023-02-27,38.7,22.6,0.0,Khartoum
2023-02-28,39.0,22.8,0.0,Khartoum
2023-03-01,36.8,22.1,0.0,Khartoum
2023-03-02,36.3,19.3,0.0,Khartoum
2023-03-03,36.2,19.3,0.0,Khartoum
2023-03-04,37.3,20.4,0.0,Khartoum
2023-03-05,39.2,23.3,0.0,Khartoum
2023-03-06,40.7,25.8,0.0,Khartoum
2023-03-07,40.1,26.8,0.0,Khartoum
2023-03-08,38.7,26.9,0.0,Khartoum
2023-03-09,35.5,23.7,0.0,Khartoum
2023-03-10,34.2,21.4,0.0,Khartoum
2023-03-11,34.1,20.5,0.0,Khartoum
2023-03-12,33.4,20.8,0.0,Khartoum
2023-03-13,33.3,18.9,0.0,Khartoum
2023-03-14,34.3,16.4,0.0,Khartoum
2023-03-15,33.1,18.9,0.0,Khartoum
2023-03-16,34.8,17.3,0.0,Khartoum
2023-03-17,37.4,21.6,0.0,Khartoum
2023-03-18,35.8,23.1,0.0,Khartoum
2023-03-19,37.9,23.8,0.0,Khartoum
2023-03-20,34.4,21.5,0.0,Khartoum
2023-03-21,32.0,18.4,0.0,Khartoum
2023-03-22,33.4,16.3,0.0,Khartoum
2023-03-23,36.7,18.1,0.0,Khartoum
2023-03-24,39.5,21.4,0.0,Khartoum
2023-03-25,39.1,22.7,0.0,Khartoum
2023-03-26,32.6,21.3,0.0,Khartoum
2023-03-27,33.4,18.5,0.0,Khartoum
2023-03-28,35.2,18.7,0.0,Khartoum
2023-03-29,36.5,20.9,0.0,Khartoum
2023-03-30,36.7,20.7,0.0,Khartoum
2023-03-31,34.6,20.8,0.0,Khartoum
2023-04-01,34.7,19.2,0.0,Khartoum
2023-04-02,35.5,18.6,0.0,Khartoum
2023-04-03,37.3,19.3,0.0,Khartoum
2023-04-04,39.5,20.8,0.0,Khartoum
2023-04-05,39.6,23.1,0.0,Khartoum
2023-04-06,38.0,22.9,0.0,Khartoum
2023-04-07,38.9,22.4,0.0,Khartoum
2023-04-08,39.6,22.9,0.0,Khartoum
2023-04-09,40.6,23.1,0.0,Khartoum
2023-04-10,42.4,25.2,0.0,Khartoum
2023-04-11,43.4,25.7,0.0,Khartoum
2023-04-12,37.8,25.8,0.0,Khartoum
2023-04-13,36.8,21.0,0.0,Khartoum
2023-04-14,39.3,22.4,0.0,Khartoum
2023-04-15,41.1,24.6,0.0,Khartoum
2023-04-16,41.2,25.5,0.0,Khartoum
2023-04-17,41.1,25.7,0.0,Khartoum
2023-04-18,40.8,24.5,0.0,Khartoum
2023-04-19,40.9,24.1,0.0,Khartoum
2023-04-20,40.4,23.7,0.0,Khartoum
2023-04-21,41.2,24.2,0.0,Khartoum
2023-04-22,41.9,23.7,0.0,Khartoum
2023-04-23,44.0,27.6,0.0,Khartoum
2023-04-24,43.0,27.3,0.0,Khartoum
2023-04-25,43.8,26.5,0.0,Khartoum
2023-04-26,40.5,26.9,0.0,Khartoum
2023-04-27,41.2,30.3,0.0,Khartoum
2023-04-28,39.0,31.3,0.0,Khartoum
2023-04-29,38.8,26.0,0.0,Khartoum
2023-04-30,35.2,25.6,0.0,Khartoum
2023-05-01,37.9,24.3,0.0,Khartoum
2023-05-02,37.8,22.5,0.0,Khartoum
2023-05-03,39.5,22.8,0.0,Khartoum
2023-05-04,41.1,25.4,0.0,Khartoum
2023-05-05,41.9,25.3,0.0,Khartoum
2023-05-06,42.5,26.1,0.0,Khartoum
2023-05-07,42.3,27.9,0.0,Khartoum
2023-05-08,42.4,28.5,0.0,Khartoum
2023-05-09,39.8,26.1,0.0,Khartoum
2023-05-10,40.9,22.8,0.0,Khartoum
2023-05-11,42.7,25.6,0.0,Khartoum
2023-05-12,44.2,26.3,0.0,Khartoum
2023-05-13,44.2,29.2,0.0,Khartoum
2023-05-14,43.4,29.1,0.0,Khartoum
2023-05-15,42.8,27.8,0.0,Khartoum
2023-05-16,41.4,25.9,0.0,Khartoum
2023-05-17,42.9,24.4,0.0,Khartoum
2023-05-18,43.3,26.8,0.0,Khartoum
2023-05-19,43.3,25.8,0.0,Khartoum
2023-05-20,41.0,27.6,0.0,Khartoum
2023-05-21,39.5,25.0,0.0,Khartoum
2023-05-22,41.7,23.8,0.0,Khartoum
2023-05-23,42.9,27.3,0.0,Khartoum
2023-05-24,42.6,25.6,0.0,Khartoum
2023-05-25,43.7,28.8,0.0,Khartoum
2023-05-26,46.1,31.8,0.0,Khartoum
2023-05-27,43.8,28.5,0.0,Khartoum
2023-05-28,42.1,31.7,0.0,Khartoum
2023-05-29,38.4,30.8,0.2,Khartoum
2023-05-30,39.9,28.9,0.0,Khartoum
2023-05-31,40.4,28.7,0.0,Khartoum
2023-06-01,41.1,30.3,0.0,Khartoum
2023-06-02,40.1,30.0,0.0,Khartoum
2023-06-03,39.5,30.6,0.0,Khartoum
2023-06-04,41.6,29.5,0.0,Khartoum
2023-06-05,40.7,30.3,0.0,Khartoum
2023-06-06,36.5,30.5,0.0,Khartoum
2023-06-07,37.4,27.4,0.0,Khartoum
2023-06-08,40.7,28.1,0.0,Khartoum
2023-06-09,41.6,30.1,0.0,Khartoum
2023-06-10,37.8,28.6,1.1,Khartoum
2023-06-11,33.5,27.9,0.0,Khartoum
2023-06-12,39.5,27.5,0.0,Khartoum
2023-06-13,41.5,30.7,0.0,Khartoum
2023-06-14,39.9,29.4,0.0,Khartoum
2023-06-15,39.7,27.5,0.0,Khartoum
2023-06-16,41.1,29.8,0.0,Khartoum
2023-06-17,41.3,29.2,0.0,Khartoum
2023-06-18,40.2,29.2,0.0,Khartoum
2023-06-19,39.5,28.2,0.0,Khartoum
2023-06-20,39.4,29.1,0.0,Khartoum
2023-06-21,39.5,29.4,0.0,Khartoum
2023-06-22,40.7,29.3,0.0,Khartoum
2023-06-23,40.2,26.5,0.0,Khartoum
2023-06-24,39.4,26.9,0.0,Khartoum
2023-06-25,40.9,27.9,0.0,Khartoum
2023-06-26,42.0,28.1,0.0,Khartoum
2023-06-27,41.2,27.8,0.0,Khartoum
2023-06-28,42.2,28.3,0.0,Khartoum
2023-06-29,42.1,28.5,0.0,Khartoum
2023-06-30,44.0,28.0,0.0,Khartoum
2023-07-01,41.3,29.5,0.0,Khartoum
2023-07-02,38.4,27.5,0.0,Khartoum
2023-07-03,39.7,28.2,0.0,Khartoum
2023-07-04,39.0,28.8,0.0,Khartoum
2023-07-05,40.3,27.3,0.0,Khartoum
2023-07-06,42.7,29.8,0.0,Khartoum
2023-07-07,40.6,29.9,0.0,Khartoum
2023-07-08,39.2,28.6,0.0,Khartoum
2023-07-09,39.6,28.4,0.0,Khartoum
2023-07-10,40.8,28.3,0.0,Khartoum
2023-07-11,40.0,29.2,0.0,Khartoum
2023-07-12,38.1,25.7,0.0,Khartoum
2023-07-13,42.1,26.8,0.0,Khartoum
2023-07-14,42.5,28.7,0.0,Khartoum
2023-07-15,37.9,29.2,0.0,Khartoum
2023-07-16,40.0,27.7,0.0,Khartoum
2023-07-17,41.2,29.5,0.0,Khartoum
2023-07-18,43.0,30.1,0.0,Khartoum
2023-07-19,41.1,29.4,0.0,Khartoum
2023-07-20,40.3,30.7,0.0,Khartoum
2023-07-21,41.5,29.7,0.0,Khartoum
2023-07-22,40.3,26.7,0.1,Khartoum
2023-07-23,40.3,28.3,0.0,Khartoum
2023-07-24,42.2,29.1,0.0,Khartoum
2023-07-25,41.5,31.6,1.7,Khartoum
2023-07-26,38.5,30.0,0.0,Khartoum
2023-07-27,35.3,26.6,0.0,Khartoum
2023-07-28,39.5,26.9,0.0,Khartoum
2023-07-29,42.0,30.5,0.1,Khartoum
2023-07-30,37.4,26.6,0.0,Khartoum
2023-07-31,40.9,28.2,0.0,Khartoum
2023-08-01,36.9,30.1,0.0,Khartoum
2023-08-02,36.6,28.7,0.1,Khartoum
2023-08-03,35.8,26.8,0.1,Khartoum
2023-08-04,34.6,25.8,0.0,Khartoum
2023-08-05,37.1,27.3,0.2,Khartoum
2023-08-06,33.4,25.6,0.1,Khartoum
2023-08-07,38.9,27.0,0.0,Khartoum
2023-08-08,38.8,27.4,0.4,Khartoum
2023-08-09,37.7,25.3,2.0,Khartoum
2023-08-10,39.2,27.1,1.9,Khartoum
2023-08-11,35.4,26.3,0.0,Khartoum
2023-08-12,40.0,27.4,0.0,Khartoum
2023-08-13,40.3,27.9,0.0,Khartoum
2023-08-14,40.7,28.6,0.0,Khartoum
2023-08-15,40.9,27.2,0.0,Khartoum
2023-08-16,38.5,27.6,0.0,Khartoum
2023-08-17,38.8,26.1,0.0,Khartoum
2023-08-18,39.6,27.7,0.6,Khartoum
2023-08-19,39.7,27.3,0.0,Khartoum
2023-08-20,41.1,27.3,0.0,Khartoum
2023-08-21,36.6,26.4,0.2,Khartoum
2023-08-22,37.4,25.3,0.2,Khartoum
2023-08-23,38.2,27.2,0.0,Khartoum
2023-08-24,40.1,28.2,0.0,Khartoum
2023-08-25,43.4,30.0,0.0,Khartoum
2023-08-26,41.5,28.0,0.0,Khartoum
2023-08-27,39.9,28.3,0.1,Khartoum
2023-08-28,40.0,27.2,0.0,Khartoum
2023-08-29,41.0,30.4,0.0,Khartoum
2023-08-30,37.0,28.1,0.5,Khartoum
2023-08-31,33.2,25.2,0.0,Khartoum
2023-09-01,37.8,27.2,0.0,Khartoum
2023-09-02,41.3,29.0,0.0,Khartoum
2023-09-03,41.3,29.4,0.0,Khartoum
2023-09-04,41.6,29.5,0.0,Khartoum
2023-09-05,37.3,27.7,0.0,Khartoum
2023-09-06,39.5,26.4,0.0,Khartoum
2023-09-07,41.5,29.0,0.0,Khartoum
2023-09-08,39.6,28.3,0.0,Khartoum
2023-09-09,39.2,29.2,0.0,Khartoum
2023-09-10,41.1,28.4,0.0,Khartoum
2023-09-11,39.7,29.3,0.0,Khartoum
2023-09-12,35.5,26.9,3.3,Khartoum
2023-09-13,35.9,29.5,0.0,Khartoum
2023-09-14,41.1,28.1,0.0,Khartoum
2023-09-15,39.9,30.1,0.0,Khartoum
2023-09-16,38.9,26.2,0.0,Khartoum
2023-09-17,39.7,28.1,0.0,Khartoum
2023-09-18,38.9,28.8,0.2,Khartoum
2023-09-19,39.9,28.5,0.0,Khartoum
2023-09-20,41.6,29.3,0.0,Khartoum
2023-09-21,39.2,28.2,0.0,Khartoum
2023-09-22,40.7,29.0,0.0,Khartoum
2023-09-23,42.0,28.2,0.0,Khartoum
2023-09-24,41.0,28.1,0.0,Khartoum
2023-09-25,38.9,29.7,0.0,Khartoum
2023-09-26,38.7,27.9,0.0,Khartoum
2023-09-27,39.7,29.2,0.2,Khartoum
2023-09-28,39.5,28.4,0.0,Khartoum
2023-09-29,40.0,28.3,0.0,Khartoum
2023-09-30,42.2,27.8,0.0,Khartoum
2023-10-01,40.1,29.0,0.0,Khartoum
2023-10-02,40.2,28.9,0.0,Khartoum
2023-10-03,39.9,29.6,0.0,Khartoum
2023-10-04,40.8,29.2,0.0,Khartoum
2023-10-05,41.5,27.8,0.0,Khartoum
2023-10-06,41.8,27.1,0.0,Khartoum
2023-10-07,41.1,28.9,0.0,Khartoum
2023-10-08,41.3,28.7,0.0,Khartoum
2023-10-09,42.4,29.0,0.0,Khartoum
2023-10-10,42.4,27.9,0.0,Khartoum
2023-10-11,42.6,26.4,0.0,Khartoum
2023-10-12,39.4,27.6,0.0,Khartoum
2023-10-13,40.1,27.8,0.0,Khartoum
2023-10-14,39.6,27.9,0.0,Khartoum
2023-10-15,39.6,27.3,0.0,Khartoum
2023-10-16,39.4,28.5,0.0,Khartoum
2023-10-17,38.3,26.0,0.0,Khartoum
2023-10-18,39.0,25.3,0.0,Khartoum
2023-10-19,39.5,27.6,0.0,Khartoum
2023-10-20,39.0,26.1,0.0,Khartoum
2023-10-21,37.5,27.7,0.0,Khartoum
2023-10-22,39.6,26.7,0.0,Khartoum
2023-10-23,39.8,27.8,0.0,Khartoum
2023-10-24,39.9,27.7,0.0,Khartoum
2023-10-25,38.2,27.1,0.0,Khartoum
2023-10-26,39.2,27.7,0.0,Khartoum
2023-10-27,38.3,28.7,0.0,Khartoum
2023-10-28,37.6,27.8,0.0,Khartoum
2023-10-29,38.5,26.9,0.0,Khartoum
2023-10-30,38.5,27.3,0.0,Khartoum
2023-10-31,38.6,28.4,0.0,Khartoum
2023-11-01,38.0,26.7,0.0,Khartoum
2023-11-02,37.5,25.2,0.0,Khartoum
2023-11-03,37.6,26.1,0.0,Khartoum
2023-11-04,38.5,26.1,0.0,Khartoum
2023-11-05,37.4,27.2,0.0,Khartoum
2023-11-06,36.9,26.9,0.0,Khartoum
2023-11-07,37.3,26.8,0.0,Khartoum
2023-11-08,37.5,25.3,0.0,Khartoum
2023-11-09,37.7,25.5,0.0,Khartoum
2023-11-10,36.5,24.7,0.0,Khartoum
2023-11-11,38.8,26.8,0.0,Khartoum
2023-11-12,38.8,28.0,0.0,Khartoum
2023-11-13,39.6,27.1,0.0,Khartoum
2023-11-14,38.5,26.5,0.0,Khartoum
2023-11-15,37.4,25.3,0.0,Khartoum
2023-11-16,36.1,25.2,0.0,Khartoum
2023-11-17,35.8,23.2,0.0,Khartoum
2023-11-18,35.4,22.7,0.0,Khartoum
2023-11-19,34.6,21.7,0.0,Khartoum
2023-11-20,32.9,21.3,0.0,Khartoum
2023-11-21,32.9,18.9,0.0,Khartoum
2023-11-22,35.1,20.6,0.0,Khartoum
2023-11-23,37.8,23.5,0.0,Khartoum
2023-11-24,38.5,24.4,0.0,Khartoum
2023-11-25,39.1,24.7,0.0,Khartoum
2023-11-26,39.1,24.0,0.0,Khartoum
2023-11-27,37.5,23.7,0.0,Khartoum
2023-11-28,37.1,24.2,0.0,Khartoum
2023-11-29,36.4,24.0,0.0,Khartoum
2023-11-30,37.4,23.0,0.0,Khartoum
2023-12-01,37.5,23.1,0.0,Khartoum
2023-12-02,35.4,22.6,0.0,Khartoum
2023-12-03,35.0,22.2,0.0,Khartoum
2023-12-04,35.3,20.9,0.0,Khartoum
2023-12-05,34.7,20.6,0.0,Khartoum
2023-12-06,33.5,19.7,0.0,Khartoum
2023-12-07,33.0,18.9,0.0,Khartoum
2023-12-08,31.4,17.2,0.0,Khartoum
2023-12-09,31.2,15.8,0.0,Khartoum
2023-12-10,34.4,15.6,0.0,Khartoum
2023-12-11,33.9,15.2,0.0,Khartoum
2023-12-12,31.5,18.0,0.0,Khartoum
2023-12-13,27.6,15.8,0.0,Khartoum
2023-12-14,30.2,13.8,0.0,Khartoum
2023-12-15,31.3,17.0,0.0,Khartoum
2023-12-16,33.2,15.8,0.0,Khartoum
2023-12-17,35.5,19.7,0.0,Khartoum
2023-12-18,33.8,19.7,0.0,Khartoum
2023-12-19,32.7,17.8,0.0,Khartoum
2023-12-20,33.3,18.8,0.0,Khartoum
2023-12-21,33.5,16.3,0.0,Khartoum
2023-12-22,31.5,17.3,0.0,Khartoum
2023-12-23,29.9,16.8,0.0,Khartoum
2023-12-24,29.4,15.6,0.0,Khartoum
2023-12-25,29.7,15.7,0.0,Khartoum
2023-12-26,30.9,17.2,0.0,Khartoum
2023-12-27,30.7,17.3,0.0,Khartoum
2023-12-28,28.6,16.1,0.0,Khartoum
2023-12-29,28.2,14.1,0.0,Khartoum
2023-12-30,29.4,13.9,0.0,Khartoum
2023-12-31,30.9,14.8,0.0,Khartoum
2024-01-01,31.6,18.2,0.0,Khartoum
2024-01-02,31.2,16.8,0.0,Khartoum
2024-01-03,31.6,16.3,0.0,Khartoum
2024-01-04,30.9,15.8,0.0,Khartoum
2024-01-05,28.8,15.3,0.0,Khartoum
2024-01-06,29.9,14.9,0.0,Khartoum
2024-01-07,32.1,16.4,0.0,Khartoum
2024-01-08,33.3,18.1,0.0,Khartoum
2024-01-09,34.0,17.1,0.0,Khartoum
2024-01-10,34.1,20.4,0.0,Khartoum
2024-01-11,33.0,20.5,0.0,Khartoum
2024-01-12,31.4,18.1,0.0,Khartoum
2024-01-13,31.8,17.4,0.0,Khartoum
2024-01-14,30.7,16.4,0.0,Khartoum
2024-01-15,28.8,15.2,0.0,Khartoum
2024-01-16,29.3,14.1,0.0,Khartoum
2024-01-17,28.6,14.4,0.0,Khartoum
2024-01-18,28.8,13.3,0.0,Khartoum
2024-01-19,29.7,13.6,0.0,Khartoum
2024-01-20,31.6,14.2,0.0,Khartoum
2024-01-21,32.3,16.6,0.0,Khartoum
2024-01-22,34.0,16.7,0.0,Khartoum
2024-01-23,33.7,18.9,0.0,Khartoum
2024-01-24,32.6,18.6,0.0,Khartoum
2024-01-25,29.0,17.7,0.0,Khartoum
2024-01-26,24.2,13.8,0.0,Khartoum
2024-01-27,24.8,12.4,0.0,Khartoum
2024-01-28,27.1,14.0,0.0,Khartoum
2024-01-29,28.7,14.5,0.0,Khartoum
2024-01-30,28.8,15.5,0.0,Khartoum
2024-01-31,28.9,14.9,0.0,Khartoum
2024-02-01,25.3,13.8,0.0,Khartoum
2024-02-02,25.0,11.8,0.0,Khartoum
2024-02-03,27.3,12.2,0.0,Khartoum
2024-02-04,29.0,14.5,0.0,Khartoum
2024-02-05,29.4,15.5,0.0,Khartoum
2024-02-06,28.1,15.6,0.0,Khartoum
2024-02-07,29.4,14.5,0.0,Khartoum
2024-02-08,30.7,14.6,0.0,Khartoum
2024-02-09,33.6,17.1,0.0,Khartoum
2024-02-10,32.7,17.1,0.0,Khartoum
2024-02-11,32.4,16.0,0.0,Khartoum
2024-02-12,33.8,16.8,0.0,Khartoum
2024-02-13,34.7,18.3,0.0,Khartoum
2024-02-14,35.3,16.6,0.0,Khartoum
2024-02-15,33.3,18.7,0.0,Khartoum
2024-02-16,29.1,16.5,0.0,Khartoum
2024-02-17,30.0,15.5,0.0,Khartoum
2024-02-18,30.5,16.4,0.0,Khartoum
2024-02-19,31.5,16.8,0.0,Khartoum
2024-02-20,33.4,17.3,0.0,Khartoum
2024-02-21,34.7,18.5,0.0,Khartoum
2024-02-22,37.2,22.1,0.0,Khartoum
2024-02-23,36.2,24.1,0.0,Khartoum
2024-02-24,35.9,24.2,0.0,Khartoum
2024-02-25,37.1,24.1,0.0,Khartoum
2024-02-26,35.2,22.7,0.0,Khartoum
2024-02-27,34.2,19.6,0.0,Khartoum
2024-02-28,33.9,18.3,0.0,Khartoum
2024-02-29,34.5,17.2,0.0,Khartoum
2024-03-01,36.3,17.0,0.0,Khartoum
2024-03-02,38.2,20.7,0.0,Khartoum
2024-03-03,36.8,21.5,0.0,Khartoum
2024-03-04,35.9,19.5,0.0,Khartoum
2024-03-05,37.2,18.7,0.0,Khartoum
2024-03-06,36.6,21.4,0.0,Khartoum
2024-03-07,34.8,19.3,0.0,Khartoum
2024-03-08,36.0,19.1,0.0,Khartoum
2024-03-09,38.7,20.5,0.0,Khartoum
2024-03-10,41.1,20.7,0.0,Khartoum
2024-03-11,42.3,23.0,0.0,Khartoum
2024-03-12,42.0,23.2,0.0,Khartoum
2024-03-13,43.2,25.5,0.0,Khartoum
2024-03-14,43.7,23.7,0.0,Khartoum
2024-03-15,43.2,27.9,0.0,Khartoum
2024-03-16,41.2,27.7,0.0,Khartoum
2024-03-17,40.1,28.6,0.0,Khartoum
2024-03-18,38.7,28.6,0.0,Khartoum
2024-03-19,33.4,23.7,0.0,Khartoum
2024-03-20,35.3,20.8,0.0,Khartoum
2024-03-21,36.5,24.1,0.0,Khartoum
2024-03-22,36.6,20.9,0.0,Khartoum
2024-03-23,36.1,21.6,0.0,Khartoum
2024-03-24,35.2,22.9,0.0,Khartoum
2024-03-25,35.6,18.4,0.0,Khartoum
2024-03-26,34.8,19.7,0.0,Khartoum
2024-03-27,35.8,18.3,0.0,Khartoum
2024-03-28,37.9,18.6,0.0,Khartoum
2024-03-29,39.0,20.1,0.0,Khartoum
2024-03-30,37.9,25.0,0.0,Khartoum
2024-03-31,37.6,21.4,0.0,Khartoum
2024-04-01,38.2,21.5,0.0,Khartoum
2024-04-02,37.7,21.3,0.0,Khartoum
2024-04-03,38.3,21.1,0.0,Khartoum
2024-04-04,39.7,22.4,0.0,Khartoum
2024-04-05,41.3,23.6,0.0,Khartoum
2024-04-06,41.2,26.5,0.0,Khartoum
2024-04-07,37.5,27.1,0.0,Khartoum
2024-04-08,34.4,23.5,0.0,Khartoum
2024-04-09,35.9,20.5,0.0,Khartoum
2024-04-10,37.5,21.0,0.0,Khartoum
2024-04-11,37.7,22.8,0.0,Khartoum
2024-04-12,38.3,23.1,0.0,Khartoum
2024-04-13,38.9,23.6,0.0,Khartoum
2024-04-14,39.2,23.0,0.0,Khartoum
2024-04-15,39.0,23.9,0.0,Khartoum
2024-04-16,38.8,22.7,0.0,Khartoum
2024-04-17,41.1,22.6,0.0,Khartoum
2024-04-18,42.3,24.8,0.0,Khartoum
2024-04-19,42.8,25.6,0.0,Khartoum
2024-04-20,43.5,26.0,0.0,Khartoum
2024-04-21,43.2,27.1,0.0,Khartoum
2024-04-22,41.7,27.9,0.0,Khartoum
2024-04-23,41.2,25.2,0.0,Khartoum
2024-04-24,41.5,22.7,0.0,Khartoum
2024-04-25,42.6,24.6,0.0,Khartoum
2024-04-26,42.8,23.8,0.0,Khartoum
2024-04-27,43.8,26.7,0.0,Khartoum
2024-04-28,43.3,28.3,0.0,Khartoum
2024-04-29,40.2,27.3,0.0,Khartoum
2024-04-30,40.1,24.8,0.0,Khartoum
2024-05-01,39.5,25.5,0.0,Khartoum
2024-05-02,38.7,24.6,0.0,Khartoum
2024-05-03,40.2,22.6,0.0,Khartoum
2024-05-04,40.2,26.4,0.0,Khartoum
2024-05-05,40.7,25.6,0.0,Khartoum
2024-05-06,42.3,26.2,0.0,Khartoum
2024-05-07,41.2,28.3,0.0,Khartoum
2024-05-08,39.2,25.2,0.0,Khartoum
2024-05-09,40.0,24.3,0.0,Khartoum
2024-05-10,41.5,24.9,0.0,Khartoum
2024-05-11,43.4,23.5,0.0,Khartoum
2024-05-12,45.3,28.6,0.0,Khartoum
2024-05-13,45.8,31.3,0.0,Khartoum
2024-05-14,43.8,32.1,0.0,Khartoum
2024-05-15,40.1,27.4,0.0,Khartoum
2024-05-16,39.0,25.5,0.0,Khartoum
2024-05-17,41.3,26.0,0.0,Khartoum
2024-05-18,43.8,28.0,0.0,Khartoum
2024-05-19,45.1,30.3,0.0,Khartoum
2024-05-20,41.7,32.7,0.0,Khartoum
2024-05-21,41.8,28.8,0.0,Khartoum
2024-05-22,42.6,29.0,0.0,Khartoum
2024-05-23,42.4,29.5,0.0,Khartoum
2024-05-24,41.4,29.4,0.0,Khartoum
2024-05-25,43.7,27.3,0.0,Khartoum
2024-05-26,43.4,26.7,0.0,Khartoum
2024-05-27,43.2,27.6,0.0,Khartoum
2024-05-28,43.9,27.6,0.0,Khartoum
2024-05-29,43.9,29.0,0.0,Khartoum
2024-05-30,45.1,29.4,0.0,Khartoum
2024-05-31,43.7,29.9,0.0,Khartoum
2024-06-01,44.0,31.9,0.0,Khartoum
2024-06-02,43.8,29.2,0.0,Khartoum
2024-06-03,43.1,27.8,0.0,Khartoum
2024-06-04,43.9,29.0,0.0,Khartoum
2024-06-05,42.2,31.9,0.0,Khartoum
2024-06-06,41.6,29.7,0.0,Khartoum
2024-06-07,42.8,30.4,0.0,Khartoum
2024-06-08,42.4,30.2,0.0,Khartoum
2024-06-09,40.5,30.7,0.0,Khartoum
2024-06-10,38.7,27.2,0.0,Khartoum
2024-06-11,40.3,28.8,0.0,Khartoum
2024-06-12,41.9,29.4,0.0,Khartoum
2024-06-13,40.0,29.4,0.0,Khartoum
2024-06-14,41.8,28.9,0.0,Khartoum
2024-06-15,42.0,28.8,0.0,Khartoum
2024-06-16,41.7,29.7,0.0,Khartoum
2024-06-17,41.7,29.2,0.0,Khartoum
2024-06-18,40.2,30.2,0.0,Khartoum
2024-06-19,40.7,26.2,0.0,Khartoum
2024-06-20,39.2,27.3,0.0,Khartoum
2024-06-21,41.7,27.5,0.0,Khartoum
2024-06-22,42.2,29.3,0.0,Khartoum
2024-06-23,41.6,27.5,0.0,Khartoum
2024-06-24,40.6,29.6,0.0,Khartoum
2024-06-25,40.8,27.8,0.0,Khartoum
2024-06-26,40.9,27.7,0.0,Khartoum
2024-06-27,41.8,29.9,0.0,Khartoum
2024-06-28,41.2,29.7,0.0,Khartoum
2024-06-29,41.8,30.2,0.0,Khartoum
2024-06-30,39.9,28.8,0.0,Khartoum
2024-07-01,40.9,30.3,0.0,Khartoum
2024-07-02,40.8,30.0,0.2,Khartoum
2024-07-03,39.9,30.5,0.0,Khartoum
2024-07-04,40.7,28.2,0.0,Khartoum
2024-07-05,41.6,31.1,0.0,Khartoum
2024-07-06,39.1,28.5,0.0,Khartoum
2024-07-07,37.9,28.4,0.0,Khartoum
2024-07-08,39.3,29.0,0.0,Khartoum
2024-07-09,40.3,30.1,0.0,Khartoum
2024-07-10,34.8,24.6,11.2,Khartoum
2024-07-11,38.4,27.4,0.0,Khartoum
2024-07-12,37.6,28.1,0.3,Khartoum
2024-07-13,36.9,25.5,0.0,Khartoum
2024-07-14,40.2,27.1,0.0,Khartoum
2024-07-15,38.4,27.4,0.0,Khartoum
2024-07-16,38.5,27.1,0.0,Khartoum
2024-07-17,40.3,28.6,0.0,Khartoum
2024-07-18,39.5,29.2,0.0,Khartoum
2024-07-19,39.0,28.5,0.0,Khartoum
2024-07-20,38.3,28.1,1.6,Khartoum
2024-07-21,35.6,29.2,0.0,Khartoum
2024-07-22,38.5,27.9,0.0,Khartoum
2024-07-23,38.2,27.1,0.9,Khartoum
2024-07-24,36.5,28.5,0.0,Khartoum
2024-07-25,39.0,27.6,0.0,Khartoum
2024-07-26,39.1,28.4,0.0,Khartoum
2024-07-27,33.6,25.1,1.2,Khartoum
2024-07-28,35.3,25.4,0.0,Khartoum
2024-07-29,36.1,27.3,0.0,Khartoum
2024-07-30,36.5,27.9,0.1,Khartoum
2024-07-31,34.4,26.8,2.7,Khartoum
2024-08-01,32.5,25.7,0.4,Khartoum
2024-08-02,31.2,23.5,2.6,Khartoum
2024-08-03,31.1,24.1,2.2,Khartoum
2024-08-04,31.2,23.5,0.3,Khartoum
2024-08-05,32.3,23.9,0.8,Khartoum
2024-08-06,30.6,24.2,1.6,Khartoum
2024-08-07,32.1,24.0,0.5,Khartoum
2024-08-08,32.5,24.8,1.1,Khartoum
2024-08-09,33.7,24.8,0.5,Khartoum
2024-08-10,36.1,25.5,16.3,Khartoum
2024-08-11,36.9,25.3,0.2,Khartoum
2024-08-12,30.9,24.4,9.6,Khartoum
2024-08-13,32.4,25.2,0.7,Khartoum
2024-08-14,32.0,23.5,0.0,Khartoum
2024-08-15,33.8,25.3,0.3,Khartoum
2024-08-16,34.4,24.3,0.1,Khartoum
2024-08-17,34.5,25.4,0.0,Khartoum
2024-08-18,31.7,25.5,0.0,Khartoum
2024-08-19,32.8,23.6,13.9,Khartoum
2024-08-20,36.5,24.2,0.0,Khartoum
2024-08-21,33.2,26.1,0.3,Khartoum
2024-08-22,32.6,24.1,0.7,Khartoum
2024-08-23,33.8,24.3,0.0,Khartoum
2024-08-24,33.4,24.4,1.2,Khartoum
2024-08-25,32.5,24.7,0.2,Khartoum
2024-08-26,34.6,25.3,2.3,Khartoum
2024-08-27,31.2,23.3,0.7,Khartoum
2024-08-28,32.3,24.5,9.3,Khartoum
2024-08-29,29.6,23.7,0.6,Khartoum
2024-08-30,30.0,23.0,10.2,Khartoum
2024-08-31,32.8,23.6,0.0,Khartoum
2024-09-01,32.3,23.1,1.0,Khartoum
2024-09-02,30.9,22.7,1.8,Khartoum
2024-09-03,33.4,23.2,0.0,Khartoum
2024-09-04,36.1,25.1,0.0,Khartoum
2024-09-05,35.8,24.5,13.0,Khartoum
2024-09-06,35.4,24.9,0.0,Khartoum
2024-09-07,37.4,26.2,0.0,Khartoum
2024-09-08,38.8,26.7,0.0,Khartoum
2024-09-09,39.4,27.8,0.0,Khartoum
2024-09-10,39.7,27.7,0.0,Khartoum
2024-09-11,39.1,27.3,0.0,Khartoum
2024-09-12,41.2,28.9,0.0,Khartoum
2024-09-13,41.1,29.5,0.0,Khartoum
2024-09-14,36.7,27.8,0.6,Khartoum
2024-09-15,38.8,27.2,0.0,Khartoum
2024-09-16,40.7,29.3,0.0,Khartoum
2024-09-17,35.3,26.9,0.2,Khartoum
2024-09-18,38.9,26.6,0.0,Khartoum
2024-09-19,39.2,27.6,0.0,Khartoum
2024-09-20,40.6,28.8,0.0,Khartoum
2024-09-21,40.1,27.1,0.0,Khartoum
2024-09-22,40.0,28.1,0.0,Khartoum
2024-09-23,40.4,27.6,0.0,Khartoum
2024-09-24,39.8,28.9,0.0,Khartoum
2024-09-25,40.2,28.8,0.0,Khartoum
2024-09-26,40.9,28.9,0.0,Khartoum
2024-09-27,40.0,28.0,0.0,Khartoum
2024-09-28,40.2,29.1,0.0,Khartoum
2024-09-29,41.3,28.9,0.0,Khartoum
2024-09-30,38.5,27.3,0.0,Khartoum
2024-10-01,39.2,28.6,0.0,Khartoum
2024-10-02,39.8,28.8,0.0,Khartoum
2024-10-03,40.7,29.1,0.0,Khartoum
2024-10-04,39.7,28.0,0.0,Khartoum
2024-10-05,39.4,28.4,0.0,Khartoum
2024-10-06,41.1,28.9,0.0,Khartoum
2024-10-07,41.6,28.3,0.0,Khartoum
2024-10-08,38.6,28.0,0.0,Khartoum
2024-10-09,38.3,28.2,0.0,Khartoum
2024-10-10,38.8,28.7,0.0,Khartoum
2024-10-11,38.6,26.8,0.0,Khartoum
2024-10-12,38.4,27.9,0.0,Khartoum
2024-10-13,38.3,27.7,0.0,Khartoum
2024-10-14,38.9,28.5,0.0,Khartoum
2024-10-15,40.2,27.6,0.0,Khartoum
2024-10-16,40.0,29.1,0.0,Khartoum
2024-10-17,40.1,28.4,0.0,Khartoum
2024-10-18,40.9,27.7,0.0,Khartoum
2024-10-19,39.6,27.5,0.0,Khartoum
2024-10-20,39.7,26.2,0.0,Khartoum
2024-10-21,40.7,26.9,0.0,Khartoum
2024-10-22,40.7,26.3,0.0,Khartoum
2024-10-23,39.6,29.5,0.0,Khartoum
2024-10-24,38.1,27.6,0.0,Khartoum
2024-10-25,37.4,24.7,0.0,Khartoum
2024-10-26,37.5,23.9,0.0,Khartoum
2024-10-27,38.4,23.8,0.0,Khartoum
2024-10-28,38.3,24.5,0.0,Khartoum
2024-10-29,38.8,26.8,0.0,Khartoum
2024-10-30,37.2,25.5,0.0,Khartoum
2024-10-31,34.5,22.8,0.0,Khartoum
2024-11-01,33.6,21.1,0.0,Khartoum
2024-11-02,34.7,20.5,0.0,Khartoum
2024-11-03,35.3,21.8,0.0,Khartoum
2024-11-04,34.0,21.8,0.0,Khartoum
2024-11-05,33.9,20.9,0.0,Khartoum
2024-11-06,35.4,22.2,0.0,Khartoum
2024-11-07,37.0,24.3,0.0,Khartoum
2024-11-08,36.8,24.6,0.0,Khartoum
2024-11-09,37.2,24.9,0.0,Khartoum
2024-11-10,36.9,26.1,0.0,Khartoum
2024-11-11,36.9,25.4,0.0,Khartoum
2024-11-12,37.1,24.6,0.0,Khartoum
2024-11-13,36.6,26.0,0.0,Khartoum
2024-11-14,35.7,26.2,0.0,Khartoum
2024-11-15,37.1,25.8,0.0,Khartoum
2024-11-16,37.1,26.1,0.0,Khartoum
2024-11-17,36.1,24.3,0.0,Khartoum
2024-11-18,35.3,23.0,0.0,Khartoum
2024-11-19,34.1,21.8,0.0,Khartoum
2024-11-20,34.4,21.2,0.0,Khartoum
2024-11-21,34.4,22.8,0.0,Khartoum
2024-11-22,34.4,22.7,0.0,Khartoum
2024-11-23,34.6,22.0,0.0,Khartoum
2024-11-24,33.8,21.7,0.0,Khartoum
2024-11-25,31.5,19.9,0.0,Khartoum
2024-11-26,27.4,17.4,0.0,Khartoum
2024-11-27,27.0,15.4,0.0,Khartoum
2024-11-28,28.8,15.1,0.0,Khartoum
2024-11-29,30.6,16.8,0.0,Khartoum
2024-11-30,30.8,17.2,0.0,Khartoum
2024-12-01,30.5,16.7,0.0,Khartoum
2024-12-02,31.7,17.5,0.0,Khartoum
2024-12-03,31.3,17.9,0.0,Khartoum
2024-12-04,31.7,18.0,0.0,Khartoum
2024-12-05,32.4,18.7,0.0,Khartoum
2024-12-06,35.8,21.0,0.0,Khartoum
2024-12-07,37.3,23.2,0.0,Khartoum
2024-12-08,37.0,23.8,0.0,Khartoum
2024-12-09,35.1,23.1,0.0,Khartoum
2024-12-10,33.0,22.7,0.0,Khartoum
2024-12-11,34.8,22.5,0.0,Khartoum
2024-12-12,35.2,22.9,0.0,Khartoum
2024-12-13,33.8,22.6,0.0,Khartoum
2024-12-14,32.5,21.4,0.0,Khartoum
2024-12-15,31.4,21.0,0.0,Khartoum
2024-12-16,33.0,20.1,0.0,Khartoum
2024-12-17,34.1,21.3,0.0,Khartoum
2024-12-18,34.3,21.2,0.0,Khartoum
2024-12-19,33.8,21.4,0.0,Khartoum
2024-12-20,28.9,19.2,0.0,Khartoum
2024-12-21,29.0,16.9,0.0,Khartoum
2024-12-22,30.0,16.6,0.0,Khartoum
2024-12-23,30.0,17.2,0.0,Khartoum
2024-12-24,28.7,16.1,0.0,Khartoum
2024-12-25,29.1,16.0,0.0,Khartoum
2024-12-26,31.1,17.0,0.0,Khartoum
2024-12-27,31.5,18.4,0.0,Khartoum
2024-12-28,31.3,18.1,0.0,Khartoum
2024-12-29,31.9,18.9,0.0,Khartoum
2024-12-30,30.8,19.1,0.0,Khartoum
2024-12-31,29.2,16.7,0.0,Khartoum
2025-01-01,28.7,16.2,0.0,Khartoum
2025-01-02,29.7,16.6,0.0,Khartoum
2025-01-03,31.3,17.5,0.0,Khartoum
2025-01-04,33.5,19.1,0.0,Khartoum
2025-01-05,33.0,20.3,0.0,Khartoum
2025-01-06,28.4,17.5,0.0,Khartoum
2025-01-07,29.1,15.3,0.0,Khartoum
2025-01-08,31.1,17.5,0.0,Khartoum
2025-01-09,31.5,18.0,0.0,Khartoum
2025-01-10,29.6,17.5,0.0,Khartoum
2025-01-11,27.1,16.2,0.0,Khartoum
2025-01-12,28.4,14.1,0.0,Khartoum
2025-01-13,30.2,17.1,0.0,Khartoum
2025-01-14,31.4,16.6,0.0,Khartoum
2025-01-15,33.2,19.1,0.0,Khartoum
2025-01-16,35.9,21.7,0.0,Khartoum
2025-01-17,35.1,22.2,0.0,Khartoum
2025-01-18,35.5,21.8,0.0,Khartoum
2025-01-19,34.8,22.8,0.0,Khartoum
2025-01-20,35.0,22.4,0.0,Khartoum
2025-01-21,34.4,20.8,0.0,Khartoum
2025-01-22,33.6,20.7,0.0,Khartoum
2025-01-23,32.3,20.5,0.0,Khartoum
2025-01-24,30.1,19.6,0.0,Khartoum
2025-01-25,30.2,16.7,0.0,Khartoum
2025-01-26,30.0,17.6,0.0,Khartoum
2025-01-27,30.5,18.0,0.0,Khartoum
2025-01-28,29.3,17.3,0.0,Khartoum
2025-01-29,28.2,16.2,0.0,Khartoum
2025-01-30,29.7,15.1,0.0,Khartoum
2025-01-31,30.6,17.8,0.0,Khartoum
2025-02-01,31.6,18.6,0.0,Khartoum
2025-02-02,32.3,20.1,0.0,Khartoum
2025-02-03,33.5,20.7,0.0,Khartoum
2025-02-04,35.2,21.5,0.0,Khartoum
2025-02-05,35.3,22.1,0.0,Khartoum
2025-02-06,33.1,20.3,0.0,Khartoum
2025-02-07,32.9,19.1,0.0,Khartoum
2025-02-08,32.1,18.8,0.0,Khartoum
2025-02-09,32.9,18.4,0.0,Khartoum
2025-02-10,33.8,19.1,0.0,Khartoum
2025-02-11,33.9,20.0,0.0,Khartoum
2025-02-12,32.0,20.4,0.0,Khartoum
2025-02-13,32.4,20.7,0.0,Khartoum
2025-02-14,34.8,21.6,0.0,Khartoum
2025-02-15,34.5,22.4,0.0,Khartoum
2025-02-16,32.8,20.3,0.0,Khartoum
2025-02-17,34.9,19.7,0.0,Khartoum
2025-02-18,35.8,21.8,0.0,Khartoum
2025-02-19,35.5,22.1,0.0,Khartoum
2025-02-20,33.7,21.6,0.0,Khartoum
2025-02-21,32.7,20.2,0.0,Khartoum
2025-02-22,33.3,19.6,0.0,Khartoum
2025-02-23,34.6,20.7,0.0,Khartoum
2025-02-24,35.1,22.1,0.0,Khartoum
2025-02-25,35.3,22.5,0.0,Khartoum
2025-02-26,36.4,22.8,0.0,Khartoum
2025-02-27,37.6,23.0,0.0,Khartoum
2025-02-28,35.6,23.8,0.0,Khartoum
2025-03-01,34.6,21.3,0.0,Khartoum
2025-03-02,35.2,21.1,0.0,Khartoum
2025-03-03,35.2,20.4,0.0,Khartoum
2025-03-04,35.2,21.0,0.0,Khartoum
2025-03-05,35.8,20.9,0.0,Khartoum
2025-03-06,32.9,21.3,0.0,Khartoum
2025-03-07,30.8,19.1,0.0,Khartoum
2025-03-08,31.0,18.1,0.0,Khartoum
2025-03-09,32.8,18.9,0.0,Khartoum
2025-03-10,33.2,20.2,0.0,Khartoum
2025-03-11,34.2,20.5,0.0,Khartoum
2025-03-12,35.0,20.3,0.0,Khartoum
2025-03-13,37.0,21.4,0.0,Khartoum
2025-03-14,38.2,23.3,0.0,Khartoum
2025-03-15,38.5,24.5,0.0,Khartoum
2025-03-16,38.4,25.2,0.0,Khartoum
2025-03-17,38.7,24.9,0.0,Khartoum
2025-03-18,39.1,25.5,0.0,Khartoum
2025-03-19,39.7,25.0,0.0,Khartoum
2025-03-20,38.8,26.4,0.0,Khartoum
2025-03-21,35.9,24.9,0.0,Khartoum
2025-03-22,31.0,18.9,0.0,Khartoum
2025-03-23,31.1,16.8,0.0,Khartoum
2025-03-24,33.6,17.6,0.0,Khartoum
2025-03-25,36.5,20.4,0.0,Khartoum
2025-03-26,37.7,23.3,0.0,Khartoum
2025-03-27,38.5,24.7,0.0,Khartoum
2025-03-28,39.7,24.3,0.0,Khartoum
2025-03-29,40.8,27.1,0.0,Khartoum
2025-03-30,41.1,26.6,0.0,Khartoum
2025-03-31,43.3,26.5,0.0,Khartoum
2025-04-01,43.9,29.1,0.0,Khartoum
2025-04-02,44.4,29.7,0.0,Khartoum
2025-04-03,42.5,29.4,0.0,Khartoum
2025-04-04,40.4,28.0,0.0,Khartoum
2025-04-05,39.4,27.1,0.0,Khartoum
2025-04-06,40.4,26.7,0.0,Khartoum
2025-04-07,41.1,26.9,0.0,Khartoum
2025-04-08,41.6,28.1,0.0,Khartoum
2025-04-09,43.0,28.3,0.0,Khartoum
2025-04-10,43.0,29.6,0.0,Khartoum
2025-04-11,37.8,26.7,0.0,Khartoum
2025-04-12,35.0,22.6,0.0,Khartoum
2025-04-13,34.3,21.6,0.0,Khartoum
2025-04-14,35.0,21.3,0.0,Khartoum
2025-04-15,36.8,21.8,0.0,Khartoum
2025-04-16,38.8,23.9,0.0,Khartoum
2025-04-17,40.0,25.1,0.0,Khartoum
2025-04-18,40.2,25.3,0.0,Khartoum
2025-04-19,40.4,26.0,0.0,Khartoum
2025-04-20,40.2,26.3,0.0,Khartoum
2025-04-21,42.9,27.3,0.0,Khartoum
2025-04-22,43.1,31.2,0.0,Khartoum
2025-04-23,43.7,30.1,0.0,Khartoum
2025-04-24,42.8,30.5,0.0,Khartoum
2025-04-25,42.3,30.3,0.0,Khartoum
2025-04-26,41.5,29.9,0.0,Khartoum
2025-04-27,42.0,28.6,0.0,Khartoum
2025-04-28,40.3,27.6,0.0,Khartoum
2025-04-29,39.9,26.6,0.0,Khartoum
2025-04-30,40.8,26.2,0.0,Khartoum
2025-05-01,42.4,27.2,0.0,Khartoum
2025-05-02,41.9,28.3,0.0,Khartoum
2025-05-03,39.4,27.2,0.0,Khartoum
2025-05-04,36.0,24.1,0.0,Khartoum
2025-05-05,35.5,22.9,0.0,Khartoum
2025-05-06,36.3,22.4,0.0,Khartoum
2025-05-07,38.7,24.4,0.0,Khartoum
2025-05-08,40.6,26.1,0.0,Khartoum
2025-05-09,42.2,27.8,0.0,Khartoum
2025-05-10,43.3,30.3,0.0,Khartoum
2025-05-11,44.4,30.7,0.0,Khartoum
2025-05-12,44.0,30.9,0.0,Khartoum
2025-05-13,41.6,31.1,0.0,Khartoum
2025-05-14,42.6,29.7,0.0,Khartoum
2025-05-15,43.2,28.3,0.0,Khartoum
2025-05-16,43.4,30.6,0.0,Khartoum
2025-05-17,44.6,30.1,0.0,Khartoum
2025-05-18,43.9,30.0,0.0,Khartoum
2025-05-19,44.4,30.2,0.0,Khartoum
2025-05-20,44.3,29.1,0.0,Khartoum
2025-05-21,43.8,29.2,0.0,Khartoum
2025-05-22,44.5,29.7,0.0,Khartoum
2025-05-23,42.8,30.4,0.0,Khartoum
2025-05-24,42.9,29.8,0.0,Khartoum
2025-05-25,42.9,29.6,0.0,Khartoum
2025-05-26,42.7,28.9,0.0,Khartoum
2025-05-27,43.1,29.4,0.0,Khartoum
2025-05-28,41.9,27.2,0.0,Khartoum
2025-05-29,40.9,28.3,0.0,Khartoum
2025-05-30,40.3,27.7,0.0,Khartoum
2025-05-31,39.5,26.8,0.0,Khartoum
2025-06-01,40.9,27.3,0.0,Khartoum
2025-06-02,41.5,26.5,0.0,Khartoum
2025-06-03,41.4,28.5,0.0,Khartoum
2025-06-04,40.9,27.8,0.0,Khartoum
2025-06-05,41.5,28.1,0.0,Khartoum
2025-06-06,40.1,27.0,0.0,Khartoum
2025-06-07,42.6,28.6,0.0,Khartoum
2025-06-08,43.7,30.5,0.0,Khartoum
2025-06-09,44.8,30.2,0.0,Khartoum
2025-06-10,44.0,30.7,0.0,Khartoum
2025-06-11,43.1,30.3,0.0,Khartoum
2025-06-12,44.2,30.5,0.0,Khartoum
2025-06-13,45.4,31.4,0.0,Khartoum
2025-06-14,43.2,29.6,0.0,Khartoum
2025-06-15,42.4,30.5,0.0,Khartoum
2025-06-16,42.3,29.6,0.0,Khartoum
2025-06-17,41.2,29.1,0.0,Khartoum
2025-06-18,40.2,28.2,0.0,Khartoum
2025-06-19,40.4,27.4,0.0,Khartoum
2025-06-20,40.4,27.6,0.0,Khartoum
2025-06-21,40.9,27.7,0.0,Khartoum
2025-06-22,41.8,28.7,0.0,Khartoum
2025-06-23,41.3,28.7,0.0,Khartoum
2025-06-24,41.4,29.0,0.0,Khartoum
2025-06-25,41.0,27.3,0.0,Khartoum
2025-06-26,41.4,28.7,0.0,Khartoum
2025-06-27,41.8,29.4,0.0,Khartoum
2025-06-28,40.6,28.4,0.0,Khartoum
2025-06-29,40.5,30.1,0.0,Khartoum
2025-06-30,38.8,29.8,0.0,Khartoum
2025-07-01,38.9,25.6,0.1,Khartoum
2025-07-02,36.8,28.6,0.0,Khartoum
2025-07-03,38.1,26.7,0.0,Khartoum
2025-07-04,40.5,28.1,0.0,Khartoum
2025-07-05,38.5,28.8,0.0,Khartoum
2025-07-06,40.6,29.6,0.0,Khartoum
2025-07-07,40.0,29.6,0.0,Khartoum
2025-07-08,38.8,28.2,0.0,Khartoum
2025-07-09,35.1,28.5,0.0,Khartoum
2025-07-10,38.8,27.6,0.5,Khartoum
2025-07-11,34.3,24.6,1.5,Khartoum
2025-07-12,36.3,26.8,0.0,Khartoum
2025-07-13,37.4,26.7,2.0,Khartoum
2025-07-14,38.4,28.3,0.0,Khartoum
2025-07-15,36.3,27.8,0.3,Khartoum
2025-07-16,33.1,25.9,1.8,Khartoum
2025-07-17,35.7,26.4,0.0,Khartoum
2025-07-18,39.8,28.5,0.2,Khartoum
2025-07-19,33.4,24.5,8.0,Khartoum
2025-07-20,36.9,26.3,0.0,Khartoum
2025-07-21,40.2,28.1,0.0,Khartoum
2025-07-22,37.5,26.8,0.0,Khartoum
2025-07-23,40.4,28.4,0.0,Khartoum
2025-07-24,41.0,29.3,0.0,Khartoum
2025-07-25,41.3,30.6,0.0,Khartoum
2025-07-26,39.0,27.3,0.1,Khartoum
2025-07-27,39.2,28.7,0.0,Khartoum
2025-07-28,39.9,29.2,0.0,Khartoum
2025-07-29,39.5,28.2,0.0,Khartoum
2025-07-30,37.4,28.7,0.0,Khartoum
2025-07-31,38.2,27.8,0.2,Khartoum
2025-08-01,39.1,28.5,0.0,Khartoum
2025-08-02,38.4,26.3,0.0,Khartoum
2025-08-03,37.3,27.4,0.0,Khartoum
2025-08-04,36.3,27.1,0.0,Khartoum
2025-08-05,38.9,27.5,0.0,Khartoum
2025-08-06,39.1,27.2,0.0,Khartoum
2025-08-07,40.9,26.8,0.0,Khartoum
2025-08-08,39.0,26.8,0.0,Khartoum
2025-08-09,37.6,26.8,0.0,Khartoum
2025-08-10,40.0,28.5,0.0,Khartoum
2025-08-11,38.1,28.7,1.1,Khartoum
2025-08-12,38.6,27.0,0.0,Khartoum
2025-08-13,36.4,27.4,0.3,Khartoum
2025-08-14,36.3,27.2,1.4,Khartoum
2025-08-15,34.1,26.6,0.0,Khartoum
2025-08-16,36.6,24.9,0.0,Khartoum
2025-08-17,37.6,26.8,0.0,Khartoum
2025-08-18,37.1,25.3,0.8,Khartoum
2025-08-19,35.5,26.6,0.0,Khartoum
2025-08-20,31.6,25.1,0.0,Khartoum
2025-08-21,31.0,24.9,0.1,Khartoum
2025-08-22,35.5,24.5,0.0,Khartoum
2025-08-23,36.0,25.3,0.9,Khartoum
2025-08-24,29.2,22.6,18.7,Khartoum
2025-08-25,29.7,22.7,6.0,Khartoum
2025-08-26,32.7,23.6,4.1,Khartoum
2025-08-27,29.3,22.7,17.7,Khartoum
2025-08-28,31.4,23.0,0.0,Khartoum
2025-08-29,32.0,23.7,0.1,Khartoum
2025-08-30,34.8,24.4,0.0,Khartoum
2025-08-31,37.1,24.9,0.0,Khartoum
2025-09-01,36.9,26.9,0.5,Khartoum
2025-09-02,37.0,26.4,0.1,Khartoum
2025-09-03,38.5,26.3,0.0,Khartoum
2025-09-04,39.2,27.6,0.0,Khartoum
2025-09-05,39.1,28.0,0.0,Khartoum
2025-09-06,38.1,27.7,0.0,Khartoum
2025-09-07,40.0,27.4,0.0,Khartoum
2025-09-08,40.2,27.7,0.0,Khartoum
2025-09-09,40.1,28.3,0.0,Khartoum
2025-09-10,37.4,27.8,0.0,Khartoum
2025-09-11,37.9,26.0,0.0,Khartoum
2025-09-12,38.0,27.0,0.0,Khartoum
2025-09-13,36.1,25.6,0.4,Khartoum
2025-09-14,40.7,27.7,0.0,Khartoum
2025-09-15,41.0,27.5,0.0,Khartoum
2025-09-16,40.5,28.9,0.0,Khartoum
2025-09-17,37.7,29.3,0.0,Khartoum
2025-09-18,39.0,27.6,0.0,Khartoum
2025-09-19,38.9,28.9,0.2,Khartoum
2025-09-20,35.5,25.0,4.8,Khartoum
2025-09-21,33.6,24.4,1.0,Khartoum
2025-09-22,36.4,25.9,0.4,Khartoum
2025-09-23,38.7,26.9,0.0,Khartoum
2025-09-24,39.3,27.2,0.0,Khartoum
2025-09-25,39.2,26.8,0.0,Khartoum
2025-09-26,39.0,28.2,0.0,Khartoum
2025-09-27,38.4,26.9,0.0,Khartoum
2025-09-28,39.6,29.0,0.3,Khartoum
2025-09-29,41.8,27.7,0.0,Khartoum
2025-09-30,40.7,28.1,0.0,Khartoum
2025-10-01,38.7,27.8,0.0,Khartoum
2025-10-02,39.0,27.0,0.0,Khartoum
2025-10-03,38.7,27.4,0.0,Khartoum
2025-10-04,37.4,27.7,0.0,Khartoum
2025-10-05,39.2,27.3,0.0,Khartoum
2025-10-06,40.6,27.6,0.0,Khartoum
2025-10-07,37.9,27.9,0.0,Khartoum
2025-10-08,38.7,28.6,0.2,Khartoum
2025-10-09,38.3,28.0,0.0,Khartoum
2025-10-10,39.2,27.6,0.0,Khartoum
2025-10-11,40.1,25.7,0.0,Khartoum
2025-10-12,39.9,25.9,0.0,Khartoum
2025-10-13,39.1,26.6,0.0,Khartoum
2025-10-14,39.3,27.0,0.0,Khartoum
2025-10-15,39.6,27.4,0.0,Khartoum
2025-10-16,39.7,27.6,0.0,Khartoum
2025-10-17,39.4,27.6,0.0,Khartoum
2025-10-18,39.4,27.8,0.0,Khartoum
2025-10-19,39.3,27.9,0.0,Khartoum
2025-10-20,38.8,27.5,0.0,Khartoum
2025-10-21,38.3,25.4,0.0,Khartoum
2025-10-22,37.8,26.8,0.0,Khartoum
2025-10-23,36.6,28.1,0.2,Khartoum
2025-10-24,38.7,26.6,0.0,Khartoum
2025-10-25,38.9,27.2,0.0,Khartoum
2025-10-26,38.2,26.0,0.0,Khartoum
2025-10-27,38.4,25.5,0.0,Khartoum
2025-10-28,38.7,26.1,0.0,Khartoum
2025-10-29,39.2,26.4,0.0,Khartoum
2025-10-30,38.8,25.7,0.0,Khartoum
2025-10-31,38.5,25.9,0.0,Khartoum
2025-11-01,38.3,25.3,0.0,Khartoum
2025-11-02,38.3,26.1,0.0,Khartoum
2025-11-03,38.9,27.9,0.0,Khartoum
2025-11-04,38.1,26.6,0.0,Khartoum
2025-11-05,37.5,25.3,0.0,Khartoum
2025-11-06,36.9,24.3,0.0,Khartoum
2025-11-07,36.2,23.9,0.0,Khartoum
2025-11-08,37.0,23.7,0.0,Khartoum
2025-11-09,37.3,24.7,0.0,Khartoum
2025-11-10,38.1,26.1,0.0,Khartoum
2025-11-11,37.3,26.1,0.0,Khartoum
2025-11-12,36.6,25.5,0.0,Khartoum
2025-11-13,36.1,24.7,0.0,Khartoum
2025-11-14,33.6,23.8,0.0,Khartoum
2025-11-15,31.7,19.7,0.0,Khartoum
2025-11-16,32.8,19.5,0.0,Khartoum
2025-11-17,35.5,22.2,0.0,Khartoum
2025-11-18,36.3,24.5,0.0,Khartoum
2025-11-19,35.8,24.6,0.0,Khartoum
2025-11-20,36.3,23.3,0.0,Khartoum
2025-11-21,36.9,23.3,0.0,Khartoum
2025-11-22,37.6,25.3,0.0,Khartoum
2025-11-23,37.7,25.1,0.0,Khartoum
2025-11-24,36.1,25.0,0.0,Khartoum
2025-11-25,34.3,23.0,0.0,Khartoum
2025-11-26,34.7,21.5,0.0,Khartoum
2025-11-27,35.5,22.8,0.0,Khartoum
2025-11-28,35.9,23.6,0.0,Khartoum
2025-11-29,36.2,24.8,0.0,Khartoum
2025-11-30,36.5,24.4,0.0,Khartoum
2025-12-01,35.5,24.2,0.0,Khartoum
2025-12-02,35.7,23.6,0.0,Khartoum
2025-12-03,35.5,23.1,0.0,Khartoum
2025-12-04,36.4,23.3,0.0,Khartoum
2025-12-05,37.1,24.4,0.0,Khartoum
2025-12-06,37.2,24.8,0.0,Khartoum
2025-12-07,37.7,25.1,0.0,Khartoum
2025-12-08,35.8,24.6,0.0,Khartoum
2025-12-09,32.8,21.9,0.0,Khartoum
2025-12-10,30.5,19.3,0.0,Khartoum
2025-12-11,30.4,18.2,0.0,Khartoum
2025-12-12,30.3,17.5,0.0,Khartoum
2025-12-13,31.0,18.6,0.0,Khartoum
2025-12-14,29.9,18.9,0.0,Khartoum
2025-12-15,27.1,16.5,0.0,Khartoum
2025-12-16,27.6,15.9,0.0,Khartoum
2025-12-17,27.2,15.4,0.0,Khartoum
2025-12-18,28.7,14.9,0.0,Khartoum
2025-12-19,28.4,17.8,0.0,Khartoum
2025-12-20,28.1,15.6,0.0,Khartoum
2025-12-21,30.1,15.5,0.0,Khartoum
2025-12-22,31.8,17.2,0.0,Khartoum
2025-12-23,33.3,18.7,0.0,Khartoum
2025-12-24,34.8,20.2,0.0,Khartoum
2025-12-25,34.8,21.5,0.0,Khartoum
2025-12-26,33.2,22.4,0.0,Khartoum
2025-12-27,31.9,20.5,0.0,Khartoum
2025-12-28,31.1,18.4,0.0,Khartoum
2025-12-29,31.8,18.2,0.0,Khartoum
2025-12-30,30.2,17.6,0.0,Khartoum
2025-12-31,30.9,15.7,0.0,Khartoum
2026-01-01,32.3,17.7,0.0,Khartoum
2026-01-02,33.5,18.0,0.0,Khartoum
2026-01-03,33.4,19.6,0.0,Khartoum
2026-01-04,33.0,21.0,0.0,Khartoum
2026-01-05,31.8,19.5,0.0,Khartoum
2026-01-06,32.4,19.6,0.0,Khartoum
2026-01-07,33.7,20.6,0.0,Khartoum
2026-01-08,34.5,20.7,0.0,Khartoum
2026-01-09,33.7,21.1,0.0,Khartoum
2026-01-10,31.9,20.9,0.0,Khartoum
2026-01-11,33.2,20.3,0.0,Khartoum
2026-01-12,33.3,21.5,0.0,Khartoum
2026-01-13,32.7,21.2,0.0,Khartoum
2026-01-14,30.9,19.4,0.0,Khartoum
2026-01-15,29.6,17.7,0.0,Khartoum
2026-01-16,29.3,16.3,0.0,Khartoum
2026-01-17,30.8,16.6,0.0,Khartoum
2026-01-18,31.8,18.3,0.0,Khartoum
2026-01-19,32.6,18.7,0.0,Khartoum
2026-01-20,33.5,20.3,0.0,Khartoum
2026-01-21,35.4,20.6,0.0,Khartoum
2026-01-22,36.6,20.8,0.0,Khartoum
2026-01-23,37.0,22.4,0.0,Khartoum
2026-01-24,36.7,23.0,0.0,Khartoum
2026-01-25,35.8,22.4,0.0,Khartoum
2026-01-26,36.3,22.9,0.0,Khartoum
2026-01-27,34.6,22.4,0.0,Khartoum
2026-01-28,33.6,22.3,0.0,Khartoum
2026-01-29,33.1,20.1,0.0,Khartoum
2026-01-30,33.3,19.5,0.0,Khartoum
2026-01-31,34.1,19.2,0.0,Khartoum
2026-02-01,35.1,19.8,0.0,Khartoum
2026-02-02,35.3,21.0,0.0,Khartoum
2026-02-03,35.2,22.2,0.0,Khartoum
2026-02-04,34.0,22.0,0.0,Khartoum
2026-02-05,33.8,21.1,0.0,Khartoum
2026-02-06,34.3,21.1,0.0,Khartoum
2026-02-07,34.7,20.1,0.0,Khartoum
2026-02-08,35.0,21.1,0.0,Khartoum
2026-02-09,35.5,20.3,0.0,Khartoum
2026-02-10,36.8,21.5,0.0,Khartoum
2026-02-11,37.7,24.4,0.0,Khartoum
2026-02-12,36.8,23.7,0.0,Khartoum
2026-02-13,36.3,23.6,0.0,Khartoum
2026-02-14,35.9,22.2,0.0,Khartoum
2026-02-15,36.7,21.9,0.0,Khartoum
2026-02-16,38.9,23.1,0.0,Khartoum
2026-02-17,38.5,25.1,0.0,Khartoum
2026-02-18,36.7,23.8,0.0,Khartoum
2026-02-19,35.9,23.6,0.0,Khartoum
2026-02-20,35.8,23.0,0.0,Khartoum
2026-02-21,34.8,21.8,0.0,Khartoum
2026-02-22,33.0,20.6,0.0,Khartoum
2026-02-23,31.6,18.7,0.0,Khartoum
2026-02-24,29.8,16.9,0.0,Khartoum
2026-02-25,31.2,17.0,0.0,Khartoum
2026-02-26,31.7,18.1,0.0,Khartoum
2026-02-27,31.8,18.6,0.0,Khartoum
2026-02-28,30.0,18.0,0.0,Khartoum
2026-03-01,28.4,16.3,0.0,Khartoum
2026-03-02,27.8,15.6,0.0,Khartoum
2026-03-03,26.4,14.6,0.0,Khartoum
2026-03-04,29.5,14.2,0.0,Khartoum
2026-03-05,31.0,17.2,0.0,Khartoum
2026-03-06,33.6,18.3,0.0,Khartoum
2026-03-07,33.9,19.9,0.0,Khartoum
2026-03-08,33.3,19.9,0.0,Khartoum
2026-03-09,32.8,20.3,0.0,Khartoum
2026-03-10,33.7,19.6,0.0,Khartoum
2026-03-11,34.7,20.9,0.0,Khartoum
2026-03-12,36.4,21.5,0.0,Khartoum
2026-03-13,38.9,23.0,0.0,Khartoum
2026-03-14,41.9,23.3,0.0,Khartoum
2026-03-15,41.9,24.7,0.0,Khartoum
2026-03-16,39.1,24.6,0.0,Khartoum
2026-03-17,40.1,26.2,0.0,Khartoum
2026-03-18,41.2,27.5,0.0,Khartoum
2026-03-19,35.6,27.8,0.0,Khartoum
2026-03-20,34.9,21.9,0.0,Khartoum
2026-03-21,35.1,21.4,0.0,Khartoum
2026-03-22,37.2,21.9,0.0,Khartoum
2026-03-23,38.8,24.0,0.0,Khartoum
2026-03-24,38.8,26.1,0.0,Khartoum
2026-03-25,39.7,25.6,0.0,Khartoum
2026-03-26,32.2,25.6,0.0,Khartoum
2026-03-27,33.1,20.9,0.0,Khartoum
2026-03-28,35.9,21.0,0.0,Khartoum
2026-03-29,36.8,21.7,0.0,Khartoum
2026-03-30,39.7,23.9,0.0,Khartoum
2026-03-31,41.6,26.5,0.0,Khartoum
2026-04-01,42.1,27.0,0.0,Khartoum
2026-04-02,43.1,27.8,0.0,Khartoum
2026-04-03,43.6,30.8,0.0,Khartoum
2026-04-04,39.7,29.7,0.0,Khartoum
2026-04-05,38.8,27.8,0.0,Khartoum
2026-04-06,38.7,26.5,0.0,Khartoum
2026-04-07,38.5,27.0,0.0,Khartoum
2026-04-08,39.6,26.9,0.0,Khartoum
2026-04-09,37.0,26.1,0.0,Khartoum
2026-04-10,35.5,22.8,0.0,Khartoum
2026-04-11,35.5,21.7,0.0,Khartoum
2026-04-12,36.4,21.9,0.0,Khartoum
2026-04-13,36.2,22.4,0.0,Khartoum
2026-04-14,37.7,22.7,0.0,Khartoum
2026-04-15,39.1,23.8,0.0,Khartoum
2026-04-16,40.4,24.2,0.0,Khartoum
2026-04-17,41.6,24.2,0.0,Khartoum
2026-04-18,42.9,27.3,0.0,Khartoum
2026-04-19,43.1,28.1,0.0,Khartoum
2026-04-20,40.8,28.9,0.0,Khartoum
2026-04-21,38.7,26.9,0.0,Khartoum
2026-04-22,37.3,25.0,0.0,Khartoum
2026-04-23,36.3,23.1,0.0,Khartoum
2026-04-24,37.5,24.2,0.0,Khartoum
2026-04-25,40.3,26.0,0.0,Khartoum
2026-04-26,40.5,27.6,0.0,Khartoum
2026-04-27,40.3,28.5,0.0,Khartoum
2026-04-28,37.0,26.5,0.0,Khartoum
2026-04-29,36.2,22.6,0.0,Khartoum
2026-04-30,38.3,23.3,0.0,Khartoum
2026-05-01,39.5,24.9,0.0,Khartoum
2026-05-02,41.5,26.4,0.0,Khartoum
2026-05-03,42.7,27.9,0.0,Khartoum
2026-05-04,43.4,29.1,0.0,Khartoum
2026-05-05,42.3,30.3,0.0,Khartoum
2026-05-06,41.6,29.2,0.0,Khartoum
2026-05-07,41.4,28.8,0.0,Khartoum
2026-05-08,40.9,27.7,0.0,Khartoum
2026-05-09,41.8,27.9,0.0,Khartoum
2026-05-10,42.2,29.5,0.0,Khartoum
2026-05-11,42.2,29.8,0.0,Khartoum
2026-05-12,42.2,29.6,0.0,Khartoum
2026-05-13,42.9,30.7,0.0,Khartoum
2026-05-14,40.8,30.8,0.4,Khartoum
2026-05-15,42.0,32.0,0.7,Khartoum
2026-05-16,43.6,29.5,0.0,Khartoum
2026-05-17,43.1,29.8,0.0,Khartoum
2026-05-18,42.5,29.6,0.0,Khartoum
2026-05-19,43.9,31.1,0.0,Khartoum
2026-05-20,43.1,29.4,0.0,Khartoum
2026-05-21,42.1,30.6,0.0,Khartoum
2026-05-22,41.9,31.0,0.0,Khartoum
2026-05-23,44.1,31.5,0.0,Khartoum
2026-05-24,44.7,32.8,0.0,Khartoum
2026-05-25,43.2,30.7,0.0,Khartoum
2026-05-26,43.3,30.9,0.0,Khartoum
2026-05-27,42.7,30.1,0.0,Khartoum
2026-05-28,42.4,30.7,0.0,Khartoum
2026-05-29,41.3,30.9,0.0,Khartoum
2026-05-30,42.3,30.6,0.0,Khartoum
2026-05-31,42.5,30.1,0.0,Khartoum
2026-06-01,43.4,31.2,0.0,Khartoum
2026-06-02,42.6,30.3,0.0,Khartoum
2026-06-03,43.8,30.7,0.0,Khartoum
2026-06-04,42.7,30.9,0.0,Khartoum
2026-06-05,43.3,31.0,0.0,Khartoum
2026-06-06,40.6,30.3,0.0,Khartoum
2026-06-07,41.8,30.0,0.0,Khartoum
2026-06-08,43.3,31.9,0.0,Khartoum
2026-06-09,43.3,30.7,0.0,Khartoum
2026-06-10,42.7,31.7,0.0,Khartoum
2026-06-11,41.4,30.5,0.5,Khartoum
2026-06-12,44.8,31.6,0.0,Khartoum
2026-06-13,44.8,31.7,0.0,Khartoum
2026-06-14,43.6,32.5,0.0,Khartoum
2026-06-15,38.9,30.8,0.0,Khartoum
2026-06-16,39.3,29.5,0.2,Khartoum
2026-06-17,40.4,29.4,0.0,Khartoum
2026-06-18,42.2,30.2,0.0,Khartoum
2026-06-19,42.3,29.7,0.0,Khartoum
2026-06-20,43.0,30.1,0.0,Khartoum
2026-06-21,44.6,31.4,0.0,Khartoum
2026-06-22,43.7,31.3,0.0,Khartoum
2026-06-23,37.5,30.9,0.0,Khartoum
2026-06-24,38.7,27.6,0.0,Khartoum
2026-06-25,41.0,28.6,0.0,Khartoum
2026-06-26,39.3,29.0,0.0,Khartoum
2026-06-27,40.3,27.5,0.0,Khartoum
2026-06-28,41.0,28.9,0.0,Khartoum
2026-06-29,42.3,30.0,0.0,Khartoum
2026-06-30,42.5,28.9,0.0,Khartoum
2026-07-01,43.4,30.5,0.0,Khartoum
2026-07-02,41.7,29.8,0.0,Khartoum
2026-07-03,41.4,28.8,0.0,Khartoum
2026-07-04,41.8,29.4,0.0,Khartoum
2026-07-05,42.1,29.1,0.0,Khartoum
2026-07-06,43.5,29.7,0.0,Khartoum
2026-07-07,41.1,31.1,0.0,Khartoum
2026-07-08,39.6,30.5,0.0,Khartoum
2026-07-09,40.6,29.1,0.2,Khartoum
2026-07-10,38.2,29.7,0.0,Khartoum
2026-07-11,41.2,28.8,0.0,Khartoum
2026-07-12,40.5,29.6,0.0,Khartoum
2026-07-13,41.7,29.3,0.0,Khartoum
2026-07-14,41.0,29.2,0.0,Khartoum
2026-07-15,41.4,29.6,0.0,Khartoum
2026-07-16,42.0,31.1,0.0,Khartoum
2026-07-17,39.4,28.1,0.0,Khartoum
2026-07-18,38.5,28.3,0.5,Khartoum
2026-07-19,35.8,29.2,0.0,Khartoum
2026-07-20,40.5,28.5,0.2,Khartoum
2026-07-21,42.6,30.8,0.0,Khartoum
2026-07-22,40.6,31.0,0.0,Khartoum
2026-07-23,36.5,29.4,0.0,Khartoum
2026-07-24,41.0,29.4,0.4,Khartoum
2026-07-25,37.0,28.2,0.0,Khartoum
2026-07-26,32.8,27.0,0.0,Khartoum
2026-07-27,36.4,28.1,0.0,Khartoum
2026-07-28,38.0,29.6,0.0,Khartoum
2026-07-29,39.5,26.8,0.0,Khartoum
2026-07-30,40.8,29.4,0.0,Khartoum
2026-07-31,40.1,28.2,0.0,Khartoum
2026-08-01,39.3,29.7,0.0,Khartoum
2026-08-02,33.4,27.1,0.0,Khartoum
2026-08-03,38.3,28.2,0.3,Khartoum
2026-08-04,39.9,29.0,0.6,Khartoum
2026-08-05,39.7,26.5,0.0,Khartoum
2026-08-06,41.4,28.8,0.0,Khartoum
2026-08-07,41.3,29.4,0.0,Khartoum
2026-08-08,40.8,29.8,0.1,Khartoum
2026-08-09,36.6,29.0,0.1,Khartoum
2026-08-10,39.7,27.3,0.1,Khartoum
2026-08-11,39.3,27.0,0.4,Khartoum
2026-08-12,39.5,27.1,0.0,Khartoum
2026-08-13,41.6,29.8,0.0,Khartoum
2026-08-14,41.4,30.0,0.0,Khartoum
2026-08-15,38.6,27.4,0.4,Khartoum
2026-08-16,40.3,28.1,0.0,Khartoum
2026-08-17,40.7,29.0,0.0,Khartoum
2026-08-18,41.1,29.4,0.0,Khartoum
2026-08-19,41.6,29.8,0.0,Khartoum
2026-08-20,42.2,29.0,0.0,Khartoum
2026-08-21,41.4,29.9,0.0,Khartoum
2026-08-22,38.9,28.9,0.0,Khartoum
2026-08-23,39.1,27.4,0.0,Khartoum
2026-08-24,40.6,28.3,0.0,Khartoum
2026-08-25,40.6,29.4,0.0,Khartoum
2026-08-26,42.4,29.0,0.0,Khartoum
2026-08-27,42.3,30.1,0.0,Khartoum
2026-08-28,40.2,28.4,0.0,Khartoum
2026-08-29,41.7,30.6,0.0,Khartoum
2026-08-30,42.5,28.2,2.3,Khartoum
2026-08-31,39.3,27.0,0.2,Khartoum
